[debug] [2026-05-06T07:39:50.598Z] [Firebase Plugin] Activating Firebase extension.
[info] [Firebase Plugin] Unable to check firebase-tools installation: TypeError: fetch failed
[debug] [2026-05-06T07:40:38.798Z] [Firebase Plugin] requireAuthWrapper
[debug] [2026-05-06T07:40:38.809Z] > command requires scopes: ["email","openid","https://www.googleapis.com/auth/cloudplatformprojects.readonly","https://www.googleapis.com/auth/firebase","https://www.googleapis.com/auth/cloud-platform"]
[debug] [2026-05-06T07:40:39.317Z] [Firebase Plugin] VSCode notification server listening on port 40001
[info] [Firebase Plugin] Stopping SQL Connect toolkit
[error] [Firebase Plugin] requireAuth error: Could not load the default credentials. Browse to https://cloud.google.com/docs/authentication/getting-started for more information.
[debug] [2026-05-06T07:40:50.984Z] [Firebase Plugin] Activating Firebase extension.
[debug] [2026-05-06T07:40:58.650Z] [Firebase Plugin] requireAuthWrapper
[debug] [2026-05-06T07:40:58.652Z] > command requires scopes: ["email","openid","https://www.googleapis.com/auth/cloudplatformprojects.readonly","https://www.googleapis.com/auth/firebase","https://www.googleapis.com/auth/cloud-platform"]
[debug] [2026-05-06T07:40:58.673Z] [Firebase Plugin] VSCode notification server listening on port 40001
[error] [Firebase Plugin] requireAuth error: Could not load the default credentials. Browse to https://cloud.google.com/docs/authentication/getting-started for more information.
[info] [Firebase Plugin] Starting SQL Connect toolkit (version 3.4.6) on port 50001
[info] i  dataconnect: downloading dataconnect-emulator-3.4.6.exe... {"metadata":{"emulator":{"name":"dataconnect"},"message":"downloading dataconnect-emulator-3.4.6.exe..."}}
[debug] [2026-05-06T07:40:59.030Z] >>> [apiv2][query] GET https://storage.googleapis.com/firemat-preview-drop/emulator/dataconnect-emulator-windows-amd64-v3.4.6 
[debug] [2026-05-06T07:40:59.390Z] <<< [apiv2][status] GET https://storage.googleapis.com/firemat-preview-drop/emulator/dataconnect-emulator-windows-amd64-v3.4.6 200
[debug] [2026-05-06T07:40:59.391Z] <<< [apiv2][body] GET https://storage.googleapis.com/firemat-preview-drop/emulator/dataconnect-emulator-windows-amd64-v3.4.6 [stream]
[debug] [2026-05-06T07:41:06.022Z] 'fdc build' failed with error: Unable to build your SQL Connect schema and connectors (exit code 1): E0506 04:41:05.997770   18088 cmd.go:43] Error loading data connect config: could not find dataconnect.yaml in `c:\Users\claud\OneDrive\Documentos\NeuroAds\LP\dataconnect`
 {"metadata":{"emulator":{"name":"dataconnect"},"message":"'fdc build' failed with error: Unable to build your SQL Connect schema and connectors (exit code 1): E0506 04:41:05.997770   18088 cmd.go:43] Error loading data connect config: could not find dataconnect.yaml in `c:\\Users\\claud\\OneDrive\\Documentos\\NeuroAds\\LP\\dataconnect`\n"}}
[debug] [2026-05-06T07:41:06.024Z] Ignoring unsupported arg: auto_download {"metadata":{"emulator":{"name":"dataconnect"},"message":"Ignoring unsupported arg: auto_download"}}
[debug] [2026-05-06T07:41:06.024Z] Ignoring unsupported arg: port {"metadata":{"emulator":{"name":"dataconnect"},"message":"Ignoring unsupported arg: port"}}
[debug] [2026-05-06T07:41:06.025Z] Starting SQL Connect Emulator with command {"binary":"C:\\Users\\claud\\.cache\\firebase\\emulators\\dataconnect-emulator-3.4.6.exe","args":["--logtostderr","-v=2","dev","--listen=localhost:50001","--config_dir=c:\\Users\\claud\\OneDrive\\Documentos\\NeuroAds\\LP\\dataconnect","--enable_output_schema_extensions=true","--enable_output_generated_sdk=true"],"optionalArgs":["listen","config_dir","enable_output_schema_extensions","enable_output_generated_sdk"],"joinArgs":true,"shell":false,"port":9399} {"metadata":{"emulator":{"name":"dataconnect"},"message":"Starting SQL Connect Emulator with command {\"binary\":\"C:\\\\Users\\\\claud\\\\.cache\\\\firebase\\\\emulators\\\\dataconnect-emulator-3.4.6.exe\",\"args\":[\"--logtostderr\",\"-v=2\",\"dev\",\"--listen=localhost:50001\",\"--config_dir=c:\\\\Users\\\\claud\\\\OneDrive\\\\Documentos\\\\NeuroAds\\\\LP\\\\dataconnect\",\"--enable_output_schema_extensions=true\",\"--enable_output_generated_sdk=true\"],\"optionalArgs\":[\"listen\",\"config_dir\",\"enable_output_schema_extensions\",\"enable_output_generated_sdk\"],\"joinArgs\":true,\"shell\":false,\"port\":9399}"}}
[info] i  dataconnect: SQL Connect Emulator logging to dataconnect-debug.log {"metadata":{"emulator":{"name":"dataconnect"},"message":"SQL Connect Emulator logging to \u001b[1mdataconnect-debug.log\u001b[22m"}}
[debug] [2026-05-06T07:41:06.515Z] E0506 04:41:06.079916   15908 dev.go:83] Failed to load initial config from "c:\\Users\\claud\\OneDrive\\Documentos\\NeuroAds\\LP\\dataconnect": could not find dataconnect.yaml in `c:\Users\claud\OneDrive\Documentos\NeuroAds\LP\dataconnect`
E0506 04:41:06.107202   15908 watch.go:116] watchAllDir unable to walk dir `c:\Users\claud\OneDrive\Documentos\NeuroAds\LP\dataconnect`: GetFileAttributesEx c:\Users\claud\OneDrive\Documentos\NeuroAds\LP\dataconnect: The system cannot find the file specified.
I0506 04:41:06.126559   15908 dev.go:104] Listening on address (HTTP + gRPC): 127.0.0.1:50001
 {"metadata":{"emulator":{"name":"dataconnect"},"message":"E0506 04:41:06.079916   15908 dev.go:83] Failed to load initial config from \"c:\\\\Users\\\\claud\\\\OneDrive\\\\Documentos\\\\NeuroAds\\\\LP\\\\dataconnect\": could not find dataconnect.yaml in `c:\\Users\\claud\\OneDrive\\Documentos\\NeuroAds\\LP\\dataconnect`\nE0506 04:41:06.107202   15908 watch.go:116] watchAllDir unable to walk dir `c:\\Users\\claud\\OneDrive\\Documentos\\NeuroAds\\LP\\dataconnect`: GetFileAttributesEx c:\\Users\\claud\\OneDrive\\Documentos\\NeuroAds\\LP\\dataconnect: The system cannot find the file specified.\nI0506 04:41:06.126559   15908 dev.go:104] Listening on address (HTTP + gRPC): 127.0.0.1:50001\n"}}
[error] [Firebase Plugin] error:  {}
[debug] [2026-05-06T07:41:16.110Z] E0506 04:41:16.109231   15908 watch.go:40] Failed to load config from "c:\\Users\\claud\\OneDrive\\Documentos\\NeuroAds\\LP\\dataconnect": could not find dataconnect.yaml in `c:\Users\claud\OneDrive\Documentos\NeuroAds\LP\dataconnect`
 {"metadata":{"emulator":{"name":"dataconnect"},"message":"E0506 04:41:16.109231   15908 watch.go:40] Failed to load config from \"c:\\\\Users\\\\claud\\\\OneDrive\\\\Documentos\\\\NeuroAds\\\\LP\\\\dataconnect\": could not find dataconnect.yaml in `c:\\Users\\claud\\OneDrive\\Documentos\\NeuroAds\\LP\\dataconnect`\n"}}
[debug] [2026-05-06T07:41:31.453Z] E0506 04:41:26.108465   15908 watch.go:40] Failed to load config from "c:\\Users\\claud\\OneDrive\\Documentos\\NeuroAds\\LP\\dataconnect": could not find dataconnect.yaml in `c:\Users\claud\OneDrive\Documentos\NeuroAds\LP\dataconnect`
 {"metadata":{"emulator":{"name":"dataconnect"},"message":"E0506 04:41:26.108465   15908 watch.go:40] Failed to load config from \"c:\\\\Users\\\\claud\\\\OneDrive\\\\Documentos\\\\NeuroAds\\\\LP\\\\dataconnect\": could not find dataconnect.yaml in `c:\\Users\\claud\\OneDrive\\Documentos\\NeuroAds\\LP\\dataconnect`\n"}}
[debug] [2026-05-06T07:41:43.071Z] E0506 04:41:36.108313   15908 watch.go:40] Failed to load config from "c:\\Users\\claud\\OneDrive\\Documentos\\NeuroAds\\LP\\dataconnect": could not find dataconnect.yaml in `c:\Users\claud\OneDrive\Documentos\NeuroAds\LP\dataconnect`
 {"metadata":{"emulator":{"name":"dataconnect"},"message":"E0506 04:41:36.108313   15908 watch.go:40] Failed to load config from \"c:\\\\Users\\\\claud\\\\OneDrive\\\\Documentos\\\\NeuroAds\\\\LP\\\\dataconnect\": could not find dataconnect.yaml in `c:\\Users\\claud\\OneDrive\\Documentos\\NeuroAds\\LP\\dataconnect`\n"}}
[debug] [2026-05-06T07:41:59.670Z] E0506 04:41:46.109480   15908 watch.go:40] Failed to load config from "c:\\Users\\claud\\OneDrive\\Documentos\\NeuroAds\\LP\\dataconnect": could not find dataconnect.yaml in `c:\Users\claud\OneDrive\Documentos\NeuroAds\LP\dataconnect`
E0506 04:41:56.108873   15908 watch.go:40] Failed to load config from "c:\\Users\\claud\\OneDrive\\Documentos\\NeuroAds\\LP\\dataconnect": could not find dataconnect.yaml in `c:\Users\claud\OneDrive\Documentos\NeuroAds\LP\dataconnect`
 {"metadata":{"emulator":{"name":"dataconnect"},"message":"E0506 04:41:46.109480   15908 watch.go:40] Failed to load config from \"c:\\\\Users\\\\claud\\\\OneDrive\\\\Documentos\\\\NeuroAds\\\\LP\\\\dataconnect\": could not find dataconnect.yaml in `c:\\Users\\claud\\OneDrive\\Documentos\\NeuroAds\\LP\\dataconnect`\nE0506 04:41:56.108873   15908 watch.go:40] Failed to load config from \"c:\\\\Users\\\\claud\\\\OneDrive\\\\Documentos\\\\NeuroAds\\\\LP\\\\dataconnect\": could not find dataconnect.yaml in `c:\\Users\\claud\\OneDrive\\Documentos\\NeuroAds\\LP\\dataconnect`\n"}}
[debug] [2026-05-06T07:42:06.311Z] E0506 04:42:06.107966   15908 watch.go:116] watchAllDir unable to walk dir `c:\Users\claud\OneDrive\Documentos\NeuroAds\LP\dataconnect`: GetFileAttributesEx c:\Users\claud\OneDrive\Documentos\NeuroAds\LP\dataconnect: The system cannot find the file specified.
E0506 04:42:06.108514   15908 watch.go:40] Failed to load config from "c:\\Users\\claud\\OneDrive\\Documentos\\NeuroAds\\LP\\dataconnect": could not find dataconnect.yaml in `c:\Users\claud\OneDrive\Documentos\NeuroAds\LP\dataconnect`
 {"metadata":{"emulator":{"name":"dataconnect"},"message":"E0506 04:42:06.107966   15908 watch.go:116] watchAllDir unable to walk dir `c:\\Users\\claud\\OneDrive\\Documentos\\NeuroAds\\LP\\dataconnect`: GetFileAttributesEx c:\\Users\\claud\\OneDrive\\Documentos\\NeuroAds\\LP\\dataconnect: The system cannot find the file specified.\nE0506 04:42:06.108514   15908 watch.go:40] Failed to load config from \"c:\\\\Users\\\\claud\\\\OneDrive\\\\Documentos\\\\NeuroAds\\\\LP\\\\dataconnect\": could not find dataconnect.yaml in `c:\\Users\\claud\\OneDrive\\Documentos\\NeuroAds\\LP\\dataconnect`\n"}}
[debug] [2026-05-06T07:42:16.108Z] E0506 04:42:16.108568   15908 watch.go:40] Failed to load config from "c:\\Users\\claud\\OneDrive\\Documentos\\NeuroAds\\LP\\dataconnect": could not find dataconnect.yaml in `c:\Users\claud\OneDrive\Documentos\NeuroAds\LP\dataconnect`
 {"metadata":{"emulator":{"name":"dataconnect"},"message":"E0506 04:42:16.108568   15908 watch.go:40] Failed to load config from \"c:\\\\Users\\\\claud\\\\OneDrive\\\\Documentos\\\\NeuroAds\\\\LP\\\\dataconnect\": could not find dataconnect.yaml in `c:\\Users\\claud\\OneDrive\\Documentos\\NeuroAds\\LP\\dataconnect`\n"}}
[debug] [2026-05-06T07:42:26.107Z] E0506 04:42:26.108385   15908 watch.go:40] Failed to load config from "c:\\Users\\claud\\OneDrive\\Documentos\\NeuroAds\\LP\\dataconnect": could not find dataconnect.yaml in `c:\Users\claud\OneDrive\Documentos\NeuroAds\LP\dataconnect`
 {"metadata":{"emulator":{"name":"dataconnect"},"message":"E0506 04:42:26.108385   15908 watch.go:40] Failed to load config from \"c:\\\\Users\\\\claud\\\\OneDrive\\\\Documentos\\\\NeuroAds\\\\LP\\\\dataconnect\": could not find dataconnect.yaml in `c:\\Users\\claud\\OneDrive\\Documentos\\NeuroAds\\LP\\dataconnect`\n"}}
[debug] [2026-05-06T07:42:36.116Z] E0506 04:42:36.115123   15908 watch.go:40] Failed to load config from "c:\\Users\\claud\\OneDrive\\Documentos\\NeuroAds\\LP\\dataconnect": could not find dataconnect.yaml in `c:\Users\claud\OneDrive\Documentos\NeuroAds\LP\dataconnect`
 {"metadata":{"emulator":{"name":"dataconnect"},"message":"E0506 04:42:36.115123   15908 watch.go:40] Failed to load config from \"c:\\\\Users\\\\claud\\\\OneDrive\\\\Documentos\\\\NeuroAds\\\\LP\\\\dataconnect\": could not find dataconnect.yaml in `c:\\Users\\claud\\OneDrive\\Documentos\\NeuroAds\\LP\\dataconnect`\n"}}
[debug] [2026-05-06T07:42:46.154Z] E0506 04:42:46.153878   15908 watch.go:40] Failed to load config from "c:\\Users\\claud\\OneDrive\\Documentos\\NeuroAds\\LP\\dataconnect": could not find dataconnect.yaml in `c:\Users\claud\OneDrive\Documentos\NeuroAds\LP\dataconnect`
 {"metadata":{"emulator":{"name":"dataconnect"},"message":"E0506 04:42:46.153878   15908 watch.go:40] Failed to load config from \"c:\\\\Users\\\\claud\\\\OneDrive\\\\Documentos\\\\NeuroAds\\\\LP\\\\dataconnect\": could not find dataconnect.yaml in `c:\\Users\\claud\\OneDrive\\Documentos\\NeuroAds\\LP\\dataconnect`\n"}}
[debug] [2026-05-06T07:42:56.124Z] E0506 04:42:56.123316   15908 watch.go:40] Failed to load config from "c:\\Users\\claud\\OneDrive\\Documentos\\NeuroAds\\LP\\dataconnect": could not find dataconnect.yaml in `c:\Users\claud\OneDrive\Documentos\NeuroAds\LP\dataconnect`
 {"metadata":{"emulator":{"name":"dataconnect"},"message":"E0506 04:42:56.123316   15908 watch.go:40] Failed to load config from \"c:\\\\Users\\\\claud\\\\OneDrive\\\\Documentos\\\\NeuroAds\\\\LP\\\\dataconnect\": could not find dataconnect.yaml in `c:\\Users\\claud\\OneDrive\\Documentos\\NeuroAds\\LP\\dataconnect`\n"}}
[debug] [2026-05-06T07:43:06.137Z] E0506 04:43:06.137377   15908 watch.go:116] watchAllDir unable to walk dir `c:\Users\claud\OneDrive\Documentos\NeuroAds\LP\dataconnect`: GetFileAttributesEx c:\Users\claud\OneDrive\Documentos\NeuroAds\LP\dataconnect: The system cannot find the file specified.
 {"metadata":{"emulator":{"name":"dataconnect"},"message":"E0506 04:43:06.137377   15908 watch.go:116] watchAllDir unable to walk dir `c:\\Users\\claud\\OneDrive\\Documentos\\NeuroAds\\LP\\dataconnect`: GetFileAttributesEx c:\\Users\\claud\\OneDrive\\Documentos\\NeuroAds\\LP\\dataconnect: The system cannot find the file specified.\n"}}
[debug] [2026-05-06T07:43:06.141Z] E0506 04:43:06.138474   15908 watch.go:40] Failed to load config from "c:\\Users\\claud\\OneDrive\\Documentos\\NeuroAds\\LP\\dataconnect": could not find dataconnect.yaml in `c:\Users\claud\OneDrive\Documentos\NeuroAds\LP\dataconnect`
 {"metadata":{"emulator":{"name":"dataconnect"},"message":"E0506 04:43:06.138474   15908 watch.go:40] Failed to load config from \"c:\\\\Users\\\\claud\\\\OneDrive\\\\Documentos\\\\NeuroAds\\\\LP\\\\dataconnect\": could not find dataconnect.yaml in `c:\\Users\\claud\\OneDrive\\Documentos\\NeuroAds\\LP\\dataconnect`\n"}}
[debug] [2026-05-06T07:43:16.109Z] E0506 04:43:16.109082   15908 watch.go:40] Failed to load config from "c:\\Users\\claud\\OneDrive\\Documentos\\NeuroAds\\LP\\dataconnect": could not find dataconnect.yaml in `c:\Users\claud\OneDrive\Documentos\NeuroAds\LP\dataconnect`
 {"metadata":{"emulator":{"name":"dataconnect"},"message":"E0506 04:43:16.109082   15908 watch.go:40] Failed to load config from \"c:\\\\Users\\\\claud\\\\OneDrive\\\\Documentos\\\\NeuroAds\\\\LP\\\\dataconnect\": could not find dataconnect.yaml in `c:\\Users\\claud\\OneDrive\\Documentos\\NeuroAds\\LP\\dataconnect`\n"}}
[debug] [2026-05-06T07:43:26.108Z] E0506 04:43:26.108078   15908 watch.go:40] Failed to load config from "c:\\Users\\claud\\OneDrive\\Documentos\\NeuroAds\\LP\\dataconnect": could not find dataconnect.yaml in `c:\Users\claud\OneDrive\Documentos\NeuroAds\LP\dataconnect`
 {"metadata":{"emulator":{"name":"dataconnect"},"message":"E0506 04:43:26.108078   15908 watch.go:40] Failed to load config from \"c:\\\\Users\\\\claud\\\\OneDrive\\\\Documentos\\\\NeuroAds\\\\LP\\\\dataconnect\": could not find dataconnect.yaml in `c:\\Users\\claud\\OneDrive\\Documentos\\NeuroAds\\LP\\dataconnect`\n"}}
[debug] [2026-05-06T07:43:36.108Z] E0506 04:43:36.108854   15908 watch.go:40] Failed to load config from "c:\\Users\\claud\\OneDrive\\Documentos\\NeuroAds\\LP\\dataconnect": could not find dataconnect.yaml in `c:\Users\claud\OneDrive\Documentos\NeuroAds\LP\dataconnect`
 {"metadata":{"emulator":{"name":"dataconnect"},"message":"E0506 04:43:36.108854   15908 watch.go:40] Failed to load config from \"c:\\\\Users\\\\claud\\\\OneDrive\\\\Documentos\\\\NeuroAds\\\\LP\\\\dataconnect\": could not find dataconnect.yaml in `c:\\Users\\claud\\OneDrive\\Documentos\\NeuroAds\\LP\\dataconnect`\n"}}
[debug] [2026-05-06T07:43:46.110Z] E0506 04:43:46.110811   15908 watch.go:40] Failed to load config from "c:\\Users\\claud\\OneDrive\\Documentos\\NeuroAds\\LP\\dataconnect": could not find dataconnect.yaml in `c:\Users\claud\OneDrive\Documentos\NeuroAds\LP\dataconnect`
 {"metadata":{"emulator":{"name":"dataconnect"},"message":"E0506 04:43:46.110811   15908 watch.go:40] Failed to load config from \"c:\\\\Users\\\\claud\\\\OneDrive\\\\Documentos\\\\NeuroAds\\\\LP\\\\dataconnect\": could not find dataconnect.yaml in `c:\\Users\\claud\\OneDrive\\Documentos\\NeuroAds\\LP\\dataconnect`\n"}}
[debug] [2026-05-06T07:43:56.109Z] E0506 04:43:56.109754   15908 watch.go:40] Failed to load config from "c:\\Users\\claud\\OneDrive\\Documentos\\NeuroAds\\LP\\dataconnect": could not find dataconnect.yaml in `c:\Users\claud\OneDrive\Documentos\NeuroAds\LP\dataconnect`
 {"metadata":{"emulator":{"name":"dataconnect"},"message":"E0506 04:43:56.109754   15908 watch.go:40] Failed to load config from \"c:\\\\Users\\\\claud\\\\OneDrive\\\\Documentos\\\\NeuroAds\\\\LP\\\\dataconnect\": could not find dataconnect.yaml in `c:\\Users\\claud\\OneDrive\\Documentos\\NeuroAds\\LP\\dataconnect`\n"}}
[debug] [2026-05-06T07:44:06.191Z] E0506 04:44:06.119022   15908 watch.go:116] watchAllDir unable to walk dir `c:\Users\claud\OneDrive\Documentos\NeuroAds\LP\dataconnect`: GetFileAttributesEx c:\Users\claud\OneDrive\Documentos\NeuroAds\LP\dataconnect: The system cannot find the file specified.
E0506 04:44:06.121012   15908 watch.go:40] Failed to load config from "c:\\Users\\claud\\OneDrive\\Documentos\\NeuroAds\\LP\\dataconnect": could not find dataconnect.yaml in `c:\Users\claud\OneDrive\Documentos\NeuroAds\LP\dataconnect`
 {"metadata":{"emulator":{"name":"dataconnect"},"message":"E0506 04:44:06.119022   15908 watch.go:116] watchAllDir unable to walk dir `c:\\Users\\claud\\OneDrive\\Documentos\\NeuroAds\\LP\\dataconnect`: GetFileAttributesEx c:\\Users\\claud\\OneDrive\\Documentos\\NeuroAds\\LP\\dataconnect: The system cannot find the file specified.\nE0506 04:44:06.121012   15908 watch.go:40] Failed to load config from \"c:\\\\Users\\\\claud\\\\OneDrive\\\\Documentos\\\\NeuroAds\\\\LP\\\\dataconnect\": could not find dataconnect.yaml in `c:\\Users\\claud\\OneDrive\\Documentos\\NeuroAds\\LP\\dataconnect`\n"}}
[debug] [2026-05-06T07:44:16.108Z] E0506 04:44:16.108450   15908 watch.go:40] Failed to load config from "c:\\Users\\claud\\OneDrive\\Documentos\\NeuroAds\\LP\\dataconnect": could not find dataconnect.yaml in `c:\Users\claud\OneDrive\Documentos\NeuroAds\LP\dataconnect`
 {"metadata":{"emulator":{"name":"dataconnect"},"message":"E0506 04:44:16.108450   15908 watch.go:40] Failed to load config from \"c:\\\\Users\\\\claud\\\\OneDrive\\\\Documentos\\\\NeuroAds\\\\LP\\\\dataconnect\": could not find dataconnect.yaml in `c:\\Users\\claud\\OneDrive\\Documentos\\NeuroAds\\LP\\dataconnect`\n"}}
[debug] [2026-05-06T07:44:26.108Z] E0506 04:44:26.108746   15908 watch.go:40] Failed to load config from "c:\\Users\\claud\\OneDrive\\Documentos\\NeuroAds\\LP\\dataconnect": could not find dataconnect.yaml in `c:\Users\claud\OneDrive\Documentos\NeuroAds\LP\dataconnect`
 {"metadata":{"emulator":{"name":"dataconnect"},"message":"E0506 04:44:26.108746   15908 watch.go:40] Failed to load config from \"c:\\\\Users\\\\claud\\\\OneDrive\\\\Documentos\\\\NeuroAds\\\\LP\\\\dataconnect\": could not find dataconnect.yaml in `c:\\Users\\claud\\OneDrive\\Documentos\\NeuroAds\\LP\\dataconnect`\n"}}
[debug] [2026-05-06T07:44:36.108Z] E0506 04:44:36.108493   15908 watch.go:40] Failed to load config from "c:\\Users\\claud\\OneDrive\\Documentos\\NeuroAds\\LP\\dataconnect": could not find dataconnect.yaml in `c:\Users\claud\OneDrive\Documentos\NeuroAds\LP\dataconnect`
 {"metadata":{"emulator":{"name":"dataconnect"},"message":"E0506 04:44:36.108493   15908 watch.go:40] Failed to load config from \"c:\\\\Users\\\\claud\\\\OneDrive\\\\Documentos\\\\NeuroAds\\\\LP\\\\dataconnect\": could not find dataconnect.yaml in `c:\\Users\\claud\\OneDrive\\Documentos\\NeuroAds\\LP\\dataconnect`\n"}}
[debug] [2026-05-06T07:44:46.108Z] E0506 04:44:46.108330   15908 watch.go:40] Failed to load config from "c:\\Users\\claud\\OneDrive\\Documentos\\NeuroAds\\LP\\dataconnect": could not find dataconnect.yaml in `c:\Users\claud\OneDrive\Documentos\NeuroAds\LP\dataconnect`
 {"metadata":{"emulator":{"name":"dataconnect"},"message":"E0506 04:44:46.108330   15908 watch.go:40] Failed to load config from \"c:\\\\Users\\\\claud\\\\OneDrive\\\\Documentos\\\\NeuroAds\\\\LP\\\\dataconnect\": could not find dataconnect.yaml in `c:\\Users\\claud\\OneDrive\\Documentos\\NeuroAds\\LP\\dataconnect`\n"}}
[debug] [2026-05-06T07:44:56.108Z] E0506 04:44:56.109148   15908 watch.go:40] Failed to load config from "c:\\Users\\claud\\OneDrive\\Documentos\\NeuroAds\\LP\\dataconnect": could not find dataconnect.yaml in `c:\Users\claud\OneDrive\Documentos\NeuroAds\LP\dataconnect`
 {"metadata":{"emulator":{"name":"dataconnect"},"message":"E0506 04:44:56.109148   15908 watch.go:40] Failed to load config from \"c:\\\\Users\\\\claud\\\\OneDrive\\\\Documentos\\\\NeuroAds\\\\LP\\\\dataconnect\": could not find dataconnect.yaml in `c:\\Users\\claud\\OneDrive\\Documentos\\NeuroAds\\LP\\dataconnect`\n"}}
[debug] [2026-05-06T07:45:06.108Z] E0506 04:45:06.108653   15908 watch.go:116] watchAllDir unable to walk dir `c:\Users\claud\OneDrive\Documentos\NeuroAds\LP\dataconnect`: GetFileAttributesEx c:\Users\claud\OneDrive\Documentos\NeuroAds\LP\dataconnect: The system cannot find the file specified.
 {"metadata":{"emulator":{"name":"dataconnect"},"message":"E0506 04:45:06.108653   15908 watch.go:116] watchAllDir unable to walk dir `c:\\Users\\claud\\OneDrive\\Documentos\\NeuroAds\\LP\\dataconnect`: GetFileAttributesEx c:\\Users\\claud\\OneDrive\\Documentos\\NeuroAds\\LP\\dataconnect: The system cannot find the file specified.\n"}}
[debug] [2026-05-06T07:45:06.108Z] E0506 04:45:06.108653   15908 watch.go:40] Failed to load config from "c:\\Users\\claud\\OneDrive\\Documentos\\NeuroAds\\LP\\dataconnect": could not find dataconnect.yaml in `c:\Users\claud\OneDrive\Documentos\NeuroAds\LP\dataconnect`
 {"metadata":{"emulator":{"name":"dataconnect"},"message":"E0506 04:45:06.108653   15908 watch.go:40] Failed to load config from \"c:\\\\Users\\\\claud\\\\OneDrive\\\\Documentos\\\\NeuroAds\\\\LP\\\\dataconnect\": could not find dataconnect.yaml in `c:\\Users\\claud\\OneDrive\\Documentos\\NeuroAds\\LP\\dataconnect`\n"}}
[debug] [2026-05-06T07:45:16.108Z] E0506 04:45:16.108726   15908 watch.go:40] Failed to load config from "c:\\Users\\claud\\OneDrive\\Documentos\\NeuroAds\\LP\\dataconnect": could not find dataconnect.yaml in `c:\Users\claud\OneDrive\Documentos\NeuroAds\LP\dataconnect`
 {"metadata":{"emulator":{"name":"dataconnect"},"message":"E0506 04:45:16.108726   15908 watch.go:40] Failed to load config from \"c:\\\\Users\\\\claud\\\\OneDrive\\\\Documentos\\\\NeuroAds\\\\LP\\\\dataconnect\": could not find dataconnect.yaml in `c:\\Users\\claud\\OneDrive\\Documentos\\NeuroAds\\LP\\dataconnect`\n"}}
[debug] [2026-05-06T07:45:26.516Z] E0506 04:45:26.108293   15908 watch.go:40] Failed to load config from "c:\\Users\\claud\\OneDrive\\Documentos\\NeuroAds\\LP\\dataconnect": could not find dataconnect.yaml in `c:\Users\claud\OneDrive\Documentos\NeuroAds\LP\dataconnect`
 {"metadata":{"emulator":{"name":"dataconnect"},"message":"E0506 04:45:26.108293   15908 watch.go:40] Failed to load config from \"c:\\\\Users\\\\claud\\\\OneDrive\\\\Documentos\\\\NeuroAds\\\\LP\\\\dataconnect\": could not find dataconnect.yaml in `c:\\Users\\claud\\OneDrive\\Documentos\\NeuroAds\\LP\\dataconnect`\n"}}
[debug] [2026-05-06T07:45:36.144Z] E0506 04:45:36.108139   15908 watch.go:40] Failed to load config from "c:\\Users\\claud\\OneDrive\\Documentos\\NeuroAds\\LP\\dataconnect": could not find dataconnect.yaml in `c:\Users\claud\OneDrive\Documentos\NeuroAds\LP\dataconnect`
 {"metadata":{"emulator":{"name":"dataconnect"},"message":"E0506 04:45:36.108139   15908 watch.go:40] Failed to load config from \"c:\\\\Users\\\\claud\\\\OneDrive\\\\Documentos\\\\NeuroAds\\\\LP\\\\dataconnect\": could not find dataconnect.yaml in `c:\\Users\\claud\\OneDrive\\Documentos\\NeuroAds\\LP\\dataconnect`\n"}}
[debug] [2026-05-06T07:45:46.118Z] E0506 04:45:46.108242   15908 watch.go:40] Failed to load config from "c:\\Users\\claud\\OneDrive\\Documentos\\NeuroAds\\LP\\dataconnect": could not find dataconnect.yaml in `c:\Users\claud\OneDrive\Documentos\NeuroAds\LP\dataconnect`
 {"metadata":{"emulator":{"name":"dataconnect"},"message":"E0506 04:45:46.108242   15908 watch.go:40] Failed to load config from \"c:\\\\Users\\\\claud\\\\OneDrive\\\\Documentos\\\\NeuroAds\\\\LP\\\\dataconnect\": could not find dataconnect.yaml in `c:\\Users\\claud\\OneDrive\\Documentos\\NeuroAds\\LP\\dataconnect`\n"}}
[debug] [2026-05-06T07:45:56.155Z] E0506 04:45:56.109268   15908 watch.go:40] Failed to load config from "c:\\Users\\claud\\OneDrive\\Documentos\\NeuroAds\\LP\\dataconnect": could not find dataconnect.yaml in `c:\Users\claud\OneDrive\Documentos\NeuroAds\LP\dataconnect`
 {"metadata":{"emulator":{"name":"dataconnect"},"message":"E0506 04:45:56.109268   15908 watch.go:40] Failed to load config from \"c:\\\\Users\\\\claud\\\\OneDrive\\\\Documentos\\\\NeuroAds\\\\LP\\\\dataconnect\": could not find dataconnect.yaml in `c:\\Users\\claud\\OneDrive\\Documentos\\NeuroAds\\LP\\dataconnect`\n"}}
[debug] [2026-05-06T07:46:06.253Z] E0506 04:46:06.108419   15908 watch.go:116] watchAllDir unable to walk dir `c:\Users\claud\OneDrive\Documentos\NeuroAds\LP\dataconnect`: GetFileAttributesEx c:\Users\claud\OneDrive\Documentos\NeuroAds\LP\dataconnect: The system cannot find the file specified.
E0506 04:46:06.108970   15908 watch.go:40] Failed to load config from "c:\\Users\\claud\\OneDrive\\Documentos\\NeuroAds\\LP\\dataconnect": could not find dataconnect.yaml in `c:\Users\claud\OneDrive\Documentos\NeuroAds\LP\dataconnect`
 {"metadata":{"emulator":{"name":"dataconnect"},"message":"E0506 04:46:06.108419   15908 watch.go:116] watchAllDir unable to walk dir `c:\\Users\\claud\\OneDrive\\Documentos\\NeuroAds\\LP\\dataconnect`: GetFileAttributesEx c:\\Users\\claud\\OneDrive\\Documentos\\NeuroAds\\LP\\dataconnect: The system cannot find the file specified.\nE0506 04:46:06.108970   15908 watch.go:40] Failed to load config from \"c:\\\\Users\\\\claud\\\\OneDrive\\\\Documentos\\\\NeuroAds\\\\LP\\\\dataconnect\": could not find dataconnect.yaml in `c:\\Users\\claud\\OneDrive\\Documentos\\NeuroAds\\LP\\dataconnect`\n"}}
[debug] [2026-05-06T07:46:16.129Z] E0506 04:46:16.109155   15908 watch.go:40] Failed to load config from "c:\\Users\\claud\\OneDrive\\Documentos\\NeuroAds\\LP\\dataconnect": could not find dataconnect.yaml in `c:\Users\claud\OneDrive\Documentos\NeuroAds\LP\dataconnect`
 {"metadata":{"emulator":{"name":"dataconnect"},"message":"E0506 04:46:16.109155   15908 watch.go:40] Failed to load config from \"c:\\\\Users\\\\claud\\\\OneDrive\\\\Documentos\\\\NeuroAds\\\\LP\\\\dataconnect\": could not find dataconnect.yaml in `c:\\Users\\claud\\OneDrive\\Documentos\\NeuroAds\\LP\\dataconnect`\n"}}
[debug] [2026-05-06T07:46:26.128Z] E0506 04:46:26.108957   15908 watch.go:40] Failed to load config from "c:\\Users\\claud\\OneDrive\\Documentos\\NeuroAds\\LP\\dataconnect": could not find dataconnect.yaml in `c:\Users\claud\OneDrive\Documentos\NeuroAds\LP\dataconnect`
 {"metadata":{"emulator":{"name":"dataconnect"},"message":"E0506 04:46:26.108957   15908 watch.go:40] Failed to load config from \"c:\\\\Users\\\\claud\\\\OneDrive\\\\Documentos\\\\NeuroAds\\\\LP\\\\dataconnect\": could not find dataconnect.yaml in `c:\\Users\\claud\\OneDrive\\Documentos\\NeuroAds\\LP\\dataconnect`\n"}}
[debug] [2026-05-06T07:46:36.139Z] E0506 04:46:36.108378   15908 watch.go:40] Failed to load config from "c:\\Users\\claud\\OneDrive\\Documentos\\NeuroAds\\LP\\dataconnect": could not find dataconnect.yaml in `c:\Users\claud\OneDrive\Documentos\NeuroAds\LP\dataconnect`
 {"metadata":{"emulator":{"name":"dataconnect"},"message":"E0506 04:46:36.108378   15908 watch.go:40] Failed to load config from \"c:\\\\Users\\\\claud\\\\OneDrive\\\\Documentos\\\\NeuroAds\\\\LP\\\\dataconnect\": could not find dataconnect.yaml in `c:\\Users\\claud\\OneDrive\\Documentos\\NeuroAds\\LP\\dataconnect`\n"}}
[debug] [2026-05-06T07:46:46.119Z] E0506 04:46:46.108770   15908 watch.go:40] Failed to load config from "c:\\Users\\claud\\OneDrive\\Documentos\\NeuroAds\\LP\\dataconnect": could not find dataconnect.yaml in `c:\Users\claud\OneDrive\Documentos\NeuroAds\LP\dataconnect`
 {"metadata":{"emulator":{"name":"dataconnect"},"message":"E0506 04:46:46.108770   15908 watch.go:40] Failed to load config from \"c:\\\\Users\\\\claud\\\\OneDrive\\\\Documentos\\\\NeuroAds\\\\LP\\\\dataconnect\": could not find dataconnect.yaml in `c:\\Users\\claud\\OneDrive\\Documentos\\NeuroAds\\LP\\dataconnect`\n"}}
[debug] [2026-05-06T07:46:56.205Z] E0506 04:46:56.108886   15908 watch.go:40] Failed to load config from "c:\\Users\\claud\\OneDrive\\Documentos\\NeuroAds\\LP\\dataconnect": could not find dataconnect.yaml in `c:\Users\claud\OneDrive\Documentos\NeuroAds\LP\dataconnect`
 {"metadata":{"emulator":{"name":"dataconnect"},"message":"E0506 04:46:56.108886   15908 watch.go:40] Failed to load config from \"c:\\\\Users\\\\claud\\\\OneDrive\\\\Documentos\\\\NeuroAds\\\\LP\\\\dataconnect\": could not find dataconnect.yaml in `c:\\Users\\claud\\OneDrive\\Documentos\\NeuroAds\\LP\\dataconnect`\n"}}
[debug] [2026-05-06T07:47:06.132Z] E0506 04:47:06.108313   15908 watch.go:116] watchAllDir unable to walk dir `c:\Users\claud\OneDrive\Documentos\NeuroAds\LP\dataconnect`: GetFileAttributesEx c:\Users\claud\OneDrive\Documentos\NeuroAds\LP\dataconnect: The system cannot find the file specified.
E0506 04:47:06.108662   15908 watch.go:40] Failed to load config from "c:\\Users\\claud\\OneDrive\\Documentos\\NeuroAds\\LP\\dataconnect": could not find dataconnect.yaml in `c:\Users\claud\OneDrive\Documentos\NeuroAds\LP\dataconnect`
 {"metadata":{"emulator":{"name":"dataconnect"},"message":"E0506 04:47:06.108313   15908 watch.go:116] watchAllDir unable to walk dir `c:\\Users\\claud\\OneDrive\\Documentos\\NeuroAds\\LP\\dataconnect`: GetFileAttributesEx c:\\Users\\claud\\OneDrive\\Documentos\\NeuroAds\\LP\\dataconnect: The system cannot find the file specified.\nE0506 04:47:06.108662   15908 watch.go:40] Failed to load config from \"c:\\\\Users\\\\claud\\\\OneDrive\\\\Documentos\\\\NeuroAds\\\\LP\\\\dataconnect\": could not find dataconnect.yaml in `c:\\Users\\claud\\OneDrive\\Documentos\\NeuroAds\\LP\\dataconnect`\n"}}
[debug] [2026-05-06T07:47:16.285Z] E0506 04:47:16.108311   15908 watch.go:40] Failed to load config from "c:\\Users\\claud\\OneDrive\\Documentos\\NeuroAds\\LP\\dataconnect": could not find dataconnect.yaml in `c:\Users\claud\OneDrive\Documentos\NeuroAds\LP\dataconnect`
 {"metadata":{"emulator":{"name":"dataconnect"},"message":"E0506 04:47:16.108311   15908 watch.go:40] Failed to load config from \"c:\\\\Users\\\\claud\\\\OneDrive\\\\Documentos\\\\NeuroAds\\\\LP\\\\dataconnect\": could not find dataconnect.yaml in `c:\\Users\\claud\\OneDrive\\Documentos\\NeuroAds\\LP\\dataconnect`\n"}}
[debug] [2026-05-06T07:47:26.280Z] E0506 04:47:26.108302   15908 watch.go:40] Failed to load config from "c:\\Users\\claud\\OneDrive\\Documentos\\NeuroAds\\LP\\dataconnect": could not find dataconnect.yaml in `c:\Users\claud\OneDrive\Documentos\NeuroAds\LP\dataconnect`
 {"metadata":{"emulator":{"name":"dataconnect"},"message":"E0506 04:47:26.108302   15908 watch.go:40] Failed to load config from \"c:\\\\Users\\\\claud\\\\OneDrive\\\\Documentos\\\\NeuroAds\\\\LP\\\\dataconnect\": could not find dataconnect.yaml in `c:\\Users\\claud\\OneDrive\\Documentos\\NeuroAds\\LP\\dataconnect`\n"}}
[debug] [2026-05-06T07:47:36.187Z] E0506 04:47:36.108916   15908 watch.go:40] Failed to load config from "c:\\Users\\claud\\OneDrive\\Documentos\\NeuroAds\\LP\\dataconnect": could not find dataconnect.yaml in `c:\Users\claud\OneDrive\Documentos\NeuroAds\LP\dataconnect`
 {"metadata":{"emulator":{"name":"dataconnect"},"message":"E0506 04:47:36.108916   15908 watch.go:40] Failed to load config from \"c:\\\\Users\\\\claud\\\\OneDrive\\\\Documentos\\\\NeuroAds\\\\LP\\\\dataconnect\": could not find dataconnect.yaml in `c:\\Users\\claud\\OneDrive\\Documentos\\NeuroAds\\LP\\dataconnect`\n"}}
[debug] [2026-05-06T07:47:46.195Z] E0506 04:47:46.110318   15908 watch.go:40] Failed to load config from "c:\\Users\\claud\\OneDrive\\Documentos\\NeuroAds\\LP\\dataconnect": could not find dataconnect.yaml in `c:\Users\claud\OneDrive\Documentos\NeuroAds\LP\dataconnect`
 {"metadata":{"emulator":{"name":"dataconnect"},"message":"E0506 04:47:46.110318   15908 watch.go:40] Failed to load config from \"c:\\\\Users\\\\claud\\\\OneDrive\\\\Documentos\\\\NeuroAds\\\\LP\\\\dataconnect\": could not find dataconnect.yaml in `c:\\Users\\claud\\OneDrive\\Documentos\\NeuroAds\\LP\\dataconnect`\n"}}
[debug] [2026-05-06T07:47:56.145Z] E0506 04:47:56.109335   15908 watch.go:40] Failed to load config from "c:\\Users\\claud\\OneDrive\\Documentos\\NeuroAds\\LP\\dataconnect": could not find dataconnect.yaml in `c:\Users\claud\OneDrive\Documentos\NeuroAds\LP\dataconnect`
 {"metadata":{"emulator":{"name":"dataconnect"},"message":"E0506 04:47:56.109335   15908 watch.go:40] Failed to load config from \"c:\\\\Users\\\\claud\\\\OneDrive\\\\Documentos\\\\NeuroAds\\\\LP\\\\dataconnect\": could not find dataconnect.yaml in `c:\\Users\\claud\\OneDrive\\Documentos\\NeuroAds\\LP\\dataconnect`\n"}}
[debug] [2026-05-06T07:48:06.363Z] E0506 04:48:06.108145   15908 watch.go:116] watchAllDir unable to walk dir `c:\Users\claud\OneDrive\Documentos\NeuroAds\LP\dataconnect`: GetFileAttributesEx c:\Users\claud\OneDrive\Documentos\NeuroAds\LP\dataconnect: The system cannot find the file specified.
E0506 04:48:06.108816   15908 watch.go:40] Failed to load config from "c:\\Users\\claud\\OneDrive\\Documentos\\NeuroAds\\LP\\dataconnect": could not find dataconnect.yaml in `c:\Users\claud\OneDrive\Documentos\NeuroAds\LP\dataconnect`
 {"metadata":{"emulator":{"name":"dataconnect"},"message":"E0506 04:48:06.108145   15908 watch.go:116] watchAllDir unable to walk dir `c:\\Users\\claud\\OneDrive\\Documentos\\NeuroAds\\LP\\dataconnect`: GetFileAttributesEx c:\\Users\\claud\\OneDrive\\Documentos\\NeuroAds\\LP\\dataconnect: The system cannot find the file specified.\nE0506 04:48:06.108816   15908 watch.go:40] Failed to load config from \"c:\\\\Users\\\\claud\\\\OneDrive\\\\Documentos\\\\NeuroAds\\\\LP\\\\dataconnect\": could not find dataconnect.yaml in `c:\\Users\\claud\\OneDrive\\Documentos\\NeuroAds\\LP\\dataconnect`\n"}}
[debug] [2026-05-06T07:48:16.177Z] E0506 04:48:16.108456   15908 watch.go:40] Failed to load config from "c:\\Users\\claud\\OneDrive\\Documentos\\NeuroAds\\LP\\dataconnect": could not find dataconnect.yaml in `c:\Users\claud\OneDrive\Documentos\NeuroAds\LP\dataconnect`
 {"metadata":{"emulator":{"name":"dataconnect"},"message":"E0506 04:48:16.108456   15908 watch.go:40] Failed to load config from \"c:\\\\Users\\\\claud\\\\OneDrive\\\\Documentos\\\\NeuroAds\\\\LP\\\\dataconnect\": could not find dataconnect.yaml in `c:\\Users\\claud\\OneDrive\\Documentos\\NeuroAds\\LP\\dataconnect`\n"}}
[debug] [2026-05-06T07:48:26.127Z] E0506 04:48:26.109559   15908 watch.go:40] Failed to load config from "c:\\Users\\claud\\OneDrive\\Documentos\\NeuroAds\\LP\\dataconnect": could not find dataconnect.yaml in `c:\Users\claud\OneDrive\Documentos\NeuroAds\LP\dataconnect`
 {"metadata":{"emulator":{"name":"dataconnect"},"message":"E0506 04:48:26.109559   15908 watch.go:40] Failed to load config from \"c:\\\\Users\\\\claud\\\\OneDrive\\\\Documentos\\\\NeuroAds\\\\LP\\\\dataconnect\": could not find dataconnect.yaml in `c:\\Users\\claud\\OneDrive\\Documentos\\NeuroAds\\LP\\dataconnect`\n"}}
[debug] [2026-05-06T07:48:36.189Z] E0506 04:48:36.107964   15908 watch.go:40] Failed to load config from "c:\\Users\\claud\\OneDrive\\Documentos\\NeuroAds\\LP\\dataconnect": could not find dataconnect.yaml in `c:\Users\claud\OneDrive\Documentos\NeuroAds\LP\dataconnect`
 {"metadata":{"emulator":{"name":"dataconnect"},"message":"E0506 04:48:36.107964   15908 watch.go:40] Failed to load config from \"c:\\\\Users\\\\claud\\\\OneDrive\\\\Documentos\\\\NeuroAds\\\\LP\\\\dataconnect\": could not find dataconnect.yaml in `c:\\Users\\claud\\OneDrive\\Documentos\\NeuroAds\\LP\\dataconnect`\n"}}
[debug] [2026-05-06T07:48:46.148Z] E0506 04:48:46.108154   15908 watch.go:40] Failed to load config from "c:\\Users\\claud\\OneDrive\\Documentos\\NeuroAds\\LP\\dataconnect": could not find dataconnect.yaml in `c:\Users\claud\OneDrive\Documentos\NeuroAds\LP\dataconnect`
 {"metadata":{"emulator":{"name":"dataconnect"},"message":"E0506 04:48:46.108154   15908 watch.go:40] Failed to load config from \"c:\\\\Users\\\\claud\\\\OneDrive\\\\Documentos\\\\NeuroAds\\\\LP\\\\dataconnect\": could not find dataconnect.yaml in `c:\\Users\\claud\\OneDrive\\Documentos\\NeuroAds\\LP\\dataconnect`\n"}}
[debug] [2026-05-06T07:48:56.127Z] E0506 04:48:56.108848   15908 watch.go:40] Failed to load config from "c:\\Users\\claud\\OneDrive\\Documentos\\NeuroAds\\LP\\dataconnect": could not find dataconnect.yaml in `c:\Users\claud\OneDrive\Documentos\NeuroAds\LP\dataconnect`
 {"metadata":{"emulator":{"name":"dataconnect"},"message":"E0506 04:48:56.108848   15908 watch.go:40] Failed to load config from \"c:\\\\Users\\\\claud\\\\OneDrive\\\\Documentos\\\\NeuroAds\\\\LP\\\\dataconnect\": could not find dataconnect.yaml in `c:\\Users\\claud\\OneDrive\\Documentos\\NeuroAds\\LP\\dataconnect`\n"}}
[debug] [2026-05-06T07:49:34.749Z] E0506 04:49:06.145165   15908 watch.go:116] watchAllDir unable to walk dir `c:\Users\claud\OneDrive\Documentos\NeuroAds\LP\dataconnect`: GetFileAttributesEx c:\Users\claud\OneDrive\Documentos\NeuroAds\LP\dataconnect: The system cannot find the file specified.
E0506 04:49:06.152089   15908 watch.go:40] Failed to load config from "c:\\Users\\claud\\OneDrive\\Documentos\\NeuroAds\\LP\\dataconnect": could not find dataconnect.yaml in `c:\Users\claud\OneDrive\Documentos\NeuroAds\LP\dataconnect`
E0506 04:49:16.149739   15908 watch.go:40] Failed to load config from "c:\\Users\\claud\\OneDrive\\Documentos\\NeuroAds\\LP\\dataconnect": could not find dataconnect.yaml in `c:\Users\claud\OneDrive\Documentos\NeuroAds\LP\dataconnect`
E0506 04:49:26.109420   15908 watch.go:40] Failed to load config from "c:\\Users\\claud\\OneDrive\\Documentos\\NeuroAds\\LP\\dataconnect": could not find dataconnect.yaml in `c:\Users\claud\OneDrive\Documentos\NeuroAds\LP\dataconnect`
 {"metadata":{"emulator":{"name":"dataconnect"},"message":"E0506 04:49:06.145165   15908 watch.go:116] watchAllDir unable to walk dir `c:\\Users\\claud\\OneDrive\\Documentos\\NeuroAds\\LP\\dataconnect`: GetFileAttributesEx c:\\Users\\claud\\OneDrive\\Documentos\\NeuroAds\\LP\\dataconnect: The system cannot find the file specified.\nE0506 04:49:06.152089   15908 watch.go:40] Failed to load config from \"c:\\\\Users\\\\claud\\\\OneDrive\\\\Documentos\\\\NeuroAds\\\\LP\\\\dataconnect\": could not find dataconnect.yaml in `c:\\Users\\claud\\OneDrive\\Documentos\\NeuroAds\\LP\\dataconnect`\nE0506 04:49:16.149739   15908 watch.go:40] Failed to load config from \"c:\\\\Users\\\\claud\\\\OneDrive\\\\Documentos\\\\NeuroAds\\\\LP\\\\dataconnect\": could not find dataconnect.yaml in `c:\\Users\\claud\\OneDrive\\Documentos\\NeuroAds\\LP\\dataconnect`\nE0506 04:49:26.109420   15908 watch.go:40] Failed to load config from \"c:\\\\Users\\\\claud\\\\OneDrive\\\\Documentos\\\\NeuroAds\\\\LP\\\\dataconnect\": could not find dataconnect.yaml in `c:\\Users\\claud\\OneDrive\\Documentos\\NeuroAds\\LP\\dataconnect`\n"}}
[debug] [2026-05-06T07:49:36.263Z] E0506 04:49:36.109611   15908 watch.go:40] Failed to load config from "c:\\Users\\claud\\OneDrive\\Documentos\\NeuroAds\\LP\\dataconnect": could not find dataconnect.yaml in `c:\Users\claud\OneDrive\Documentos\NeuroAds\LP\dataconnect`
 {"metadata":{"emulator":{"name":"dataconnect"},"message":"E0506 04:49:36.109611   15908 watch.go:40] Failed to load config from \"c:\\\\Users\\\\claud\\\\OneDrive\\\\Documentos\\\\NeuroAds\\\\LP\\\\dataconnect\": could not find dataconnect.yaml in `c:\\Users\\claud\\OneDrive\\Documentos\\NeuroAds\\LP\\dataconnect`\n"}}
[debug] [2026-05-06T07:49:46.207Z] E0506 04:49:46.109170   15908 watch.go:40] Failed to load config from "c:\\Users\\claud\\OneDrive\\Documentos\\NeuroAds\\LP\\dataconnect": could not find dataconnect.yaml in `c:\Users\claud\OneDrive\Documentos\NeuroAds\LP\dataconnect`
 {"metadata":{"emulator":{"name":"dataconnect"},"message":"E0506 04:49:46.109170   15908 watch.go:40] Failed to load config from \"c:\\\\Users\\\\claud\\\\OneDrive\\\\Documentos\\\\NeuroAds\\\\LP\\\\dataconnect\": could not find dataconnect.yaml in `c:\\Users\\claud\\OneDrive\\Documentos\\NeuroAds\\LP\\dataconnect`\n"}}
[debug] [2026-05-06T07:49:56.138Z] E0506 04:49:56.109217   15908 watch.go:40] Failed to load config from "c:\\Users\\claud\\OneDrive\\Documentos\\NeuroAds\\LP\\dataconnect": could not find dataconnect.yaml in `c:\Users\claud\OneDrive\Documentos\NeuroAds\LP\dataconnect`
 {"metadata":{"emulator":{"name":"dataconnect"},"message":"E0506 04:49:56.109217   15908 watch.go:40] Failed to load config from \"c:\\\\Users\\\\claud\\\\OneDrive\\\\Documentos\\\\NeuroAds\\\\LP\\\\dataconnect\": could not find dataconnect.yaml in `c:\\Users\\claud\\OneDrive\\Documentos\\NeuroAds\\LP\\dataconnect`\n"}}
[debug] [2026-05-06T07:50:06.126Z] E0506 04:50:06.108142   15908 watch.go:116] watchAllDir unable to walk dir `c:\Users\claud\OneDrive\Documentos\NeuroAds\LP\dataconnect`: GetFileAttributesEx c:\Users\claud\OneDrive\Documentos\NeuroAds\LP\dataconnect: The system cannot find the file specified.
E0506 04:50:06.114997   15908 watch.go:40] Failed to load config from "c:\\Users\\claud\\OneDrive\\Documentos\\NeuroAds\\LP\\dataconnect": could not find dataconnect.yaml in `c:\Users\claud\OneDrive\Documentos\NeuroAds\LP\dataconnect`
 {"metadata":{"emulator":{"name":"dataconnect"},"message":"E0506 04:50:06.108142   15908 watch.go:116] watchAllDir unable to walk dir `c:\\Users\\claud\\OneDrive\\Documentos\\NeuroAds\\LP\\dataconnect`: GetFileAttributesEx c:\\Users\\claud\\OneDrive\\Documentos\\NeuroAds\\LP\\dataconnect: The system cannot find the file specified.\nE0506 04:50:06.114997   15908 watch.go:40] Failed to load config from \"c:\\\\Users\\\\claud\\\\OneDrive\\\\Documentos\\\\NeuroAds\\\\LP\\\\dataconnect\": could not find dataconnect.yaml in `c:\\Users\\claud\\OneDrive\\Documentos\\NeuroAds\\LP\\dataconnect`\n"}}
[debug] [2026-05-06T07:50:16.127Z] E0506 04:50:16.108357   15908 watch.go:40] Failed to load config from "c:\\Users\\claud\\OneDrive\\Documentos\\NeuroAds\\LP\\dataconnect": could not find dataconnect.yaml in `c:\Users\claud\OneDrive\Documentos\NeuroAds\LP\dataconnect`
 {"metadata":{"emulator":{"name":"dataconnect"},"message":"E0506 04:50:16.108357   15908 watch.go:40] Failed to load config from \"c:\\\\Users\\\\claud\\\\OneDrive\\\\Documentos\\\\NeuroAds\\\\LP\\\\dataconnect\": could not find dataconnect.yaml in `c:\\Users\\claud\\OneDrive\\Documentos\\NeuroAds\\LP\\dataconnect`\n"}}
[debug] [2026-05-06T07:50:26.176Z] E0506 04:50:26.109149   15908 watch.go:40] Failed to load config from "c:\\Users\\claud\\OneDrive\\Documentos\\NeuroAds\\LP\\dataconnect": could not find dataconnect.yaml in `c:\Users\claud\OneDrive\Documentos\NeuroAds\LP\dataconnect`
 {"metadata":{"emulator":{"name":"dataconnect"},"message":"E0506 04:50:26.109149   15908 watch.go:40] Failed to load config from \"c:\\\\Users\\\\claud\\\\OneDrive\\\\Documentos\\\\NeuroAds\\\\LP\\\\dataconnect\": could not find dataconnect.yaml in `c:\\Users\\claud\\OneDrive\\Documentos\\NeuroAds\\LP\\dataconnect`\n"}}
[debug] [2026-05-06T07:50:36.157Z] E0506 04:50:36.108083   15908 watch.go:40] Failed to load config from "c:\\Users\\claud\\OneDrive\\Documentos\\NeuroAds\\LP\\dataconnect": could not find dataconnect.yaml in `c:\Users\claud\OneDrive\Documentos\NeuroAds\LP\dataconnect`
 {"metadata":{"emulator":{"name":"dataconnect"},"message":"E0506 04:50:36.108083   15908 watch.go:40] Failed to load config from \"c:\\\\Users\\\\claud\\\\OneDrive\\\\Documentos\\\\NeuroAds\\\\LP\\\\dataconnect\": could not find dataconnect.yaml in `c:\\Users\\claud\\OneDrive\\Documentos\\NeuroAds\\LP\\dataconnect`\n"}}
[debug] [2026-05-06T07:50:46.169Z] E0506 04:50:46.108632   15908 watch.go:40] Failed to load config from "c:\\Users\\claud\\OneDrive\\Documentos\\NeuroAds\\LP\\dataconnect": could not find dataconnect.yaml in `c:\Users\claud\OneDrive\Documentos\NeuroAds\LP\dataconnect`
 {"metadata":{"emulator":{"name":"dataconnect"},"message":"E0506 04:50:46.108632   15908 watch.go:40] Failed to load config from \"c:\\\\Users\\\\claud\\\\OneDrive\\\\Documentos\\\\NeuroAds\\\\LP\\\\dataconnect\": could not find dataconnect.yaml in `c:\\Users\\claud\\OneDrive\\Documentos\\NeuroAds\\LP\\dataconnect`\n"}}
[debug] [2026-05-06T07:50:56.153Z] E0506 04:50:56.109050   15908 watch.go:40] Failed to load config from "c:\\Users\\claud\\OneDrive\\Documentos\\NeuroAds\\LP\\dataconnect": could not find dataconnect.yaml in `c:\Users\claud\OneDrive\Documentos\NeuroAds\LP\dataconnect`
 {"metadata":{"emulator":{"name":"dataconnect"},"message":"E0506 04:50:56.109050   15908 watch.go:40] Failed to load config from \"c:\\\\Users\\\\claud\\\\OneDrive\\\\Documentos\\\\NeuroAds\\\\LP\\\\dataconnect\": could not find dataconnect.yaml in `c:\\Users\\claud\\OneDrive\\Documentos\\NeuroAds\\LP\\dataconnect`\n"}}
[debug] [2026-05-06T07:51:06.183Z] E0506 04:51:06.108362   15908 watch.go:116] watchAllDir unable to walk dir `c:\Users\claud\OneDrive\Documentos\NeuroAds\LP\dataconnect`: GetFileAttributesEx c:\Users\claud\OneDrive\Documentos\NeuroAds\LP\dataconnect: The system cannot find the file specified.
E0506 04:51:06.108362   15908 watch.go:40] Failed to load config from "c:\\Users\\claud\\OneDrive\\Documentos\\NeuroAds\\LP\\dataconnect": could not find dataconnect.yaml in `c:\Users\claud\OneDrive\Documentos\NeuroAds\LP\dataconnect`
 {"metadata":{"emulator":{"name":"dataconnect"},"message":"E0506 04:51:06.108362   15908 watch.go:116] watchAllDir unable to walk dir `c:\\Users\\claud\\OneDrive\\Documentos\\NeuroAds\\LP\\dataconnect`: GetFileAttributesEx c:\\Users\\claud\\OneDrive\\Documentos\\NeuroAds\\LP\\dataconnect: The system cannot find the file specified.\nE0506 04:51:06.108362   15908 watch.go:40] Failed to load config from \"c:\\\\Users\\\\claud\\\\OneDrive\\\\Documentos\\\\NeuroAds\\\\LP\\\\dataconnect\": could not find dataconnect.yaml in `c:\\Users\\claud\\OneDrive\\Documentos\\NeuroAds\\LP\\dataconnect`\n"}}
[debug] [2026-05-06T07:51:16.232Z] E0506 04:51:16.109120   15908 watch.go:40] Failed to load config from "c:\\Users\\claud\\OneDrive\\Documentos\\NeuroAds\\LP\\dataconnect": could not find dataconnect.yaml in `c:\Users\claud\OneDrive\Documentos\NeuroAds\LP\dataconnect`
 {"metadata":{"emulator":{"name":"dataconnect"},"message":"E0506 04:51:16.109120   15908 watch.go:40] Failed to load config from \"c:\\\\Users\\\\claud\\\\OneDrive\\\\Documentos\\\\NeuroAds\\\\LP\\\\dataconnect\": could not find dataconnect.yaml in `c:\\Users\\claud\\OneDrive\\Documentos\\NeuroAds\\LP\\dataconnect`\n"}}
[debug] [2026-05-06T07:51:26.269Z] E0506 04:51:26.109266   15908 watch.go:40] Failed to load config from "c:\\Users\\claud\\OneDrive\\Documentos\\NeuroAds\\LP\\dataconnect": could not find dataconnect.yaml in `c:\Users\claud\OneDrive\Documentos\NeuroAds\LP\dataconnect`
 {"metadata":{"emulator":{"name":"dataconnect"},"message":"E0506 04:51:26.109266   15908 watch.go:40] Failed to load config from \"c:\\\\Users\\\\claud\\\\OneDrive\\\\Documentos\\\\NeuroAds\\\\LP\\\\dataconnect\": could not find dataconnect.yaml in `c:\\Users\\claud\\OneDrive\\Documentos\\NeuroAds\\LP\\dataconnect`\n"}}
[debug] [2026-05-06T07:51:36.138Z] E0506 04:51:36.109626   15908 watch.go:40] Failed to load config from "c:\\Users\\claud\\OneDrive\\Documentos\\NeuroAds\\LP\\dataconnect": could not find dataconnect.yaml in `c:\Users\claud\OneDrive\Documentos\NeuroAds\LP\dataconnect`
 {"metadata":{"emulator":{"name":"dataconnect"},"message":"E0506 04:51:36.109626   15908 watch.go:40] Failed to load config from \"c:\\\\Users\\\\claud\\\\OneDrive\\\\Documentos\\\\NeuroAds\\\\LP\\\\dataconnect\": could not find dataconnect.yaml in `c:\\Users\\claud\\OneDrive\\Documentos\\NeuroAds\\LP\\dataconnect`\n"}}
[debug] [2026-05-06T07:51:46.255Z] E0506 04:51:46.109161   15908 watch.go:40] Failed to load config from "c:\\Users\\claud\\OneDrive\\Documentos\\NeuroAds\\LP\\dataconnect": could not find dataconnect.yaml in `c:\Users\claud\OneDrive\Documentos\NeuroAds\LP\dataconnect`
 {"metadata":{"emulator":{"name":"dataconnect"},"message":"E0506 04:51:46.109161   15908 watch.go:40] Failed to load config from \"c:\\\\Users\\\\claud\\\\OneDrive\\\\Documentos\\\\NeuroAds\\\\LP\\\\dataconnect\": could not find dataconnect.yaml in `c:\\Users\\claud\\OneDrive\\Documentos\\NeuroAds\\LP\\dataconnect`\n"}}
[debug] [2026-05-06T07:51:56.160Z] E0506 04:51:56.110194   15908 watch.go:40] Failed to load config from "c:\\Users\\claud\\OneDrive\\Documentos\\NeuroAds\\LP\\dataconnect": could not find dataconnect.yaml in `c:\Users\claud\OneDrive\Documentos\NeuroAds\LP\dataconnect`
 {"metadata":{"emulator":{"name":"dataconnect"},"message":"E0506 04:51:56.110194   15908 watch.go:40] Failed to load config from \"c:\\\\Users\\\\claud\\\\OneDrive\\\\Documentos\\\\NeuroAds\\\\LP\\\\dataconnect\": could not find dataconnect.yaml in `c:\\Users\\claud\\OneDrive\\Documentos\\NeuroAds\\LP\\dataconnect`\n"}}
[debug] [2026-05-06T07:52:06.221Z] E0506 04:52:06.108865   15908 watch.go:116] watchAllDir unable to walk dir `c:\Users\claud\OneDrive\Documentos\NeuroAds\LP\dataconnect`: GetFileAttributesEx c:\Users\claud\OneDrive\Documentos\NeuroAds\LP\dataconnect: The system cannot find the file specified.
E0506 04:52:06.109481   15908 watch.go:40] Failed to load config from "c:\\Users\\claud\\OneDrive\\Documentos\\NeuroAds\\LP\\dataconnect": could not find dataconnect.yaml in `c:\Users\claud\OneDrive\Documentos\NeuroAds\LP\dataconnect`
 {"metadata":{"emulator":{"name":"dataconnect"},"message":"E0506 04:52:06.108865   15908 watch.go:116] watchAllDir unable to walk dir `c:\\Users\\claud\\OneDrive\\Documentos\\NeuroAds\\LP\\dataconnect`: GetFileAttributesEx c:\\Users\\claud\\OneDrive\\Documentos\\NeuroAds\\LP\\dataconnect: The system cannot find the file specified.\nE0506 04:52:06.109481   15908 watch.go:40] Failed to load config from \"c:\\\\Users\\\\claud\\\\OneDrive\\\\Documentos\\\\NeuroAds\\\\LP\\\\dataconnect\": could not find dataconnect.yaml in `c:\\Users\\claud\\OneDrive\\Documentos\\NeuroAds\\LP\\dataconnect`\n"}}
[debug] [2026-05-06T07:52:16.276Z] E0506 04:52:16.109639   15908 watch.go:40] Failed to load config from "c:\\Users\\claud\\OneDrive\\Documentos\\NeuroAds\\LP\\dataconnect": could not find dataconnect.yaml in `c:\Users\claud\OneDrive\Documentos\NeuroAds\LP\dataconnect`
 {"metadata":{"emulator":{"name":"dataconnect"},"message":"E0506 04:52:16.109639   15908 watch.go:40] Failed to load config from \"c:\\\\Users\\\\claud\\\\OneDrive\\\\Documentos\\\\NeuroAds\\\\LP\\\\dataconnect\": could not find dataconnect.yaml in `c:\\Users\\claud\\OneDrive\\Documentos\\NeuroAds\\LP\\dataconnect`\n"}}
[debug] [2026-05-06T07:52:26.193Z] E0506 04:52:26.108994   15908 watch.go:40] Failed to load config from "c:\\Users\\claud\\OneDrive\\Documentos\\NeuroAds\\LP\\dataconnect": could not find dataconnect.yaml in `c:\Users\claud\OneDrive\Documentos\NeuroAds\LP\dataconnect`
 {"metadata":{"emulator":{"name":"dataconnect"},"message":"E0506 04:52:26.108994   15908 watch.go:40] Failed to load config from \"c:\\\\Users\\\\claud\\\\OneDrive\\\\Documentos\\\\NeuroAds\\\\LP\\\\dataconnect\": could not find dataconnect.yaml in `c:\\Users\\claud\\OneDrive\\Documentos\\NeuroAds\\LP\\dataconnect`\n"}}
[debug] [2026-05-06T07:52:36.189Z] E0506 04:52:36.109119   15908 watch.go:40] Failed to load config from "c:\\Users\\claud\\OneDrive\\Documentos\\NeuroAds\\LP\\dataconnect": could not find dataconnect.yaml in `c:\Users\claud\OneDrive\Documentos\NeuroAds\LP\dataconnect`
 {"metadata":{"emulator":{"name":"dataconnect"},"message":"E0506 04:52:36.109119   15908 watch.go:40] Failed to load config from \"c:\\\\Users\\\\claud\\\\OneDrive\\\\Documentos\\\\NeuroAds\\\\LP\\\\dataconnect\": could not find dataconnect.yaml in `c:\\Users\\claud\\OneDrive\\Documentos\\NeuroAds\\LP\\dataconnect`\n"}}
[debug] [2026-05-06T07:52:46.220Z] E0506 04:52:46.109378   15908 watch.go:40] Failed to load config from "c:\\Users\\claud\\OneDrive\\Documentos\\NeuroAds\\LP\\dataconnect": could not find dataconnect.yaml in `c:\Users\claud\OneDrive\Documentos\NeuroAds\LP\dataconnect`
 {"metadata":{"emulator":{"name":"dataconnect"},"message":"E0506 04:52:46.109378   15908 watch.go:40] Failed to load config from \"c:\\\\Users\\\\claud\\\\OneDrive\\\\Documentos\\\\NeuroAds\\\\LP\\\\dataconnect\": could not find dataconnect.yaml in `c:\\Users\\claud\\OneDrive\\Documentos\\NeuroAds\\LP\\dataconnect`\n"}}
[debug] [2026-05-06T07:52:56.151Z] E0506 04:52:56.109099   15908 watch.go:40] Failed to load config from "c:\\Users\\claud\\OneDrive\\Documentos\\NeuroAds\\LP\\dataconnect": could not find dataconnect.yaml in `c:\Users\claud\OneDrive\Documentos\NeuroAds\LP\dataconnect`
 {"metadata":{"emulator":{"name":"dataconnect"},"message":"E0506 04:52:56.109099   15908 watch.go:40] Failed to load config from \"c:\\\\Users\\\\claud\\\\OneDrive\\\\Documentos\\\\NeuroAds\\\\LP\\\\dataconnect\": could not find dataconnect.yaml in `c:\\Users\\claud\\OneDrive\\Documentos\\NeuroAds\\LP\\dataconnect`\n"}}
[debug] [2026-05-06T07:53:06.177Z] E0506 04:53:06.108463   15908 watch.go:116] watchAllDir unable to walk dir `c:\Users\claud\OneDrive\Documentos\NeuroAds\LP\dataconnect`: GetFileAttributesEx c:\Users\claud\OneDrive\Documentos\NeuroAds\LP\dataconnect: The system cannot find the file specified.
E0506 04:53:06.109166   15908 watch.go:40] Failed to load config from "c:\\Users\\claud\\OneDrive\\Documentos\\NeuroAds\\LP\\dataconnect": could not find dataconnect.yaml in `c:\Users\claud\OneDrive\Documentos\NeuroAds\LP\dataconnect`
 {"metadata":{"emulator":{"name":"dataconnect"},"message":"E0506 04:53:06.108463   15908 watch.go:116] watchAllDir unable to walk dir `c:\\Users\\claud\\OneDrive\\Documentos\\NeuroAds\\LP\\dataconnect`: GetFileAttributesEx c:\\Users\\claud\\OneDrive\\Documentos\\NeuroAds\\LP\\dataconnect: The system cannot find the file specified.\nE0506 04:53:06.109166   15908 watch.go:40] Failed to load config from \"c:\\\\Users\\\\claud\\\\OneDrive\\\\Documentos\\\\NeuroAds\\\\LP\\\\dataconnect\": could not find dataconnect.yaml in `c:\\Users\\claud\\OneDrive\\Documentos\\NeuroAds\\LP\\dataconnect`\n"}}
[debug] [2026-05-06T07:53:16.175Z] E0506 04:53:16.108807   15908 watch.go:40] Failed to load config from "c:\\Users\\claud\\OneDrive\\Documentos\\NeuroAds\\LP\\dataconnect": could not find dataconnect.yaml in `c:\Users\claud\OneDrive\Documentos\NeuroAds\LP\dataconnect`
 {"metadata":{"emulator":{"name":"dataconnect"},"message":"E0506 04:53:16.108807   15908 watch.go:40] Failed to load config from \"c:\\\\Users\\\\claud\\\\OneDrive\\\\Documentos\\\\NeuroAds\\\\LP\\\\dataconnect\": could not find dataconnect.yaml in `c:\\Users\\claud\\OneDrive\\Documentos\\NeuroAds\\LP\\dataconnect`\n"}}
[debug] [2026-05-06T07:53:26.179Z] E0506 04:53:26.108988   15908 watch.go:40] Failed to load config from "c:\\Users\\claud\\OneDrive\\Documentos\\NeuroAds\\LP\\dataconnect": could not find dataconnect.yaml in `c:\Users\claud\OneDrive\Documentos\NeuroAds\LP\dataconnect`
 {"metadata":{"emulator":{"name":"dataconnect"},"message":"E0506 04:53:26.108988   15908 watch.go:40] Failed to load config from \"c:\\\\Users\\\\claud\\\\OneDrive\\\\Documentos\\\\NeuroAds\\\\LP\\\\dataconnect\": could not find dataconnect.yaml in `c:\\Users\\claud\\OneDrive\\Documentos\\NeuroAds\\LP\\dataconnect`\n"}}
[debug] [2026-05-06T07:53:36.127Z] E0506 04:53:36.109106   15908 watch.go:40] Failed to load config from "c:\\Users\\claud\\OneDrive\\Documentos\\NeuroAds\\LP\\dataconnect": could not find dataconnect.yaml in `c:\Users\claud\OneDrive\Documentos\NeuroAds\LP\dataconnect`
 {"metadata":{"emulator":{"name":"dataconnect"},"message":"E0506 04:53:36.109106   15908 watch.go:40] Failed to load config from \"c:\\\\Users\\\\claud\\\\OneDrive\\\\Documentos\\\\NeuroAds\\\\LP\\\\dataconnect\": could not find dataconnect.yaml in `c:\\Users\\claud\\OneDrive\\Documentos\\NeuroAds\\LP\\dataconnect`\n"}}
[debug] [2026-05-06T07:53:46.266Z] E0506 04:53:46.109198   15908 watch.go:40] Failed to load config from "c:\\Users\\claud\\OneDrive\\Documentos\\NeuroAds\\LP\\dataconnect": could not find dataconnect.yaml in `c:\Users\claud\OneDrive\Documentos\NeuroAds\LP\dataconnect`
 {"metadata":{"emulator":{"name":"dataconnect"},"message":"E0506 04:53:46.109198   15908 watch.go:40] Failed to load config from \"c:\\\\Users\\\\claud\\\\OneDrive\\\\Documentos\\\\NeuroAds\\\\LP\\\\dataconnect\": could not find dataconnect.yaml in `c:\\Users\\claud\\OneDrive\\Documentos\\NeuroAds\\LP\\dataconnect`\n"}}
[debug] [2026-05-06T07:53:56.170Z] E0506 04:53:56.109533   15908 watch.go:40] Failed to load config from "c:\\Users\\claud\\OneDrive\\Documentos\\NeuroAds\\LP\\dataconnect": could not find dataconnect.yaml in `c:\Users\claud\OneDrive\Documentos\NeuroAds\LP\dataconnect`
 {"metadata":{"emulator":{"name":"dataconnect"},"message":"E0506 04:53:56.109533   15908 watch.go:40] Failed to load config from \"c:\\\\Users\\\\claud\\\\OneDrive\\\\Documentos\\\\NeuroAds\\\\LP\\\\dataconnect\": could not find dataconnect.yaml in `c:\\Users\\claud\\OneDrive\\Documentos\\NeuroAds\\LP\\dataconnect`\n"}}
[debug] [2026-05-06T07:54:06.119Z] E0506 04:54:06.109022   15908 watch.go:40] Failed to load config from "c:\\Users\\claud\\OneDrive\\Documentos\\NeuroAds\\LP\\dataconnect": could not find dataconnect.yaml in `c:\Users\claud\OneDrive\Documentos\NeuroAds\LP\dataconnect`
E0506 04:54:06.108262   15908 watch.go:116] watchAllDir unable to walk dir `c:\Users\claud\OneDrive\Documentos\NeuroAds\LP\dataconnect`: GetFileAttributesEx c:\Users\claud\OneDrive\Documentos\NeuroAds\LP\dataconnect: The system cannot find the file specified.
 {"metadata":{"emulator":{"name":"dataconnect"},"message":"E0506 04:54:06.109022   15908 watch.go:40] Failed to load config from \"c:\\\\Users\\\\claud\\\\OneDrive\\\\Documentos\\\\NeuroAds\\\\LP\\\\dataconnect\": could not find dataconnect.yaml in `c:\\Users\\claud\\OneDrive\\Documentos\\NeuroAds\\LP\\dataconnect`\nE0506 04:54:06.108262   15908 watch.go:116] watchAllDir unable to walk dir `c:\\Users\\claud\\OneDrive\\Documentos\\NeuroAds\\LP\\dataconnect`: GetFileAttributesEx c:\\Users\\claud\\OneDrive\\Documentos\\NeuroAds\\LP\\dataconnect: The system cannot find the file specified.\n"}}
[debug] [2026-05-06T07:54:16.220Z] E0506 04:54:16.109269   15908 watch.go:40] Failed to load config from "c:\\Users\\claud\\OneDrive\\Documentos\\NeuroAds\\LP\\dataconnect": could not find dataconnect.yaml in `c:\Users\claud\OneDrive\Documentos\NeuroAds\LP\dataconnect`
 {"metadata":{"emulator":{"name":"dataconnect"},"message":"E0506 04:54:16.109269   15908 watch.go:40] Failed to load config from \"c:\\\\Users\\\\claud\\\\OneDrive\\\\Documentos\\\\NeuroAds\\\\LP\\\\dataconnect\": could not find dataconnect.yaml in `c:\\Users\\claud\\OneDrive\\Documentos\\NeuroAds\\LP\\dataconnect`\n"}}
[debug] [2026-05-06T07:54:26.111Z] E0506 04:54:26.109663   15908 watch.go:40] Failed to load config from "c:\\Users\\claud\\OneDrive\\Documentos\\NeuroAds\\LP\\dataconnect": could not find dataconnect.yaml in `c:\Users\claud\OneDrive\Documentos\NeuroAds\LP\dataconnect`
 {"metadata":{"emulator":{"name":"dataconnect"},"message":"E0506 04:54:26.109663   15908 watch.go:40] Failed to load config from \"c:\\\\Users\\\\claud\\\\OneDrive\\\\Documentos\\\\NeuroAds\\\\LP\\\\dataconnect\": could not find dataconnect.yaml in `c:\\Users\\claud\\OneDrive\\Documentos\\NeuroAds\\LP\\dataconnect`\n"}}
[debug] [2026-05-06T07:54:36.187Z] E0506 04:54:36.108775   15908 watch.go:40] Failed to load config from "c:\\Users\\claud\\OneDrive\\Documentos\\NeuroAds\\LP\\dataconnect": could not find dataconnect.yaml in `c:\Users\claud\OneDrive\Documentos\NeuroAds\LP\dataconnect`
 {"metadata":{"emulator":{"name":"dataconnect"},"message":"E0506 04:54:36.108775   15908 watch.go:40] Failed to load config from \"c:\\\\Users\\\\claud\\\\OneDrive\\\\Documentos\\\\NeuroAds\\\\LP\\\\dataconnect\": could not find dataconnect.yaml in `c:\\Users\\claud\\OneDrive\\Documentos\\NeuroAds\\LP\\dataconnect`\n"}}
[debug] [2026-05-06T07:54:46.135Z] E0506 04:54:46.108853   15908 watch.go:40] Failed to load config from "c:\\Users\\claud\\OneDrive\\Documentos\\NeuroAds\\LP\\dataconnect": could not find dataconnect.yaml in `c:\Users\claud\OneDrive\Documentos\NeuroAds\LP\dataconnect`
 {"metadata":{"emulator":{"name":"dataconnect"},"message":"E0506 04:54:46.108853   15908 watch.go:40] Failed to load config from \"c:\\\\Users\\\\claud\\\\OneDrive\\\\Documentos\\\\NeuroAds\\\\LP\\\\dataconnect\": could not find dataconnect.yaml in `c:\\Users\\claud\\OneDrive\\Documentos\\NeuroAds\\LP\\dataconnect`\n"}}
[debug] [2026-05-06T07:54:56.145Z] E0506 04:54:56.109182   15908 watch.go:40] Failed to load config from "c:\\Users\\claud\\OneDrive\\Documentos\\NeuroAds\\LP\\dataconnect": could not find dataconnect.yaml in `c:\Users\claud\OneDrive\Documentos\NeuroAds\LP\dataconnect`
 {"metadata":{"emulator":{"name":"dataconnect"},"message":"E0506 04:54:56.109182   15908 watch.go:40] Failed to load config from \"c:\\\\Users\\\\claud\\\\OneDrive\\\\Documentos\\\\NeuroAds\\\\LP\\\\dataconnect\": could not find dataconnect.yaml in `c:\\Users\\claud\\OneDrive\\Documentos\\NeuroAds\\LP\\dataconnect`\n"}}
[debug] [2026-05-06T07:55:06.320Z] E0506 04:55:06.108115   15908 watch.go:116] watchAllDir unable to walk dir `c:\Users\claud\OneDrive\Documentos\NeuroAds\LP\dataconnect`: GetFileAttributesEx c:\Users\claud\OneDrive\Documentos\NeuroAds\LP\dataconnect: The system cannot find the file specified.
E0506 04:55:06.108736   15908 watch.go:40] Failed to load config from "c:\\Users\\claud\\OneDrive\\Documentos\\NeuroAds\\LP\\dataconnect": could not find dataconnect.yaml in `c:\Users\claud\OneDrive\Documentos\NeuroAds\LP\dataconnect`
 {"metadata":{"emulator":{"name":"dataconnect"},"message":"E0506 04:55:06.108115   15908 watch.go:116] watchAllDir unable to walk dir `c:\\Users\\claud\\OneDrive\\Documentos\\NeuroAds\\LP\\dataconnect`: GetFileAttributesEx c:\\Users\\claud\\OneDrive\\Documentos\\NeuroAds\\LP\\dataconnect: The system cannot find the file specified.\nE0506 04:55:06.108736   15908 watch.go:40] Failed to load config from \"c:\\\\Users\\\\claud\\\\OneDrive\\\\Documentos\\\\NeuroAds\\\\LP\\\\dataconnect\": could not find dataconnect.yaml in `c:\\Users\\claud\\OneDrive\\Documentos\\NeuroAds\\LP\\dataconnect`\n"}}
[debug] [2026-05-06T07:55:16.200Z] E0506 04:55:16.108478   15908 watch.go:40] Failed to load config from "c:\\Users\\claud\\OneDrive\\Documentos\\NeuroAds\\LP\\dataconnect": could not find dataconnect.yaml in `c:\Users\claud\OneDrive\Documentos\NeuroAds\LP\dataconnect`
 {"metadata":{"emulator":{"name":"dataconnect"},"message":"E0506 04:55:16.108478   15908 watch.go:40] Failed to load config from \"c:\\\\Users\\\\claud\\\\OneDrive\\\\Documentos\\\\NeuroAds\\\\LP\\\\dataconnect\": could not find dataconnect.yaml in `c:\\Users\\claud\\OneDrive\\Documentos\\NeuroAds\\LP\\dataconnect`\n"}}
[debug] [2026-05-06T07:55:26.173Z] E0506 04:55:26.109881   15908 watch.go:40] Failed to load config from "c:\\Users\\claud\\OneDrive\\Documentos\\NeuroAds\\LP\\dataconnect": could not find dataconnect.yaml in `c:\Users\claud\OneDrive\Documentos\NeuroAds\LP\dataconnect`
 {"metadata":{"emulator":{"name":"dataconnect"},"message":"E0506 04:55:26.109881   15908 watch.go:40] Failed to load config from \"c:\\\\Users\\\\claud\\\\OneDrive\\\\Documentos\\\\NeuroAds\\\\LP\\\\dataconnect\": could not find dataconnect.yaml in `c:\\Users\\claud\\OneDrive\\Documentos\\NeuroAds\\LP\\dataconnect`\n"}}
[debug] [2026-05-06T07:55:36.135Z] E0506 04:55:36.108854   15908 watch.go:40] Failed to load config from "c:\\Users\\claud\\OneDrive\\Documentos\\NeuroAds\\LP\\dataconnect": could not find dataconnect.yaml in `c:\Users\claud\OneDrive\Documentos\NeuroAds\LP\dataconnect`
 {"metadata":{"emulator":{"name":"dataconnect"},"message":"E0506 04:55:36.108854   15908 watch.go:40] Failed to load config from \"c:\\\\Users\\\\claud\\\\OneDrive\\\\Documentos\\\\NeuroAds\\\\LP\\\\dataconnect\": could not find dataconnect.yaml in `c:\\Users\\claud\\OneDrive\\Documentos\\NeuroAds\\LP\\dataconnect`\n"}}
[debug] [2026-05-06T07:55:46.168Z] E0506 04:55:46.109217   15908 watch.go:40] Failed to load config from "c:\\Users\\claud\\OneDrive\\Documentos\\NeuroAds\\LP\\dataconnect": could not find dataconnect.yaml in `c:\Users\claud\OneDrive\Documentos\NeuroAds\LP\dataconnect`
 {"metadata":{"emulator":{"name":"dataconnect"},"message":"E0506 04:55:46.109217   15908 watch.go:40] Failed to load config from \"c:\\\\Users\\\\claud\\\\OneDrive\\\\Documentos\\\\NeuroAds\\\\LP\\\\dataconnect\": could not find dataconnect.yaml in `c:\\Users\\claud\\OneDrive\\Documentos\\NeuroAds\\LP\\dataconnect`\n"}}
[debug] [2026-05-06T07:55:56.145Z] E0506 04:55:56.108996   15908 watch.go:40] Failed to load config from "c:\\Users\\claud\\OneDrive\\Documentos\\NeuroAds\\LP\\dataconnect": could not find dataconnect.yaml in `c:\Users\claud\OneDrive\Documentos\NeuroAds\LP\dataconnect`
 {"metadata":{"emulator":{"name":"dataconnect"},"message":"E0506 04:55:56.108996   15908 watch.go:40] Failed to load config from \"c:\\\\Users\\\\claud\\\\OneDrive\\\\Documentos\\\\NeuroAds\\\\LP\\\\dataconnect\": could not find dataconnect.yaml in `c:\\Users\\claud\\OneDrive\\Documentos\\NeuroAds\\LP\\dataconnect`\n"}}
[debug] [2026-05-06T07:56:06.179Z] E0506 04:56:06.108541   15908 watch.go:116] watchAllDir unable to walk dir `c:\Users\claud\OneDrive\Documentos\NeuroAds\LP\dataconnect`: GetFileAttributesEx c:\Users\claud\OneDrive\Documentos\NeuroAds\LP\dataconnect: The system cannot find the file specified.
E0506 04:56:06.109273   15908 watch.go:40] Failed to load config from "c:\\Users\\claud\\OneDrive\\Documentos\\NeuroAds\\LP\\dataconnect": could not find dataconnect.yaml in `c:\Users\claud\OneDrive\Documentos\NeuroAds\LP\dataconnect`
 {"metadata":{"emulator":{"name":"dataconnect"},"message":"E0506 04:56:06.108541   15908 watch.go:116] watchAllDir unable to walk dir `c:\\Users\\claud\\OneDrive\\Documentos\\NeuroAds\\LP\\dataconnect`: GetFileAttributesEx c:\\Users\\claud\\OneDrive\\Documentos\\NeuroAds\\LP\\dataconnect: The system cannot find the file specified.\nE0506 04:56:06.109273   15908 watch.go:40] Failed to load config from \"c:\\\\Users\\\\claud\\\\OneDrive\\\\Documentos\\\\NeuroAds\\\\LP\\\\dataconnect\": could not find dataconnect.yaml in `c:\\Users\\claud\\OneDrive\\Documentos\\NeuroAds\\LP\\dataconnect`\n"}}
[debug] [2026-05-06T07:56:16.168Z] E0506 04:56:16.108433   15908 watch.go:40] Failed to load config from "c:\\Users\\claud\\OneDrive\\Documentos\\NeuroAds\\LP\\dataconnect": could not find dataconnect.yaml in `c:\Users\claud\OneDrive\Documentos\NeuroAds\LP\dataconnect`
 {"metadata":{"emulator":{"name":"dataconnect"},"message":"E0506 04:56:16.108433   15908 watch.go:40] Failed to load config from \"c:\\\\Users\\\\claud\\\\OneDrive\\\\Documentos\\\\NeuroAds\\\\LP\\\\dataconnect\": could not find dataconnect.yaml in `c:\\Users\\claud\\OneDrive\\Documentos\\NeuroAds\\LP\\dataconnect`\n"}}
[debug] [2026-05-06T07:56:26.249Z] E0506 04:56:26.108949   15908 watch.go:40] Failed to load config from "c:\\Users\\claud\\OneDrive\\Documentos\\NeuroAds\\LP\\dataconnect": could not find dataconnect.yaml in `c:\Users\claud\OneDrive\Documentos\NeuroAds\LP\dataconnect`
 {"metadata":{"emulator":{"name":"dataconnect"},"message":"E0506 04:56:26.108949   15908 watch.go:40] Failed to load config from \"c:\\\\Users\\\\claud\\\\OneDrive\\\\Documentos\\\\NeuroAds\\\\LP\\\\dataconnect\": could not find dataconnect.yaml in `c:\\Users\\claud\\OneDrive\\Documentos\\NeuroAds\\LP\\dataconnect`\n"}}
[debug] [2026-05-06T07:56:36.180Z] E0506 04:56:36.109000   15908 watch.go:40] Failed to load config from "c:\\Users\\claud\\OneDrive\\Documentos\\NeuroAds\\LP\\dataconnect": could not find dataconnect.yaml in `c:\Users\claud\OneDrive\Documentos\NeuroAds\LP\dataconnect`
 {"metadata":{"emulator":{"name":"dataconnect"},"message":"E0506 04:56:36.109000   15908 watch.go:40] Failed to load config from \"c:\\\\Users\\\\claud\\\\OneDrive\\\\Documentos\\\\NeuroAds\\\\LP\\\\dataconnect\": could not find dataconnect.yaml in `c:\\Users\\claud\\OneDrive\\Documentos\\NeuroAds\\LP\\dataconnect`\n"}}
[debug] [2026-05-06T07:56:46.203Z] E0506 04:56:46.109008   15908 watch.go:40] Failed to load config from "c:\\Users\\claud\\OneDrive\\Documentos\\NeuroAds\\LP\\dataconnect": could not find dataconnect.yaml in `c:\Users\claud\OneDrive\Documentos\NeuroAds\LP\dataconnect`
 {"metadata":{"emulator":{"name":"dataconnect"},"message":"E0506 04:56:46.109008   15908 watch.go:40] Failed to load config from \"c:\\\\Users\\\\claud\\\\OneDrive\\\\Documentos\\\\NeuroAds\\\\LP\\\\dataconnect\": could not find dataconnect.yaml in `c:\\Users\\claud\\OneDrive\\Documentos\\NeuroAds\\LP\\dataconnect`\n"}}
[debug] [2026-05-06T07:56:56.146Z] E0506 04:56:56.109735   15908 watch.go:40] Failed to load config from "c:\\Users\\claud\\OneDrive\\Documentos\\NeuroAds\\LP\\dataconnect": could not find dataconnect.yaml in `c:\Users\claud\OneDrive\Documentos\NeuroAds\LP\dataconnect`
 {"metadata":{"emulator":{"name":"dataconnect"},"message":"E0506 04:56:56.109735   15908 watch.go:40] Failed to load config from \"c:\\\\Users\\\\claud\\\\OneDrive\\\\Documentos\\\\NeuroAds\\\\LP\\\\dataconnect\": could not find dataconnect.yaml in `c:\\Users\\claud\\OneDrive\\Documentos\\NeuroAds\\LP\\dataconnect`\n"}}
[debug] [2026-05-06T07:57:06.279Z] E0506 04:57:06.108681   15908 watch.go:116] watchAllDir unable to walk dir `c:\Users\claud\OneDrive\Documentos\NeuroAds\LP\dataconnect`: GetFileAttributesEx c:\Users\claud\OneDrive\Documentos\NeuroAds\LP\dataconnect: The system cannot find the file specified.
E0506 04:57:06.110120   15908 watch.go:40] Failed to load config from "c:\\Users\\claud\\OneDrive\\Documentos\\NeuroAds\\LP\\dataconnect": could not find dataconnect.yaml in `c:\Users\claud\OneDrive\Documentos\NeuroAds\LP\dataconnect`
 {"metadata":{"emulator":{"name":"dataconnect"},"message":"E0506 04:57:06.108681   15908 watch.go:116] watchAllDir unable to walk dir `c:\\Users\\claud\\OneDrive\\Documentos\\NeuroAds\\LP\\dataconnect`: GetFileAttributesEx c:\\Users\\claud\\OneDrive\\Documentos\\NeuroAds\\LP\\dataconnect: The system cannot find the file specified.\nE0506 04:57:06.110120   15908 watch.go:40] Failed to load config from \"c:\\\\Users\\\\claud\\\\OneDrive\\\\Documentos\\\\NeuroAds\\\\LP\\\\dataconnect\": could not find dataconnect.yaml in `c:\\Users\\claud\\OneDrive\\Documentos\\NeuroAds\\LP\\dataconnect`\n"}}
[debug] [2026-05-06T07:57:16.175Z] E0506 04:57:16.108298   15908 watch.go:40] Failed to load config from "c:\\Users\\claud\\OneDrive\\Documentos\\NeuroAds\\LP\\dataconnect": could not find dataconnect.yaml in `c:\Users\claud\OneDrive\Documentos\NeuroAds\LP\dataconnect`
 {"metadata":{"emulator":{"name":"dataconnect"},"message":"E0506 04:57:16.108298   15908 watch.go:40] Failed to load config from \"c:\\\\Users\\\\claud\\\\OneDrive\\\\Documentos\\\\NeuroAds\\\\LP\\\\dataconnect\": could not find dataconnect.yaml in `c:\\Users\\claud\\OneDrive\\Documentos\\NeuroAds\\LP\\dataconnect`\n"}}
[debug] [2026-05-06T07:57:26.259Z] E0506 04:57:26.108782   15908 watch.go:40] Failed to load config from "c:\\Users\\claud\\OneDrive\\Documentos\\NeuroAds\\LP\\dataconnect": could not find dataconnect.yaml in `c:\Users\claud\OneDrive\Documentos\NeuroAds\LP\dataconnect`
 {"metadata":{"emulator":{"name":"dataconnect"},"message":"E0506 04:57:26.108782   15908 watch.go:40] Failed to load config from \"c:\\\\Users\\\\claud\\\\OneDrive\\\\Documentos\\\\NeuroAds\\\\LP\\\\dataconnect\": could not find dataconnect.yaml in `c:\\Users\\claud\\OneDrive\\Documentos\\NeuroAds\\LP\\dataconnect`\n"}}
[debug] [2026-05-06T07:57:36.424Z] E0506 04:57:36.110454   15908 watch.go:40] Failed to load config from "c:\\Users\\claud\\OneDrive\\Documentos\\NeuroAds\\LP\\dataconnect": could not find dataconnect.yaml in `c:\Users\claud\OneDrive\Documentos\NeuroAds\LP\dataconnect`
 {"metadata":{"emulator":{"name":"dataconnect"},"message":"E0506 04:57:36.110454   15908 watch.go:40] Failed to load config from \"c:\\\\Users\\\\claud\\\\OneDrive\\\\Documentos\\\\NeuroAds\\\\LP\\\\dataconnect\": could not find dataconnect.yaml in `c:\\Users\\claud\\OneDrive\\Documentos\\NeuroAds\\LP\\dataconnect`\n"}}
[debug] [2026-05-06T07:57:46.418Z] E0506 04:57:46.110719   15908 watch.go:40] Failed to load config from "c:\\Users\\claud\\OneDrive\\Documentos\\NeuroAds\\LP\\dataconnect": could not find dataconnect.yaml in `c:\Users\claud\OneDrive\Documentos\NeuroAds\LP\dataconnect`
 {"metadata":{"emulator":{"name":"dataconnect"},"message":"E0506 04:57:46.110719   15908 watch.go:40] Failed to load config from \"c:\\\\Users\\\\claud\\\\OneDrive\\\\Documentos\\\\NeuroAds\\\\LP\\\\dataconnect\": could not find dataconnect.yaml in `c:\\Users\\claud\\OneDrive\\Documentos\\NeuroAds\\LP\\dataconnect`\n"}}
[debug] [2026-05-06T07:57:56.546Z] E0506 04:57:56.116341   15908 watch.go:40] Failed to load config from "c:\\Users\\claud\\OneDrive\\Documentos\\NeuroAds\\LP\\dataconnect": could not find dataconnect.yaml in `c:\Users\claud\OneDrive\Documentos\NeuroAds\LP\dataconnect`
 {"metadata":{"emulator":{"name":"dataconnect"},"message":"E0506 04:57:56.116341   15908 watch.go:40] Failed to load config from \"c:\\\\Users\\\\claud\\\\OneDrive\\\\Documentos\\\\NeuroAds\\\\LP\\\\dataconnect\": could not find dataconnect.yaml in `c:\\Users\\claud\\OneDrive\\Documentos\\NeuroAds\\LP\\dataconnect`\n"}}
[debug] [2026-05-06T07:58:06.119Z] E0506 04:58:06.109033   15908 watch.go:116] watchAllDir unable to walk dir `c:\Users\claud\OneDrive\Documentos\NeuroAds\LP\dataconnect`: GetFileAttributesEx c:\Users\claud\OneDrive\Documentos\NeuroAds\LP\dataconnect: The system cannot find the file specified.
E0506 04:58:06.109779   15908 watch.go:40] Failed to load config from "c:\\Users\\claud\\OneDrive\\Documentos\\NeuroAds\\LP\\dataconnect": could not find dataconnect.yaml in `c:\Users\claud\OneDrive\Documentos\NeuroAds\LP\dataconnect`
 {"metadata":{"emulator":{"name":"dataconnect"},"message":"E0506 04:58:06.109033   15908 watch.go:116] watchAllDir unable to walk dir `c:\\Users\\claud\\OneDrive\\Documentos\\NeuroAds\\LP\\dataconnect`: GetFileAttributesEx c:\\Users\\claud\\OneDrive\\Documentos\\NeuroAds\\LP\\dataconnect: The system cannot find the file specified.\nE0506 04:58:06.109779   15908 watch.go:40] Failed to load config from \"c:\\\\Users\\\\claud\\\\OneDrive\\\\Documentos\\\\NeuroAds\\\\LP\\\\dataconnect\": could not find dataconnect.yaml in `c:\\Users\\claud\\OneDrive\\Documentos\\NeuroAds\\LP\\dataconnect`\n"}}
[debug] [2026-05-06T07:58:16.165Z] E0506 04:58:16.108982   15908 watch.go:40] Failed to load config from "c:\\Users\\claud\\OneDrive\\Documentos\\NeuroAds\\LP\\dataconnect": could not find dataconnect.yaml in `c:\Users\claud\OneDrive\Documentos\NeuroAds\LP\dataconnect`
 {"metadata":{"emulator":{"name":"dataconnect"},"message":"E0506 04:58:16.108982   15908 watch.go:40] Failed to load config from \"c:\\\\Users\\\\claud\\\\OneDrive\\\\Documentos\\\\NeuroAds\\\\LP\\\\dataconnect\": could not find dataconnect.yaml in `c:\\Users\\claud\\OneDrive\\Documentos\\NeuroAds\\LP\\dataconnect`\n"}}
[debug] [2026-05-06T07:58:26.241Z] E0506 04:58:26.109174   15908 watch.go:40] Failed to load config from "c:\\Users\\claud\\OneDrive\\Documentos\\NeuroAds\\LP\\dataconnect": could not find dataconnect.yaml in `c:\Users\claud\OneDrive\Documentos\NeuroAds\LP\dataconnect`
 {"metadata":{"emulator":{"name":"dataconnect"},"message":"E0506 04:58:26.109174   15908 watch.go:40] Failed to load config from \"c:\\\\Users\\\\claud\\\\OneDrive\\\\Documentos\\\\NeuroAds\\\\LP\\\\dataconnect\": could not find dataconnect.yaml in `c:\\Users\\claud\\OneDrive\\Documentos\\NeuroAds\\LP\\dataconnect`\n"}}
[debug] [2026-05-06T07:58:36.150Z] E0506 04:58:36.109819   15908 watch.go:40] Failed to load config from "c:\\Users\\claud\\OneDrive\\Documentos\\NeuroAds\\LP\\dataconnect": could not find dataconnect.yaml in `c:\Users\claud\OneDrive\Documentos\NeuroAds\LP\dataconnect`
 {"metadata":{"emulator":{"name":"dataconnect"},"message":"E0506 04:58:36.109819   15908 watch.go:40] Failed to load config from \"c:\\\\Users\\\\claud\\\\OneDrive\\\\Documentos\\\\NeuroAds\\\\LP\\\\dataconnect\": could not find dataconnect.yaml in `c:\\Users\\claud\\OneDrive\\Documentos\\NeuroAds\\LP\\dataconnect`\n"}}
[debug] [2026-05-06T07:58:46.302Z] E0506 04:58:46.108990   15908 watch.go:40] Failed to load config from "c:\\Users\\claud\\OneDrive\\Documentos\\NeuroAds\\LP\\dataconnect": could not find dataconnect.yaml in `c:\Users\claud\OneDrive\Documentos\NeuroAds\LP\dataconnect`
 {"metadata":{"emulator":{"name":"dataconnect"},"message":"E0506 04:58:46.108990   15908 watch.go:40] Failed to load config from \"c:\\\\Users\\\\claud\\\\OneDrive\\\\Documentos\\\\NeuroAds\\\\LP\\\\dataconnect\": could not find dataconnect.yaml in `c:\\Users\\claud\\OneDrive\\Documentos\\NeuroAds\\LP\\dataconnect`\n"}}
[debug] [2026-05-06T07:58:56.526Z] E0506 04:58:56.110205   15908 watch.go:40] Failed to load config from "c:\\Users\\claud\\OneDrive\\Documentos\\NeuroAds\\LP\\dataconnect": could not find dataconnect.yaml in `c:\Users\claud\OneDrive\Documentos\NeuroAds\LP\dataconnect`
 {"metadata":{"emulator":{"name":"dataconnect"},"message":"E0506 04:58:56.110205   15908 watch.go:40] Failed to load config from \"c:\\\\Users\\\\claud\\\\OneDrive\\\\Documentos\\\\NeuroAds\\\\LP\\\\dataconnect\": could not find dataconnect.yaml in `c:\\Users\\claud\\OneDrive\\Documentos\\NeuroAds\\LP\\dataconnect`\n"}}
[debug] [2026-05-06T07:59:06.240Z] E0506 04:59:06.108995   15908 watch.go:116] watchAllDir unable to walk dir `c:\Users\claud\OneDrive\Documentos\NeuroAds\LP\dataconnect`: GetFileAttributesEx c:\Users\claud\OneDrive\Documentos\NeuroAds\LP\dataconnect: The system cannot find the file specified.
E0506 04:59:06.109580   15908 watch.go:40] Failed to load config from "c:\\Users\\claud\\OneDrive\\Documentos\\NeuroAds\\LP\\dataconnect": could not find dataconnect.yaml in `c:\Users\claud\OneDrive\Documentos\NeuroAds\LP\dataconnect`
 {"metadata":{"emulator":{"name":"dataconnect"},"message":"E0506 04:59:06.108995   15908 watch.go:116] watchAllDir unable to walk dir `c:\\Users\\claud\\OneDrive\\Documentos\\NeuroAds\\LP\\dataconnect`: GetFileAttributesEx c:\\Users\\claud\\OneDrive\\Documentos\\NeuroAds\\LP\\dataconnect: The system cannot find the file specified.\nE0506 04:59:06.109580   15908 watch.go:40] Failed to load config from \"c:\\\\Users\\\\claud\\\\OneDrive\\\\Documentos\\\\NeuroAds\\\\LP\\\\dataconnect\": could not find dataconnect.yaml in `c:\\Users\\claud\\OneDrive\\Documentos\\NeuroAds\\LP\\dataconnect`\n"}}
[debug] [2026-05-06T07:59:16.121Z] E0506 04:59:16.121347   15908 watch.go:40] Failed to load config from "c:\\Users\\claud\\OneDrive\\Documentos\\NeuroAds\\LP\\dataconnect": could not find dataconnect.yaml in `c:\Users\claud\OneDrive\Documentos\NeuroAds\LP\dataconnect`
 {"metadata":{"emulator":{"name":"dataconnect"},"message":"E0506 04:59:16.121347   15908 watch.go:40] Failed to load config from \"c:\\\\Users\\\\claud\\\\OneDrive\\\\Documentos\\\\NeuroAds\\\\LP\\\\dataconnect\": could not find dataconnect.yaml in `c:\\Users\\claud\\OneDrive\\Documentos\\NeuroAds\\LP\\dataconnect`\n"}}
[debug] [2026-05-06T07:59:26.369Z] E0506 04:59:26.111848   15908 watch.go:40] Failed to load config from "c:\\Users\\claud\\OneDrive\\Documentos\\NeuroAds\\LP\\dataconnect": could not find dataconnect.yaml in `c:\Users\claud\OneDrive\Documentos\NeuroAds\LP\dataconnect`
 {"metadata":{"emulator":{"name":"dataconnect"},"message":"E0506 04:59:26.111848   15908 watch.go:40] Failed to load config from \"c:\\\\Users\\\\claud\\\\OneDrive\\\\Documentos\\\\NeuroAds\\\\LP\\\\dataconnect\": could not find dataconnect.yaml in `c:\\Users\\claud\\OneDrive\\Documentos\\NeuroAds\\LP\\dataconnect`\n"}}
[debug] [2026-05-06T07:59:36.294Z] E0506 04:59:36.112721   15908 watch.go:40] Failed to load config from "c:\\Users\\claud\\OneDrive\\Documentos\\NeuroAds\\LP\\dataconnect": could not find dataconnect.yaml in `c:\Users\claud\OneDrive\Documentos\NeuroAds\LP\dataconnect`
 {"metadata":{"emulator":{"name":"dataconnect"},"message":"E0506 04:59:36.112721   15908 watch.go:40] Failed to load config from \"c:\\\\Users\\\\claud\\\\OneDrive\\\\Documentos\\\\NeuroAds\\\\LP\\\\dataconnect\": could not find dataconnect.yaml in `c:\\Users\\claud\\OneDrive\\Documentos\\NeuroAds\\LP\\dataconnect`\n"}}
[debug] [2026-05-06T07:59:46.358Z] E0506 04:59:46.109379   15908 watch.go:40] Failed to load config from "c:\\Users\\claud\\OneDrive\\Documentos\\NeuroAds\\LP\\dataconnect": could not find dataconnect.yaml in `c:\Users\claud\OneDrive\Documentos\NeuroAds\LP\dataconnect`
 {"metadata":{"emulator":{"name":"dataconnect"},"message":"E0506 04:59:46.109379   15908 watch.go:40] Failed to load config from \"c:\\\\Users\\\\claud\\\\OneDrive\\\\Documentos\\\\NeuroAds\\\\LP\\\\dataconnect\": could not find dataconnect.yaml in `c:\\Users\\claud\\OneDrive\\Documentos\\NeuroAds\\LP\\dataconnect`\n"}}
[debug] [2026-05-06T07:59:56.323Z] E0506 04:59:56.109205   15908 watch.go:40] Failed to load config from "c:\\Users\\claud\\OneDrive\\Documentos\\NeuroAds\\LP\\dataconnect": could not find dataconnect.yaml in `c:\Users\claud\OneDrive\Documentos\NeuroAds\LP\dataconnect`
 {"metadata":{"emulator":{"name":"dataconnect"},"message":"E0506 04:59:56.109205   15908 watch.go:40] Failed to load config from \"c:\\\\Users\\\\claud\\\\OneDrive\\\\Documentos\\\\NeuroAds\\\\LP\\\\dataconnect\": could not find dataconnect.yaml in `c:\\Users\\claud\\OneDrive\\Documentos\\NeuroAds\\LP\\dataconnect`\n"}}
[debug] [2026-05-06T08:00:06.127Z] E0506 05:00:06.108896   15908 watch.go:116] watchAllDir unable to walk dir `c:\Users\claud\OneDrive\Documentos\NeuroAds\LP\dataconnect`: GetFileAttributesEx c:\Users\claud\OneDrive\Documentos\NeuroAds\LP\dataconnect: The system cannot find the file specified.
E0506 05:00:06.108896   15908 watch.go:40] Failed to load config from "c:\\Users\\claud\\OneDrive\\Documentos\\NeuroAds\\LP\\dataconnect": could not find dataconnect.yaml in `c:\Users\claud\OneDrive\Documentos\NeuroAds\LP\dataconnect`
 {"metadata":{"emulator":{"name":"dataconnect"},"message":"E0506 05:00:06.108896   15908 watch.go:116] watchAllDir unable to walk dir `c:\\Users\\claud\\OneDrive\\Documentos\\NeuroAds\\LP\\dataconnect`: GetFileAttributesEx c:\\Users\\claud\\OneDrive\\Documentos\\NeuroAds\\LP\\dataconnect: The system cannot find the file specified.\nE0506 05:00:06.108896   15908 watch.go:40] Failed to load config from \"c:\\\\Users\\\\claud\\\\OneDrive\\\\Documentos\\\\NeuroAds\\\\LP\\\\dataconnect\": could not find dataconnect.yaml in `c:\\Users\\claud\\OneDrive\\Documentos\\NeuroAds\\LP\\dataconnect`\n"}}
[debug] [2026-05-06T08:00:16.167Z] E0506 05:00:16.109407   15908 watch.go:40] Failed to load config from "c:\\Users\\claud\\OneDrive\\Documentos\\NeuroAds\\LP\\dataconnect": could not find dataconnect.yaml in `c:\Users\claud\OneDrive\Documentos\NeuroAds\LP\dataconnect`
 {"metadata":{"emulator":{"name":"dataconnect"},"message":"E0506 05:00:16.109407   15908 watch.go:40] Failed to load config from \"c:\\\\Users\\\\claud\\\\OneDrive\\\\Documentos\\\\NeuroAds\\\\LP\\\\dataconnect\": could not find dataconnect.yaml in `c:\\Users\\claud\\OneDrive\\Documentos\\NeuroAds\\LP\\dataconnect`\n"}}
[debug] [2026-05-06T08:00:26.356Z] E0506 05:00:26.109475   15908 watch.go:40] Failed to load config from "c:\\Users\\claud\\OneDrive\\Documentos\\NeuroAds\\LP\\dataconnect": could not find dataconnect.yaml in `c:\Users\claud\OneDrive\Documentos\NeuroAds\LP\dataconnect`
 {"metadata":{"emulator":{"name":"dataconnect"},"message":"E0506 05:00:26.109475   15908 watch.go:40] Failed to load config from \"c:\\\\Users\\\\claud\\\\OneDrive\\\\Documentos\\\\NeuroAds\\\\LP\\\\dataconnect\": could not find dataconnect.yaml in `c:\\Users\\claud\\OneDrive\\Documentos\\NeuroAds\\LP\\dataconnect`\n"}}
[debug] [2026-05-06T08:00:36.278Z] E0506 05:00:36.109186   15908 watch.go:40] Failed to load config from "c:\\Users\\claud\\OneDrive\\Documentos\\NeuroAds\\LP\\dataconnect": could not find dataconnect.yaml in `c:\Users\claud\OneDrive\Documentos\NeuroAds\LP\dataconnect`
 {"metadata":{"emulator":{"name":"dataconnect"},"message":"E0506 05:00:36.109186   15908 watch.go:40] Failed to load config from \"c:\\\\Users\\\\claud\\\\OneDrive\\\\Documentos\\\\NeuroAds\\\\LP\\\\dataconnect\": could not find dataconnect.yaml in `c:\\Users\\claud\\OneDrive\\Documentos\\NeuroAds\\LP\\dataconnect`\n"}}
[debug] [2026-05-06T08:00:46.208Z] E0506 05:00:46.114140   15908 watch.go:40] Failed to load config from "c:\\Users\\claud\\OneDrive\\Documentos\\NeuroAds\\LP\\dataconnect": could not find dataconnect.yaml in `c:\Users\claud\OneDrive\Documentos\NeuroAds\LP\dataconnect`
 {"metadata":{"emulator":{"name":"dataconnect"},"message":"E0506 05:00:46.114140   15908 watch.go:40] Failed to load config from \"c:\\\\Users\\\\claud\\\\OneDrive\\\\Documentos\\\\NeuroAds\\\\LP\\\\dataconnect\": could not find dataconnect.yaml in `c:\\Users\\claud\\OneDrive\\Documentos\\NeuroAds\\LP\\dataconnect`\n"}}
[debug] [2026-05-06T08:00:56.109Z] E0506 05:00:56.109013   15908 watch.go:40] Failed to load config from "c:\\Users\\claud\\OneDrive\\Documentos\\NeuroAds\\LP\\dataconnect": could not find dataconnect.yaml in `c:\Users\claud\OneDrive\Documentos\NeuroAds\LP\dataconnect`
 {"metadata":{"emulator":{"name":"dataconnect"},"message":"E0506 05:00:56.109013   15908 watch.go:40] Failed to load config from \"c:\\\\Users\\\\claud\\\\OneDrive\\\\Documentos\\\\NeuroAds\\\\LP\\\\dataconnect\": could not find dataconnect.yaml in `c:\\Users\\claud\\OneDrive\\Documentos\\NeuroAds\\LP\\dataconnect`\n"}}
[debug] [2026-05-06T08:01:06.181Z] E0506 05:01:06.108899   15908 watch.go:40] Failed to load config from "c:\\Users\\claud\\OneDrive\\Documentos\\NeuroAds\\LP\\dataconnect": could not find dataconnect.yaml in `c:\Users\claud\OneDrive\Documentos\NeuroAds\LP\dataconnect`
E0506 05:01:06.108899   15908 watch.go:116] watchAllDir unable to walk dir `c:\Users\claud\OneDrive\Documentos\NeuroAds\LP\dataconnect`: GetFileAttributesEx c:\Users\claud\OneDrive\Documentos\NeuroAds\LP\dataconnect: The system cannot find the file specified.
 {"metadata":{"emulator":{"name":"dataconnect"},"message":"E0506 05:01:06.108899   15908 watch.go:40] Failed to load config from \"c:\\\\Users\\\\claud\\\\OneDrive\\\\Documentos\\\\NeuroAds\\\\LP\\\\dataconnect\": could not find dataconnect.yaml in `c:\\Users\\claud\\OneDrive\\Documentos\\NeuroAds\\LP\\dataconnect`\nE0506 05:01:06.108899   15908 watch.go:116] watchAllDir unable to walk dir `c:\\Users\\claud\\OneDrive\\Documentos\\NeuroAds\\LP\\dataconnect`: GetFileAttributesEx c:\\Users\\claud\\OneDrive\\Documentos\\NeuroAds\\LP\\dataconnect: The system cannot find the file specified.\n"}}
[debug] [2026-05-06T08:01:16.111Z] E0506 05:01:16.108319   15908 watch.go:40] Failed to load config from "c:\\Users\\claud\\OneDrive\\Documentos\\NeuroAds\\LP\\dataconnect": could not find dataconnect.yaml in `c:\Users\claud\OneDrive\Documentos\NeuroAds\LP\dataconnect`
 {"metadata":{"emulator":{"name":"dataconnect"},"message":"E0506 05:01:16.108319   15908 watch.go:40] Failed to load config from \"c:\\\\Users\\\\claud\\\\OneDrive\\\\Documentos\\\\NeuroAds\\\\LP\\\\dataconnect\": could not find dataconnect.yaml in `c:\\Users\\claud\\OneDrive\\Documentos\\NeuroAds\\LP\\dataconnect`\n"}}
[debug] [2026-05-06T08:01:26.204Z] E0506 05:01:26.109532   15908 watch.go:40] Failed to load config from "c:\\Users\\claud\\OneDrive\\Documentos\\NeuroAds\\LP\\dataconnect": could not find dataconnect.yaml in `c:\Users\claud\OneDrive\Documentos\NeuroAds\LP\dataconnect`
 {"metadata":{"emulator":{"name":"dataconnect"},"message":"E0506 05:01:26.109532   15908 watch.go:40] Failed to load config from \"c:\\\\Users\\\\claud\\\\OneDrive\\\\Documentos\\\\NeuroAds\\\\LP\\\\dataconnect\": could not find dataconnect.yaml in `c:\\Users\\claud\\OneDrive\\Documentos\\NeuroAds\\LP\\dataconnect`\n"}}
[debug] [2026-05-06T08:01:36.117Z] E0506 05:01:36.109014   15908 watch.go:40] Failed to load config from "c:\\Users\\claud\\OneDrive\\Documentos\\NeuroAds\\LP\\dataconnect": could not find dataconnect.yaml in `c:\Users\claud\OneDrive\Documentos\NeuroAds\LP\dataconnect`
 {"metadata":{"emulator":{"name":"dataconnect"},"message":"E0506 05:01:36.109014   15908 watch.go:40] Failed to load config from \"c:\\\\Users\\\\claud\\\\OneDrive\\\\Documentos\\\\NeuroAds\\\\LP\\\\dataconnect\": could not find dataconnect.yaml in `c:\\Users\\claud\\OneDrive\\Documentos\\NeuroAds\\LP\\dataconnect`\n"}}
[debug] [2026-05-06T08:01:46.210Z] E0506 05:01:46.108399   15908 watch.go:40] Failed to load config from "c:\\Users\\claud\\OneDrive\\Documentos\\NeuroAds\\LP\\dataconnect": could not find dataconnect.yaml in `c:\Users\claud\OneDrive\Documentos\NeuroAds\LP\dataconnect`
 {"metadata":{"emulator":{"name":"dataconnect"},"message":"E0506 05:01:46.108399   15908 watch.go:40] Failed to load config from \"c:\\\\Users\\\\claud\\\\OneDrive\\\\Documentos\\\\NeuroAds\\\\LP\\\\dataconnect\": could not find dataconnect.yaml in `c:\\Users\\claud\\OneDrive\\Documentos\\NeuroAds\\LP\\dataconnect`\n"}}
[debug] [2026-05-06T08:01:56.186Z] E0506 05:01:56.108365   15908 watch.go:40] Failed to load config from "c:\\Users\\claud\\OneDrive\\Documentos\\NeuroAds\\LP\\dataconnect": could not find dataconnect.yaml in `c:\Users\claud\OneDrive\Documentos\NeuroAds\LP\dataconnect`
 {"metadata":{"emulator":{"name":"dataconnect"},"message":"E0506 05:01:56.108365   15908 watch.go:40] Failed to load config from \"c:\\\\Users\\\\claud\\\\OneDrive\\\\Documentos\\\\NeuroAds\\\\LP\\\\dataconnect\": could not find dataconnect.yaml in `c:\\Users\\claud\\OneDrive\\Documentos\\NeuroAds\\LP\\dataconnect`\n"}}
[debug] [2026-05-06T08:02:06.282Z] E0506 05:02:06.108786   15908 watch.go:116] watchAllDir unable to walk dir `c:\Users\claud\OneDrive\Documentos\NeuroAds\LP\dataconnect`: GetFileAttributesEx c:\Users\claud\OneDrive\Documentos\NeuroAds\LP\dataconnect: The system cannot find the file specified.
E0506 05:02:06.110231   15908 watch.go:40] Failed to load config from "c:\\Users\\claud\\OneDrive\\Documentos\\NeuroAds\\LP\\dataconnect": could not find dataconnect.yaml in `c:\Users\claud\OneDrive\Documentos\NeuroAds\LP\dataconnect`
 {"metadata":{"emulator":{"name":"dataconnect"},"message":"E0506 05:02:06.108786   15908 watch.go:116] watchAllDir unable to walk dir `c:\\Users\\claud\\OneDrive\\Documentos\\NeuroAds\\LP\\dataconnect`: GetFileAttributesEx c:\\Users\\claud\\OneDrive\\Documentos\\NeuroAds\\LP\\dataconnect: The system cannot find the file specified.\nE0506 05:02:06.110231   15908 watch.go:40] Failed to load config from \"c:\\\\Users\\\\claud\\\\OneDrive\\\\Documentos\\\\NeuroAds\\\\LP\\\\dataconnect\": could not find dataconnect.yaml in `c:\\Users\\claud\\OneDrive\\Documentos\\NeuroAds\\LP\\dataconnect`\n"}}
[debug] [2026-05-06T08:02:16.819Z] E0506 05:02:16.109488   15908 watch.go:40] Failed to load config from "c:\\Users\\claud\\OneDrive\\Documentos\\NeuroAds\\LP\\dataconnect": could not find dataconnect.yaml in `c:\Users\claud\OneDrive\Documentos\NeuroAds\LP\dataconnect`
 {"metadata":{"emulator":{"name":"dataconnect"},"message":"E0506 05:02:16.109488   15908 watch.go:40] Failed to load config from \"c:\\\\Users\\\\claud\\\\OneDrive\\\\Documentos\\\\NeuroAds\\\\LP\\\\dataconnect\": could not find dataconnect.yaml in `c:\\Users\\claud\\OneDrive\\Documentos\\NeuroAds\\LP\\dataconnect`\n"}}
[debug] [2026-05-06T08:02:26.264Z] E0506 05:02:26.111579   15908 watch.go:40] Failed to load config from "c:\\Users\\claud\\OneDrive\\Documentos\\NeuroAds\\LP\\dataconnect": could not find dataconnect.yaml in `c:\Users\claud\OneDrive\Documentos\NeuroAds\LP\dataconnect`
 {"metadata":{"emulator":{"name":"dataconnect"},"message":"E0506 05:02:26.111579   15908 watch.go:40] Failed to load config from \"c:\\\\Users\\\\claud\\\\OneDrive\\\\Documentos\\\\NeuroAds\\\\LP\\\\dataconnect\": could not find dataconnect.yaml in `c:\\Users\\claud\\OneDrive\\Documentos\\NeuroAds\\LP\\dataconnect`\n"}}
[debug] [2026-05-06T08:02:36.369Z] E0506 05:02:36.112424   15908 watch.go:40] Failed to load config from "c:\\Users\\claud\\OneDrive\\Documentos\\NeuroAds\\LP\\dataconnect": could not find dataconnect.yaml in `c:\Users\claud\OneDrive\Documentos\NeuroAds\LP\dataconnect`
 {"metadata":{"emulator":{"name":"dataconnect"},"message":"E0506 05:02:36.112424   15908 watch.go:40] Failed to load config from \"c:\\\\Users\\\\claud\\\\OneDrive\\\\Documentos\\\\NeuroAds\\\\LP\\\\dataconnect\": could not find dataconnect.yaml in `c:\\Users\\claud\\OneDrive\\Documentos\\NeuroAds\\LP\\dataconnect`\n"}}
[debug] [2026-05-06T08:02:46.127Z] E0506 05:02:46.110616   15908 watch.go:40] Failed to load config from "c:\\Users\\claud\\OneDrive\\Documentos\\NeuroAds\\LP\\dataconnect": could not find dataconnect.yaml in `c:\Users\claud\OneDrive\Documentos\NeuroAds\LP\dataconnect`
 {"metadata":{"emulator":{"name":"dataconnect"},"message":"E0506 05:02:46.110616   15908 watch.go:40] Failed to load config from \"c:\\\\Users\\\\claud\\\\OneDrive\\\\Documentos\\\\NeuroAds\\\\LP\\\\dataconnect\": could not find dataconnect.yaml in `c:\\Users\\claud\\OneDrive\\Documentos\\NeuroAds\\LP\\dataconnect`\n"}}
[debug] [2026-05-06T08:02:56.117Z] E0506 05:02:56.109345   15908 watch.go:40] Failed to load config from "c:\\Users\\claud\\OneDrive\\Documentos\\NeuroAds\\LP\\dataconnect": could not find dataconnect.yaml in `c:\Users\claud\OneDrive\Documentos\NeuroAds\LP\dataconnect`
 {"metadata":{"emulator":{"name":"dataconnect"},"message":"E0506 05:02:56.109345   15908 watch.go:40] Failed to load config from \"c:\\\\Users\\\\claud\\\\OneDrive\\\\Documentos\\\\NeuroAds\\\\LP\\\\dataconnect\": could not find dataconnect.yaml in `c:\\Users\\claud\\OneDrive\\Documentos\\NeuroAds\\LP\\dataconnect`\n"}}
[debug] [2026-05-06T08:03:06.211Z] E0506 05:03:06.108642   15908 watch.go:116] watchAllDir unable to walk dir `c:\Users\claud\OneDrive\Documentos\NeuroAds\LP\dataconnect`: GetFileAttributesEx c:\Users\claud\OneDrive\Documentos\NeuroAds\LP\dataconnect: The system cannot find the file specified.
E0506 05:03:06.109419   15908 watch.go:40] Failed to load config from "c:\\Users\\claud\\OneDrive\\Documentos\\NeuroAds\\LP\\dataconnect": could not find dataconnect.yaml in `c:\Users\claud\OneDrive\Documentos\NeuroAds\LP\dataconnect`
 {"metadata":{"emulator":{"name":"dataconnect"},"message":"E0506 05:03:06.108642   15908 watch.go:116] watchAllDir unable to walk dir `c:\\Users\\claud\\OneDrive\\Documentos\\NeuroAds\\LP\\dataconnect`: GetFileAttributesEx c:\\Users\\claud\\OneDrive\\Documentos\\NeuroAds\\LP\\dataconnect: The system cannot find the file specified.\nE0506 05:03:06.109419   15908 watch.go:40] Failed to load config from \"c:\\\\Users\\\\claud\\\\OneDrive\\\\Documentos\\\\NeuroAds\\\\LP\\\\dataconnect\": could not find dataconnect.yaml in `c:\\Users\\claud\\OneDrive\\Documentos\\NeuroAds\\LP\\dataconnect`\n"}}
[debug] [2026-05-06T08:03:16.190Z] E0506 05:03:16.109112   15908 watch.go:40] Failed to load config from "c:\\Users\\claud\\OneDrive\\Documentos\\NeuroAds\\LP\\dataconnect": could not find dataconnect.yaml in `c:\Users\claud\OneDrive\Documentos\NeuroAds\LP\dataconnect`
 {"metadata":{"emulator":{"name":"dataconnect"},"message":"E0506 05:03:16.109112   15908 watch.go:40] Failed to load config from \"c:\\\\Users\\\\claud\\\\OneDrive\\\\Documentos\\\\NeuroAds\\\\LP\\\\dataconnect\": could not find dataconnect.yaml in `c:\\Users\\claud\\OneDrive\\Documentos\\NeuroAds\\LP\\dataconnect`\n"}}
[debug] [2026-05-06T08:03:26.221Z] E0506 05:03:26.109294   15908 watch.go:40] Failed to load config from "c:\\Users\\claud\\OneDrive\\Documentos\\NeuroAds\\LP\\dataconnect": could not find dataconnect.yaml in `c:\Users\claud\OneDrive\Documentos\NeuroAds\LP\dataconnect`
 {"metadata":{"emulator":{"name":"dataconnect"},"message":"E0506 05:03:26.109294   15908 watch.go:40] Failed to load config from \"c:\\\\Users\\\\claud\\\\OneDrive\\\\Documentos\\\\NeuroAds\\\\LP\\\\dataconnect\": could not find dataconnect.yaml in `c:\\Users\\claud\\OneDrive\\Documentos\\NeuroAds\\LP\\dataconnect`\n"}}
[debug] [2026-05-06T08:03:36.227Z] E0506 05:03:36.108812   15908 watch.go:40] Failed to load config from "c:\\Users\\claud\\OneDrive\\Documentos\\NeuroAds\\LP\\dataconnect": could not find dataconnect.yaml in `c:\Users\claud\OneDrive\Documentos\NeuroAds\LP\dataconnect`
 {"metadata":{"emulator":{"name":"dataconnect"},"message":"E0506 05:03:36.108812   15908 watch.go:40] Failed to load config from \"c:\\\\Users\\\\claud\\\\OneDrive\\\\Documentos\\\\NeuroAds\\\\LP\\\\dataconnect\": could not find dataconnect.yaml in `c:\\Users\\claud\\OneDrive\\Documentos\\NeuroAds\\LP\\dataconnect`\n"}}
[debug] [2026-05-06T08:03:46.157Z] E0506 05:03:46.108178   15908 watch.go:40] Failed to load config from "c:\\Users\\claud\\OneDrive\\Documentos\\NeuroAds\\LP\\dataconnect": could not find dataconnect.yaml in `c:\Users\claud\OneDrive\Documentos\NeuroAds\LP\dataconnect`
 {"metadata":{"emulator":{"name":"dataconnect"},"message":"E0506 05:03:46.108178   15908 watch.go:40] Failed to load config from \"c:\\\\Users\\\\claud\\\\OneDrive\\\\Documentos\\\\NeuroAds\\\\LP\\\\dataconnect\": could not find dataconnect.yaml in `c:\\Users\\claud\\OneDrive\\Documentos\\NeuroAds\\LP\\dataconnect`\n"}}
[debug] [2026-05-06T08:03:56.178Z] E0506 05:03:56.114451   15908 watch.go:40] Failed to load config from "c:\\Users\\claud\\OneDrive\\Documentos\\NeuroAds\\LP\\dataconnect": could not find dataconnect.yaml in `c:\Users\claud\OneDrive\Documentos\NeuroAds\LP\dataconnect`
 {"metadata":{"emulator":{"name":"dataconnect"},"message":"E0506 05:03:56.114451   15908 watch.go:40] Failed to load config from \"c:\\\\Users\\\\claud\\\\OneDrive\\\\Documentos\\\\NeuroAds\\\\LP\\\\dataconnect\": could not find dataconnect.yaml in `c:\\Users\\claud\\OneDrive\\Documentos\\NeuroAds\\LP\\dataconnect`\n"}}
[debug] [2026-05-06T08:04:06.151Z] E0506 05:04:06.108479   15908 watch.go:116] watchAllDir unable to walk dir `c:\Users\claud\OneDrive\Documentos\NeuroAds\LP\dataconnect`: GetFileAttributesEx c:\Users\claud\OneDrive\Documentos\NeuroAds\LP\dataconnect: The system cannot find the file specified.
E0506 05:04:06.109818   15908 watch.go:40] Failed to load config from "c:\\Users\\claud\\OneDrive\\Documentos\\NeuroAds\\LP\\dataconnect": could not find dataconnect.yaml in `c:\Users\claud\OneDrive\Documentos\NeuroAds\LP\dataconnect`
 {"metadata":{"emulator":{"name":"dataconnect"},"message":"E0506 05:04:06.108479   15908 watch.go:116] watchAllDir unable to walk dir `c:\\Users\\claud\\OneDrive\\Documentos\\NeuroAds\\LP\\dataconnect`: GetFileAttributesEx c:\\Users\\claud\\OneDrive\\Documentos\\NeuroAds\\LP\\dataconnect: The system cannot find the file specified.\nE0506 05:04:06.109818   15908 watch.go:40] Failed to load config from \"c:\\\\Users\\\\claud\\\\OneDrive\\\\Documentos\\\\NeuroAds\\\\LP\\\\dataconnect\": could not find dataconnect.yaml in `c:\\Users\\claud\\OneDrive\\Documentos\\NeuroAds\\LP\\dataconnect`\n"}}
[debug] [2026-05-06T08:04:16.194Z] E0506 05:04:16.110421   15908 watch.go:40] Failed to load config from "c:\\Users\\claud\\OneDrive\\Documentos\\NeuroAds\\LP\\dataconnect": could not find dataconnect.yaml in `c:\Users\claud\OneDrive\Documentos\NeuroAds\LP\dataconnect`
 {"metadata":{"emulator":{"name":"dataconnect"},"message":"E0506 05:04:16.110421   15908 watch.go:40] Failed to load config from \"c:\\\\Users\\\\claud\\\\OneDrive\\\\Documentos\\\\NeuroAds\\\\LP\\\\dataconnect\": could not find dataconnect.yaml in `c:\\Users\\claud\\OneDrive\\Documentos\\NeuroAds\\LP\\dataconnect`\n"}}
[debug] [2026-05-06T08:04:26.198Z] E0506 05:04:26.108973   15908 watch.go:40] Failed to load config from "c:\\Users\\claud\\OneDrive\\Documentos\\NeuroAds\\LP\\dataconnect": could not find dataconnect.yaml in `c:\Users\claud\OneDrive\Documentos\NeuroAds\LP\dataconnect`
 {"metadata":{"emulator":{"name":"dataconnect"},"message":"E0506 05:04:26.108973   15908 watch.go:40] Failed to load config from \"c:\\\\Users\\\\claud\\\\OneDrive\\\\Documentos\\\\NeuroAds\\\\LP\\\\dataconnect\": could not find dataconnect.yaml in `c:\\Users\\claud\\OneDrive\\Documentos\\NeuroAds\\LP\\dataconnect`\n"}}
[debug] [2026-05-06T08:04:36.159Z] E0506 05:04:36.108743   15908 watch.go:40] Failed to load config from "c:\\Users\\claud\\OneDrive\\Documentos\\NeuroAds\\LP\\dataconnect": could not find dataconnect.yaml in `c:\Users\claud\OneDrive\Documentos\NeuroAds\LP\dataconnect`
 {"metadata":{"emulator":{"name":"dataconnect"},"message":"E0506 05:04:36.108743   15908 watch.go:40] Failed to load config from \"c:\\\\Users\\\\claud\\\\OneDrive\\\\Documentos\\\\NeuroAds\\\\LP\\\\dataconnect\": could not find dataconnect.yaml in `c:\\Users\\claud\\OneDrive\\Documentos\\NeuroAds\\LP\\dataconnect`\n"}}
[debug] [2026-05-06T08:13:08.197Z] E0506 05:04:46.110154   15908 watch.go:40] Failed to load config from "c:\\Users\\claud\\OneDrive\\Documentos\\NeuroAds\\LP\\dataconnect": could not find dataconnect.yaml in `c:\Users\claud\OneDrive\Documentos\NeuroAds\LP\dataconnect`
E0506 05:04:56.114847   15908 watch.go:40] Failed to load config from "c:\\Users\\claud\\OneDrive\\Documentos\\NeuroAds\\LP\\dataconnect": could not find dataconnect.yaml in `c:\Users\claud\OneDrive\Documentos\NeuroAds\LP\dataconnect`
E0506 05:05:06.108365   15908 watch.go:116] watchAllDir unable to walk dir `c:\Users\claud\OneDrive\Documentos\NeuroAds\LP\dataconnect`: GetFileAttributesEx c:\Users\claud\OneDrive\Documentos\NeuroAds\LP\dataconnect: The system cannot find the file specified.
E0506 05:05:06.108878   15908 watch.go:40] Failed to load config from "c:\\Users\\claud\\OneDrive\\Documentos\\NeuroAds\\LP\\dataconnect": could not find dataconnect.yaml in `c:\Users\claud\OneDrive\Documentos\NeuroAds\LP\dataconnect`
E0506 05:05:16.109338   15908 watch.go:40] Failed to load config from "c:\\Users\\claud\\OneDrive\\Documentos\\NeuroAds\\LP\\dataconnect": could not find dataconnect.yaml in `c:\Users\claud\OneDrive\Documentos\NeuroAds\LP\dataconnect`
E0506 05:05:26.109745   15908 watch.go:40] Failed to load config from "c:\\Users\\claud\\OneDrive\\Documentos\\NeuroAds\\LP\\dataconnect": could not find dataconnect.yaml in `c:\Users\claud\OneDrive\Documentos\NeuroAds\LP\dataconnect`
E0506 05:05:36.109667   15908 watch.go:40] Failed to load config from "c:\\Users\\claud\\OneDrive\\Documentos\\NeuroAds\\LP\\dataconnect": could not find dataconnect.yaml in `c:\Users\claud\OneDrive\Documentos\NeuroAds\LP\dataconnect`
E0506 05:05:46.109154   15908 watch.go:40] Failed to load config from "c:\\Users\\claud\\OneDrive\\Documentos\\NeuroAds\\LP\\dataconnect": could not find dataconnect.yaml in `c:\Users\claud\OneDrive\Documentos\NeuroAds\LP\dataconnect`
E0506 05:05:56.109031   15908 watch.go:40] Failed to load config from "c:\\Users\\claud\\OneDrive\\Documentos\\NeuroAds\\LP\\dataconnect": could not find dataconnect.yaml in `c:\Users\claud\OneDrive\Documentos\NeuroAds\LP\dataconnect`
E0506 05:06:06.109200   15908 watch.go:40] Failed to load config from "c:\\Users\\claud\\OneDrive\\Documentos\\NeuroAds\\LP\\dataconnect": could not find dataconnect.yaml in `c:\Users\claud\OneDrive\Documentos\NeuroAds\LP\dataconnect`
E0506 05:06:06.108442   15908 watch.go:116] watchAllDir unable to walk dir `c:\Users\claud\OneDrive\Documentos\NeuroAds\LP\dataconnect`: GetFileAttributesEx c:\Users\claud\OneDrive\Documentos\NeuroAds\LP\dataconnect: The system cannot find the file specified.
E0506 05:06:16.113061   15908 watch.go:40] Failed to load config from "c:\\Users\\claud\\OneDrive\\Documentos\\NeuroAds\\LP\\dataconnect": could not find dataconnect.yaml in `c:\Users\claud\OneDrive\Documentos\NeuroAds\LP\dataconnect`
E0506 05:06:26.108669   15908 watch.go:40] Failed to load config from "c:\\Users\\claud\\OneDrive\\Documentos\\NeuroAds\\LP\\dataconnect": could not find dataconnect.yaml in `c:\Users\claud\OneDrive\Documentos\NeuroAds\LP\dataconnect`
E0506 05:06:36.108242   15908 watch.go:40] Failed to load config from "c:\\Users\\claud\\OneDrive\\Documentos\\NeuroAds\\LP\\dataconnect": could not find dataconnect.yaml in `c:\Users\claud\OneDrive\Documentos\NeuroAds\LP\dataconnect`
E0506 05:06:46.108732   15908 watch.go:40] Failed to load config from "c:\\Users\\claud\\OneDrive\\Documentos\\NeuroAds\\LP\\dataconnect": could not find dataconnect.yaml in `c:\Users\claud\OneDrive\Documentos\NeuroAds\LP\dataconnect`
E0506 05:06:56.108638   15908 watch.go:40] Failed to load config from "c:\\Users\\claud\\OneDrive\\Documentos\\NeuroAds\\LP\\dataconnect": could not find dataconnect.yaml in `c:\Users\claud\OneDrive\Documentos\NeuroAds\LP\dataconnect`
E0506 05:07:06.108304   15908 watch.go:116] watchAllDir unable to walk dir `c:\Users\claud\OneDrive\Documentos\NeuroAds\LP\dataconnect`: GetFileAttributesEx c:\Users\claud\OneDrive\Documentos\NeuroAds\LP\dataconnect: The system cannot find the file specified.
E0506 05:07:06.108814   15908 watch.go:40] Failed to load config from "c:\\Users\\claud\\OneDrive\\Documentos\\NeuroAds\\LP\\dataconnect": could not find dataconnect.yaml in `c:\Users\claud\OneDrive\Documentos\NeuroAds\LP\dataconnect`
E0506 05:07:16.109182   15908 watch.go:40] Failed to load config from "c:\\Users\\claud\\OneDrive\\Documentos\\NeuroAds\\LP\\dataconnect": could not find dataconnect.yaml in `c:\Users\claud\OneDrive\Documentos\NeuroAds\LP\dataconnect`
E0506 05:07:26.108986   15908 watch.go:40] Failed to load config from "c:\\Users\\claud\\OneDrive\\Documentos\\NeuroAds\\LP\\dataconnect": could not find dataconnect.yaml in `c:\Users\claud\OneDrive\Documentos\NeuroAds\LP\dataconnect`
E0506 05:07:36.109264   15908 watch.go:40] Failed to load config from "c:\\Users\\claud\\OneDrive\\Documentos\\NeuroAds\\LP\\dataconnect": could not find dataconnect.yaml in `c:\Users\claud\OneDrive\Documentos\NeuroAds\LP\dataconnect`
E0506 05:07:46.108045   15908 watch.go:40] Failed to load config from "c:\\Users\\claud\\OneDrive\\Documentos\\NeuroAds\\LP\\dataconnect": could not find dataconnect.yaml in `c:\Users\claud\OneDrive\Documentos\NeuroAds\LP\dataconnect`
E0506 05:07:56.108337   15908 watch.go:40] Failed to load config from "c:\\Users\\claud\\OneDrive\\Documentos\\NeuroAds\\LP\\dataconnect": could not find dataconnect.yaml in `c:\Users\claud\OneDrive\Documentos\NeuroAds\LP\dataconnect`
E0506 05:08:06.108420   15908 watch.go:116] watchAllDir unable to walk dir `c:\Users\claud\OneDrive\Documentos\NeuroAds\LP\dataconnect`: GetFileAttributesEx c:\Users\claud\OneDrive\Documentos\NeuroAds\LP\dataconnect: The system cannot find the file specified.
E0506 05:08:06.108776   15908 watch.go:40] Failed to load config from "c:\\Users\\claud\\OneDrive\\Documentos\\NeuroAds\\LP\\dataconnect": could not find dataconnect.yaml in `c:\Users\claud\OneDrive\Documentos\NeuroAds\LP\dataconnect`
E0506 05:08:16.109752   15908 watch.go:40] Failed to load config from "c:\\Users\\claud\\OneDrive\\Documentos\\NeuroAds\\LP\\dataconnect": could not find dataconnect.yaml in `c:\Users\claud\OneDrive\Documentos\NeuroAds\LP\dataconnect`
E0506 05:08:26.108810   15908 watch.go:40] Failed to load config from "c:\\Users\\claud\\OneDrive\\Documentos\\NeuroAds\\LP\\dataconnect": could not find dataconnect.yaml in `c:\Users\claud\OneDrive\Documentos\NeuroAds\LP\dataconnect`
E0506 05:08:36.111913   15908 watch.go:40] Failed to load config from "c:\\Users\\claud\\OneDrive\\Documentos\\NeuroAds\\LP\\dataconnect": could not find dataconnect.yaml in `c:\Users\claud\OneDrive\Documentos\NeuroAds\LP\dataconnect`
E0506 05:08:46.108808   15908 watch.go:40] Failed to load config from "c:\\Users\\claud\\OneDrive\\Documentos\\NeuroAds\\LP\\dataconnect": could not find dataconnect.yaml in `c:\Users\claud\OneDrive\Documentos\NeuroAds\LP\dataconnect`
E0506 05:08:56.108138   15908 watch.go:40] Failed to load config from "c:\\Users\\claud\\OneDrive\\Documentos\\NeuroAds\\LP\\dataconnect": could not find dataconnect.yaml in `c:\Users\claud\OneDrive\Documentos\NeuroAds\LP\dataconnect`
E0506 05:09:06.108439   15908 watch.go:116] watchAllDir unable to walk dir `c:\Users\claud\OneDrive\Documentos\NeuroAds\LP\dataconnect`: GetFileAttributesEx c:\Users\claud\OneDrive\Documentos\NeuroAds\LP\dataconnect: The system cannot find the file specified.
E0506 05:09:06.123726   15908 watch.go:40] Failed to load config from "c:\\Users\\claud\\OneDrive\\Documentos\\NeuroAds\\LP\\dataconnect": could not find dataconnect.yaml in `c:\Users\claud\OneDrive\Documentos\NeuroAds\LP\dataconnect`
E0506 05:09:16.109531   15908 watch.go:40] Failed to load config from "c:\\Users\\claud\\OneDrive\\Documentos\\NeuroAds\\LP\\dataconnect": could not find dataconnect.yaml in `c:\Users\claud\OneDrive\Documentos\NeuroAds\LP\dataconnect`
E0506 05:09:26.108927   15908 watch.go:40] Failed to load config from "c:\\Users\\claud\\OneDrive\\Documentos\\NeuroAds\\LP\\dataconnect": could not find dataconnect.yaml in `c:\Users\claud\OneDrive\Documentos\NeuroAds\LP\dataconnect`
E0506 05:09:36.108960   15908 watch.go:40] Failed to load config from "c:\\Users\\claud\\OneDrive\\Documentos\\NeuroAds\\LP\\dataconnect": could not find dataconnect.yaml in `c:\Users\claud\OneDrive\Documentos\NeuroAds\LP\dataconnect`
E0506 05:09:46.108881   15908 watch.go:40] Failed to load config from "c:\\Users\\claud\\OneDrive\\Documentos\\NeuroAds\\LP\\dataconnect": could not find dataconnect.yaml in `c:\Users\claud\OneDrive\Documentos\NeuroAds\LP\dataconnect`
E0506 05:09:56.108289   15908 watch.go:40] Failed to load config from "c:\\Users\\claud\\OneDrive\\Documentos\\NeuroAds\\LP\\dataconnect": could not find dataconnect.yaml in `c:\Users\claud\OneDrive\Documentos\NeuroAds\LP\dataconnect`
E0506 05:10:06.108461   15908 watch.go:116] watchAllDir unable to walk dir `c:\Users\claud\OneDrive\Documentos\NeuroAds\LP\dataconnect`: GetFileAttributesEx c:\Users\claud\OneDrive\Documentos\NeuroAds\LP\dataconnect: The system cannot find the file specified.
E0506 05:10:06.109206   15908 watch.go:40] Failed to load config from "c:\\Users\\claud\\OneDrive\\Documentos\\NeuroAds\\LP\\dataconnect": could not find dataconnect.yaml in `c:\Users\claud\OneDrive\Documentos\NeuroAds\LP\dataconnect`
E0506 05:10:16.108131   15908 watch.go:40] Failed to load config from "c:\\Users\\claud\\OneDrive\\Documentos\\NeuroAds\\LP\\dataconnect": could not find dataconnect.yaml in `c:\Users\claud\OneDrive\Documentos\NeuroAds\LP\dataconnect`
E0506 05:10:26.108069   15908 watch.go:40] Failed to load config from "c:\\Users\\claud\\OneDrive\\Documentos\\NeuroAds\\LP\\dataconnect": could not find dataconnect.yaml in `c:\Users\claud\OneDrive\Documentos\NeuroAds\LP\dataconnect`
E0506 05:10:36.108583   15908 watch.go:40] Failed to load config from "c:\\Users\\claud\\OneDrive\\Documentos\\NeuroAds\\LP\\dataconnect": could not find dataconnect.yaml in `c:\Users\claud\OneDrive\Documentos\NeuroAds\LP\dataconnect`
E0506 05:10:46.108868   15908 watch.go:40] Failed to load config from "c:\\Users\\claud\\OneDrive\\Documentos\\NeuroAds\\LP\\dataconnect": could not find dataconnect.yaml in `c:\Users\claud\OneDrive\Documentos\NeuroAds\LP\dataconnect`
E0506 05:10:56.108255   15908 watch.go:40] Failed to load config from "c:\\Users\\claud\\OneDrive\\Documentos\\NeuroAds\\LP\\dataconnect": could not find dataconnect.yaml in `c:\Users\claud\OneDrive\Documentos\NeuroAds\LP\dataconnect`
E0506 05:11:06.108781   15908 watch.go:40] Failed to load config from "c:\\Users\\claud\\OneDrive\\Documentos\\NeuroAds\\LP\\dataconnect": could not find dataconnect.yaml in `c:\Users\claud\OneDrive\Documentos\NeuroAds\LP\dataconnect`
E0506 05:11:06.108270   15908 watch.go:116] watchAllDir unable to walk dir `c:\Users\claud\OneDrive\Documentos\NeuroAds\LP\dataconnect`: GetFileAttributesEx c:\Users\claud\OneDrive\Documentos\NeuroAds\LP\dataconnect: The system cannot find the file specified.
E0506 05:11:16.108329   15908 watch.go:40] Failed to load config from "c:\\Users\\claud\\OneDrive\\Documentos\\NeuroAds\\LP\\dataconnect": could not find dataconnect.yaml in `c:\Users\claud\OneDrive\Documentos\NeuroAds\LP\dataconnect`
E0506 05:11:26.108726   15908 watch.go:40] Failed to load config from "c:\\Users\\claud\\OneDrive\\Documentos\\NeuroAds\\LP\\dataconnect": could not find dataconnect.yaml in `c:\Users\claud\OneDrive\Documentos\NeuroAds\LP\dataconnect`
E0506 05:11:36.108343   15908 watch.go:40] Failed to load config from "c:\\Users\\claud\\OneDrive\\Documentos\\NeuroAds\\LP\\dataconnect": could not find dataconnect.yaml in `c:\Users\claud\OneDrive\Documentos\NeuroAds\LP\dataconnect`
E0506 05:11:46.108331   15908 watch.go:40] Failed to load config from "c:\\Users\\claud\\OneDrive\\Documentos\\NeuroAds\\LP\\dataconnect": could not find dataconnect.yaml in `c:\Users\claud\OneDrive\Documentos\NeuroAds\LP\dataconnect`
E0506 05:11:56.108098   15908 watch.go:40] Failed to load config from "c:\\Users\\claud\\OneDrive\\Documentos\\NeuroAds\\LP\\dataconnect": could not find dataconnect.yaml in `c:\Users\claud\OneDrive\Documentos\NeuroAds\LP\dataconnect`
E0506 05:12:06.108046   15908 watch.go:116] watchAllDir unable to walk dir `c:\Users\claud\OneDrive\Documentos\NeuroAds\LP\dataconnect`: GetFileAttributesEx c:\Users\claud\OneDrive\Documentos\NeuroAds\LP\dataconnect: The system cannot find the file specified.
E0506 05:12:06.108046   15908 watch.go:40] Failed to load config from "c:\\Users\\claud\\OneDrive\\Documentos\\NeuroAds\\LP\\dataconnect": could not find dataconnect.yaml in `c:\Users\claud\OneDrive\Documentos\NeuroAds\LP\dataconnect`
E0506 05:12:16.108683   15908 watch.go:40] Failed to load config from "c:\\Users\\claud\\OneDrive\\Documentos\\NeuroAds\\LP\\dataconnect": could not find dataconnect.yaml in `c:\Users\claud\OneDrive\Documentos\NeuroAds\LP\dataconnect`
E0506 05:12:26.108860   15908 watch.go:40] Failed to load config from "c:\\Users\\claud\\OneDrive\\Documentos\\NeuroAds\\LP\\dataconnect": could not find dataconnect.yaml in `c:\Users\claud\OneDrive\Documentos\NeuroAds\LP\dataconnect`
E0506 05:12:36.108171   15908 watch.go:40] Failed to load config from "c:\\Users\\claud\\OneDrive\\Documentos\\NeuroAds\\LP\\dataconnect": could not find dataconnect.yaml in `c:\Users\claud\OneDrive\Documentos\NeuroAds\LP\dataconnect`
E0506 05:12:46.108512   15908 watch.go:40] Failed to load config from "c:\\Users\\claud\\OneDrive\\Documentos\\NeuroAds\\LP\\dataconnect": could not find dataconnect.yaml in `c:\Users\claud\OneDrive\Documentos\NeuroAds\LP\dataconnect`
E0506 05:12:56.108531   15908 watch.go:40] Failed to load config from "c:\\Users\\claud\\OneDrive\\Documentos\\NeuroAds\\LP\\dataconnect": could not find dataconnect.yaml in `c:\Users\claud\OneDrive\Documentos\NeuroAds\LP\dataconnect`
E0506 05:13:06.108322   15908 watch.go:116] watchAllDir unable to walk dir `c:\Users\claud\OneDrive\Documentos\NeuroAds\LP\dataconnect`: GetFileAttributesEx c:\Users\claud\OneDrive\Documentos\NeuroAds\LP\dataconnect: The system cannot find the file specified.
E0506 05:13:06.108991   15908 watch.go:40] Failed to load config from "c:\\Users\\claud\\OneDrive\\Documentos\\NeuroAds\\LP\\dataconnect": could not find dataconnect.yaml in `c:\Users\claud\OneDrive\Documentos\NeuroAds\LP\dataconnect`
 {"metadata":{"emulator":{"name":"dataconnect"},"message":"E0506 05:04:46.110154   15908 watch.go:40] Failed to load config from \"c:\\\\Users\\\\claud\\\\OneDrive\\\\Documentos\\\\NeuroAds\\\\LP\\\\dataconnect\": could not find dataconnect.yaml in `c:\\Users\\claud\\OneDrive\\Documentos\\NeuroAds\\LP\\dataconnect`\nE0506 05:04:56.114847   15908 watch.go:40] Failed to load config from \"c:\\\\Users\\\\claud\\\\OneDrive\\\\Documentos\\\\NeuroAds\\\\LP\\\\dataconnect\": could not find dataconnect.yaml in `c:\\Users\\claud\\OneDrive\\Documentos\\NeuroAds\\LP\\dataconnect`\nE0506 05:05:06.108365   15908 watch.go:116] watchAllDir unable to walk dir `c:\\Users\\claud\\OneDrive\\Documentos\\NeuroAds\\LP\\dataconnect`: GetFileAttributesEx c:\\Users\\claud\\OneDrive\\Documentos\\NeuroAds\\LP\\dataconnect: The system cannot find the file specified.\nE0506 05:05:06.108878   15908 watch.go:40] Failed to load config from \"c:\\\\Users\\\\claud\\\\OneDrive\\\\Documentos\\\\NeuroAds\\\\LP\\\\dataconnect\": could not find dataconnect.yaml in `c:\\Users\\claud\\OneDrive\\Documentos\\NeuroAds\\LP\\dataconnect`\nE0506 05:05:16.109338   15908 watch.go:40] Failed to load config from \"c:\\\\Users\\\\claud\\\\OneDrive\\\\Documentos\\\\NeuroAds\\\\LP\\\\dataconnect\": could not find dataconnect.yaml in `c:\\Users\\claud\\OneDrive\\Documentos\\NeuroAds\\LP\\dataconnect`\nE0506 05:05:26.109745   15908 watch.go:40] Failed to load config from \"c:\\\\Users\\\\claud\\\\OneDrive\\\\Documentos\\\\NeuroAds\\\\LP\\\\dataconnect\": could not find dataconnect.yaml in `c:\\Users\\claud\\OneDrive\\Documentos\\NeuroAds\\LP\\dataconnect`\nE0506 05:05:36.109667   15908 watch.go:40] Failed to load config from \"c:\\\\Users\\\\claud\\\\OneDrive\\\\Documentos\\\\NeuroAds\\\\LP\\\\dataconnect\": could not find dataconnect.yaml in `c:\\Users\\claud\\OneDrive\\Documentos\\NeuroAds\\LP\\dataconnect`\nE0506 05:05:46.109154   15908 watch.go:40] Failed to load config from \"c:\\\\Users\\\\claud\\\\OneDrive\\\\Documentos\\\\NeuroAds\\\\LP\\\\dataconnect\": could not find dataconnect.yaml in `c:\\Users\\claud\\OneDrive\\Documentos\\NeuroAds\\LP\\dataconnect`\nE0506 05:05:56.109031   15908 watch.go:40] Failed to load config from \"c:\\\\Users\\\\claud\\\\OneDrive\\\\Documentos\\\\NeuroAds\\\\LP\\\\dataconnect\": could not find dataconnect.yaml in `c:\\Users\\claud\\OneDrive\\Documentos\\NeuroAds\\LP\\dataconnect`\nE0506 05:06:06.109200   15908 watch.go:40] Failed to load config from \"c:\\\\Users\\\\claud\\\\OneDrive\\\\Documentos\\\\NeuroAds\\\\LP\\\\dataconnect\": could not find dataconnect.yaml in `c:\\Users\\claud\\OneDrive\\Documentos\\NeuroAds\\LP\\dataconnect`\nE0506 05:06:06.108442   15908 watch.go:116] watchAllDir unable to walk dir `c:\\Users\\claud\\OneDrive\\Documentos\\NeuroAds\\LP\\dataconnect`: GetFileAttributesEx c:\\Users\\claud\\OneDrive\\Documentos\\NeuroAds\\LP\\dataconnect: The system cannot find the file specified.\nE0506 05:06:16.113061   15908 watch.go:40] Failed to load config from \"c:\\\\Users\\\\claud\\\\OneDrive\\\\Documentos\\\\NeuroAds\\\\LP\\\\dataconnect\": could not find dataconnect.yaml in `c:\\Users\\claud\\OneDrive\\Documentos\\NeuroAds\\LP\\dataconnect`\nE0506 05:06:26.108669   15908 watch.go:40] Failed to load config from \"c:\\\\Users\\\\claud\\\\OneDrive\\\\Documentos\\\\NeuroAds\\\\LP\\\\dataconnect\": could not find dataconnect.yaml in `c:\\Users\\claud\\OneDrive\\Documentos\\NeuroAds\\LP\\dataconnect`\nE0506 05:06:36.108242   15908 watch.go:40] Failed to load config from \"c:\\\\Users\\\\claud\\\\OneDrive\\\\Documentos\\\\NeuroAds\\\\LP\\\\dataconnect\": could not find dataconnect.yaml in `c:\\Users\\claud\\OneDrive\\Documentos\\NeuroAds\\LP\\dataconnect`\nE0506 05:06:46.108732   15908 watch.go:40] Failed to load config from \"c:\\\\Users\\\\claud\\\\OneDrive\\\\Documentos\\\\NeuroAds\\\\LP\\\\dataconnect\": could not find dataconnect.yaml in `c:\\Users\\claud\\OneDrive\\Documentos\\NeuroAds\\LP\\dataconnect`\nE0506 05:06:56.108638   15908 watch.go:40] Failed to load config from \"c:\\\\Users\\\\claud\\\\OneDrive\\\\Documentos\\\\NeuroAds\\\\LP\\\\dataconnect\": could not find dataconnect.yaml in `c:\\Users\\claud\\OneDrive\\Documentos\\NeuroAds\\LP\\dataconnect`\nE0506 05:07:06.108304   15908 watch.go:116] watchAllDir unable to walk dir `c:\\Users\\claud\\OneDrive\\Documentos\\NeuroAds\\LP\\dataconnect`: GetFileAttributesEx c:\\Users\\claud\\OneDrive\\Documentos\\NeuroAds\\LP\\dataconnect: The system cannot find the file specified.\nE0506 05:07:06.108814   15908 watch.go:40] Failed to load config from \"c:\\\\Users\\\\claud\\\\OneDrive\\\\Documentos\\\\NeuroAds\\\\LP\\\\dataconnect\": could not find dataconnect.yaml in `c:\\Users\\claud\\OneDrive\\Documentos\\NeuroAds\\LP\\dataconnect`\nE0506 05:07:16.109182   15908 watch.go:40] Failed to load config from \"c:\\\\Users\\\\claud\\\\OneDrive\\\\Documentos\\\\NeuroAds\\\\LP\\\\dataconnect\": could not find dataconnect.yaml in `c:\\Users\\claud\\OneDrive\\Documentos\\NeuroAds\\LP\\dataconnect`\nE0506 05:07:26.108986   15908 watch.go:40] Failed to load config from \"c:\\\\Users\\\\claud\\\\OneDrive\\\\Documentos\\\\NeuroAds\\\\LP\\\\dataconnect\": could not find dataconnect.yaml in `c:\\Users\\claud\\OneDrive\\Documentos\\NeuroAds\\LP\\dataconnect`\nE0506 05:07:36.109264   15908 watch.go:40] Failed to load config from \"c:\\\\Users\\\\claud\\\\OneDrive\\\\Documentos\\\\NeuroAds\\\\LP\\\\dataconnect\": could not find dataconnect.yaml in `c:\\Users\\claud\\OneDrive\\Documentos\\NeuroAds\\LP\\dataconnect`\nE0506 05:07:46.108045   15908 watch.go:40] Failed to load config from \"c:\\\\Users\\\\claud\\\\OneDrive\\\\Documentos\\\\NeuroAds\\\\LP\\\\dataconnect\": could not find dataconnect.yaml in `c:\\Users\\claud\\OneDrive\\Documentos\\NeuroAds\\LP\\dataconnect`\nE0506 05:07:56.108337   15908 watch.go:40] Failed to load config from \"c:\\\\Users\\\\claud\\\\OneDrive\\\\Documentos\\\\NeuroAds\\\\LP\\\\dataconnect\": could not find dataconnect.yaml in `c:\\Users\\claud\\OneDrive\\Documentos\\NeuroAds\\LP\\dataconnect`\nE0506 05:08:06.108420   15908 watch.go:116] watchAllDir unable to walk dir `c:\\Users\\claud\\OneDrive\\Documentos\\NeuroAds\\LP\\dataconnect`: GetFileAttributesEx c:\\Users\\claud\\OneDrive\\Documentos\\NeuroAds\\LP\\dataconnect: The system cannot find the file specified.\nE0506 05:08:06.108776   15908 watch.go:40] Failed to load config from \"c:\\\\Users\\\\claud\\\\OneDrive\\\\Documentos\\\\NeuroAds\\\\LP\\\\dataconnect\": could not find dataconnect.yaml in `c:\\Users\\claud\\OneDrive\\Documentos\\NeuroAds\\LP\\dataconnect`\nE0506 05:08:16.109752   15908 watch.go:40] Failed to load config from \"c:\\\\Users\\\\claud\\\\OneDrive\\\\Documentos\\\\NeuroAds\\\\LP\\\\dataconnect\": could not find dataconnect.yaml in `c:\\Users\\claud\\OneDrive\\Documentos\\NeuroAds\\LP\\dataconnect`\nE0506 05:08:26.108810   15908 watch.go:40] Failed to load config from \"c:\\\\Users\\\\claud\\\\OneDrive\\\\Documentos\\\\NeuroAds\\\\LP\\\\dataconnect\": could not find dataconnect.yaml in `c:\\Users\\claud\\OneDrive\\Documentos\\NeuroAds\\LP\\dataconnect`\nE0506 05:08:36.111913   15908 watch.go:40] Failed to load config from \"c:\\\\Users\\\\claud\\\\OneDrive\\\\Documentos\\\\NeuroAds\\\\LP\\\\dataconnect\": could not find dataconnect.yaml in `c:\\Users\\claud\\OneDrive\\Documentos\\NeuroAds\\LP\\dataconnect`\nE0506 05:08:46.108808   15908 watch.go:40] Failed to load config from \"c:\\\\Users\\\\claud\\\\OneDrive\\\\Documentos\\\\NeuroAds\\\\LP\\\\dataconnect\": could not find dataconnect.yaml in `c:\\Users\\claud\\OneDrive\\Documentos\\NeuroAds\\LP\\dataconnect`\nE0506 05:08:56.108138   15908 watch.go:40] Failed to load config from \"c:\\\\Users\\\\claud\\\\OneDrive\\\\Documentos\\\\NeuroAds\\\\LP\\\\dataconnect\": could not find dataconnect.yaml in `c:\\Users\\claud\\OneDrive\\Documentos\\NeuroAds\\LP\\dataconnect`\nE0506 05:09:06.108439   15908 watch.go:116] watchAllDir unable to walk dir `c:\\Users\\claud\\OneDrive\\Documentos\\NeuroAds\\LP\\dataconnect`: GetFileAttributesEx c:\\Users\\claud\\OneDrive\\Documentos\\NeuroAds\\LP\\dataconnect: The system cannot find the file specified.\nE0506 05:09:06.123726   15908 watch.go:40] Failed to load config from \"c:\\\\Users\\\\claud\\\\OneDrive\\\\Documentos\\\\NeuroAds\\\\LP\\\\dataconnect\": could not find dataconnect.yaml in `c:\\Users\\claud\\OneDrive\\Documentos\\NeuroAds\\LP\\dataconnect`\nE0506 05:09:16.109531   15908 watch.go:40] Failed to load config from \"c:\\\\Users\\\\claud\\\\OneDrive\\\\Documentos\\\\NeuroAds\\\\LP\\\\dataconnect\": could not find dataconnect.yaml in `c:\\Users\\claud\\OneDrive\\Documentos\\NeuroAds\\LP\\dataconnect`\nE0506 05:09:26.108927   15908 watch.go:40] Failed to load config from \"c:\\\\Users\\\\claud\\\\OneDrive\\\\Documentos\\\\NeuroAds\\\\LP\\\\dataconnect\": could not find dataconnect.yaml in `c:\\Users\\claud\\OneDrive\\Documentos\\NeuroAds\\LP\\dataconnect`\nE0506 05:09:36.108960   15908 watch.go:40] Failed to load config from \"c:\\\\Users\\\\claud\\\\OneDrive\\\\Documentos\\\\NeuroAds\\\\LP\\\\dataconnect\": could not find dataconnect.yaml in `c:\\Users\\claud\\OneDrive\\Documentos\\NeuroAds\\LP\\dataconnect`\nE0506 05:09:46.108881   15908 watch.go:40] Failed to load config from \"c:\\\\Users\\\\claud\\\\OneDrive\\\\Documentos\\\\NeuroAds\\\\LP\\\\dataconnect\": could not find dataconnect.yaml in `c:\\Users\\claud\\OneDrive\\Documentos\\NeuroAds\\LP\\dataconnect`\nE0506 05:09:56.108289   15908 watch.go:40] Failed to load config from \"c:\\\\Users\\\\claud\\\\OneDrive\\\\Documentos\\\\NeuroAds\\\\LP\\\\dataconnect\": could not find dataconnect.yaml in `c:\\Users\\claud\\OneDrive\\Documentos\\NeuroAds\\LP\\dataconnect`\nE0506 05:10:06.108461   15908 watch.go:116] watchAllDir unable to walk dir `c:\\Users\\claud\\OneDrive\\Documentos\\NeuroAds\\LP\\dataconnect`: GetFileAttributesEx c:\\Users\\claud\\OneDrive\\Documentos\\NeuroAds\\LP\\dataconnect: The system cannot find the file specified.\nE0506 05:10:06.109206   15908 watch.go:40] Failed to load config from \"c:\\\\Users\\\\claud\\\\OneDrive\\\\Documentos\\\\NeuroAds\\\\LP\\\\dataconnect\": could not find dataconnect.yaml in `c:\\Users\\claud\\OneDrive\\Documentos\\NeuroAds\\LP\\dataconnect`\nE0506 05:10:16.108131   15908 watch.go:40] Failed to load config from \"c:\\\\Users\\\\claud\\\\OneDrive\\\\Documentos\\\\NeuroAds\\\\LP\\\\dataconnect\": could not find dataconnect.yaml in `c:\\Users\\claud\\OneDrive\\Documentos\\NeuroAds\\LP\\dataconnect`\nE0506 05:10:26.108069   15908 watch.go:40] Failed to load config from \"c:\\\\Users\\\\claud\\\\OneDrive\\\\Documentos\\\\NeuroAds\\\\LP\\\\dataconnect\": could not find dataconnect.yaml in `c:\\Users\\claud\\OneDrive\\Documentos\\NeuroAds\\LP\\dataconnect`\nE0506 05:10:36.108583   15908 watch.go:40] Failed to load config from \"c:\\\\Users\\\\claud\\\\OneDrive\\\\Documentos\\\\NeuroAds\\\\LP\\\\dataconnect\": could not find dataconnect.yaml in `c:\\Users\\claud\\OneDrive\\Documentos\\NeuroAds\\LP\\dataconnect`\nE0506 05:10:46.108868   15908 watch.go:40] Failed to load config from \"c:\\\\Users\\\\claud\\\\OneDrive\\\\Documentos\\\\NeuroAds\\\\LP\\\\dataconnect\": could not find dataconnect.yaml in `c:\\Users\\claud\\OneDrive\\Documentos\\NeuroAds\\LP\\dataconnect`\nE0506 05:10:56.108255   15908 watch.go:40] Failed to load config from \"c:\\\\Users\\\\claud\\\\OneDrive\\\\Documentos\\\\NeuroAds\\\\LP\\\\dataconnect\": could not find dataconnect.yaml in `c:\\Users\\claud\\OneDrive\\Documentos\\NeuroAds\\LP\\dataconnect`\nE0506 05:11:06.108781   15908 watch.go:40] Failed to load config from \"c:\\\\Users\\\\claud\\\\OneDrive\\\\Documentos\\\\NeuroAds\\\\LP\\\\dataconnect\": could not find dataconnect.yaml in `c:\\Users\\claud\\OneDrive\\Documentos\\NeuroAds\\LP\\dataconnect`\nE0506 05:11:06.108270   15908 watch.go:116] watchAllDir unable to walk dir `c:\\Users\\claud\\OneDrive\\Documentos\\NeuroAds\\LP\\dataconnect`: GetFileAttributesEx c:\\Users\\claud\\OneDrive\\Documentos\\NeuroAds\\LP\\dataconnect: The system cannot find the file specified.\nE0506 05:11:16.108329   15908 watch.go:40] Failed to load config from \"c:\\\\Users\\\\claud\\\\OneDrive\\\\Documentos\\\\NeuroAds\\\\LP\\\\dataconnect\": could not find dataconnect.yaml in `c:\\Users\\claud\\OneDrive\\Documentos\\NeuroAds\\LP\\dataconnect`\nE0506 05:11:26.108726   15908 watch.go:40] Failed to load config from \"c:\\\\Users\\\\claud\\\\OneDrive\\\\Documentos\\\\NeuroAds\\\\LP\\\\dataconnect\": could not find dataconnect.yaml in `c:\\Users\\claud\\OneDrive\\Documentos\\NeuroAds\\LP\\dataconnect`\nE0506 05:11:36.108343   15908 watch.go:40] Failed to load config from \"c:\\\\Users\\\\claud\\\\OneDrive\\\\Documentos\\\\NeuroAds\\\\LP\\\\dataconnect\": could not find dataconnect.yaml in `c:\\Users\\claud\\OneDrive\\Documentos\\NeuroAds\\LP\\dataconnect`\nE0506 05:11:46.108331   15908 watch.go:40] Failed to load config from \"c:\\\\Users\\\\claud\\\\OneDrive\\\\Documentos\\\\NeuroAds\\\\LP\\\\dataconnect\": could not find dataconnect.yaml in `c:\\Users\\claud\\OneDrive\\Documentos\\NeuroAds\\LP\\dataconnect`\nE0506 05:11:56.108098   15908 watch.go:40] Failed to load config from \"c:\\\\Users\\\\claud\\\\OneDrive\\\\Documentos\\\\NeuroAds\\\\LP\\\\dataconnect\": could not find dataconnect.yaml in `c:\\Users\\claud\\OneDrive\\Documentos\\NeuroAds\\LP\\dataconnect`\nE0506 05:12:06.108046   15908 watch.go:116] watchAllDir unable to walk dir `c:\\Users\\claud\\OneDrive\\Documentos\\NeuroAds\\LP\\dataconnect`: GetFileAttributesEx c:\\Users\\claud\\OneDrive\\Documentos\\NeuroAds\\LP\\dataconnect: The system cannot find the file specified.\nE0506 05:12:06.108046   15908 watch.go:40] Failed to load config from \"c:\\\\Users\\\\claud\\\\OneDrive\\\\Documentos\\\\NeuroAds\\\\LP\\\\dataconnect\": could not find dataconnect.yaml in `c:\\Users\\claud\\OneDrive\\Documentos\\NeuroAds\\LP\\dataconnect`\nE0506 05:12:16.108683   15908 watch.go:40] Failed to load config from \"c:\\\\Users\\\\claud\\\\OneDrive\\\\Documentos\\\\NeuroAds\\\\LP\\\\dataconnect\": could not find dataconnect.yaml in `c:\\Users\\claud\\OneDrive\\Documentos\\NeuroAds\\LP\\dataconnect`\nE0506 05:12:26.108860   15908 watch.go:40] Failed to load config from \"c:\\\\Users\\\\claud\\\\OneDrive\\\\Documentos\\\\NeuroAds\\\\LP\\\\dataconnect\": could not find dataconnect.yaml in `c:\\Users\\claud\\OneDrive\\Documentos\\NeuroAds\\LP\\dataconnect`\nE0506 05:12:36.108171   15908 watch.go:40] Failed to load config from \"c:\\\\Users\\\\claud\\\\OneDrive\\\\Documentos\\\\NeuroAds\\\\LP\\\\dataconnect\": could not find dataconnect.yaml in `c:\\Users\\claud\\OneDrive\\Documentos\\NeuroAds\\LP\\dataconnect`\nE0506 05:12:46.108512   15908 watch.go:40] Failed to load config from \"c:\\\\Users\\\\claud\\\\OneDrive\\\\Documentos\\\\NeuroAds\\\\LP\\\\dataconnect\": could not find dataconnect.yaml in `c:\\Users\\claud\\OneDrive\\Documentos\\NeuroAds\\LP\\dataconnect`\nE0506 05:12:56.108531   15908 watch.go:40] Failed to load config from \"c:\\\\Users\\\\claud\\\\OneDrive\\\\Documentos\\\\NeuroAds\\\\LP\\\\dataconnect\": could not find dataconnect.yaml in `c:\\Users\\claud\\OneDrive\\Documentos\\NeuroAds\\LP\\dataconnect`\nE0506 05:13:06.108322   15908 watch.go:116] watchAllDir unable to walk dir `c:\\Users\\claud\\OneDrive\\Documentos\\NeuroAds\\LP\\dataconnect`: GetFileAttributesEx c:\\Users\\claud\\OneDrive\\Documentos\\NeuroAds\\LP\\dataconnect: The system cannot find the file specified.\nE0506 05:13:06.108991   15908 watch.go:40] Failed to load config from \"c:\\\\Users\\\\claud\\\\OneDrive\\\\Documentos\\\\NeuroAds\\\\LP\\\\dataconnect\": could not find dataconnect.yaml in `c:\\Users\\claud\\OneDrive\\Documentos\\NeuroAds\\LP\\dataconnect`\n"}}
[debug] [2026-05-06T08:13:16.259Z] E0506 05:13:16.108622   15908 watch.go:40] Failed to load config from "c:\\Users\\claud\\OneDrive\\Documentos\\NeuroAds\\LP\\dataconnect": could not find dataconnect.yaml in `c:\Users\claud\OneDrive\Documentos\NeuroAds\LP\dataconnect`
 {"metadata":{"emulator":{"name":"dataconnect"},"message":"E0506 05:13:16.108622   15908 watch.go:40] Failed to load config from \"c:\\\\Users\\\\claud\\\\OneDrive\\\\Documentos\\\\NeuroAds\\\\LP\\\\dataconnect\": could not find dataconnect.yaml in `c:\\Users\\claud\\OneDrive\\Documentos\\NeuroAds\\LP\\dataconnect`\n"}}
[debug] [2026-05-06T08:13:26.113Z] E0506 05:13:26.108374   15908 watch.go:40] Failed to load config from "c:\\Users\\claud\\OneDrive\\Documentos\\NeuroAds\\LP\\dataconnect": could not find dataconnect.yaml in `c:\Users\claud\OneDrive\Documentos\NeuroAds\LP\dataconnect`
 {"metadata":{"emulator":{"name":"dataconnect"},"message":"E0506 05:13:26.108374   15908 watch.go:40] Failed to load config from \"c:\\\\Users\\\\claud\\\\OneDrive\\\\Documentos\\\\NeuroAds\\\\LP\\\\dataconnect\": could not find dataconnect.yaml in `c:\\Users\\claud\\OneDrive\\Documentos\\NeuroAds\\LP\\dataconnect`\n"}}
[debug] [2026-05-06T08:13:36.164Z] E0506 05:13:36.108063   15908 watch.go:40] Failed to load config from "c:\\Users\\claud\\OneDrive\\Documentos\\NeuroAds\\LP\\dataconnect": could not find dataconnect.yaml in `c:\Users\claud\OneDrive\Documentos\NeuroAds\LP\dataconnect`
 {"metadata":{"emulator":{"name":"dataconnect"},"message":"E0506 05:13:36.108063   15908 watch.go:40] Failed to load config from \"c:\\\\Users\\\\claud\\\\OneDrive\\\\Documentos\\\\NeuroAds\\\\LP\\\\dataconnect\": could not find dataconnect.yaml in `c:\\Users\\claud\\OneDrive\\Documentos\\NeuroAds\\LP\\dataconnect`\n"}}
[debug] [2026-05-06T08:13:46.138Z] E0506 05:13:46.108665   15908 watch.go:40] Failed to load config from "c:\\Users\\claud\\OneDrive\\Documentos\\NeuroAds\\LP\\dataconnect": could not find dataconnect.yaml in `c:\Users\claud\OneDrive\Documentos\NeuroAds\LP\dataconnect`
 {"metadata":{"emulator":{"name":"dataconnect"},"message":"E0506 05:13:46.108665   15908 watch.go:40] Failed to load config from \"c:\\\\Users\\\\claud\\\\OneDrive\\\\Documentos\\\\NeuroAds\\\\LP\\\\dataconnect\": could not find dataconnect.yaml in `c:\\Users\\claud\\OneDrive\\Documentos\\NeuroAds\\LP\\dataconnect`\n"}}
[debug] [2026-05-06T08:13:56.122Z] E0506 05:13:56.108650   15908 watch.go:40] Failed to load config from "c:\\Users\\claud\\OneDrive\\Documentos\\NeuroAds\\LP\\dataconnect": could not find dataconnect.yaml in `c:\Users\claud\OneDrive\Documentos\NeuroAds\LP\dataconnect`
 {"metadata":{"emulator":{"name":"dataconnect"},"message":"E0506 05:13:56.108650   15908 watch.go:40] Failed to load config from \"c:\\\\Users\\\\claud\\\\OneDrive\\\\Documentos\\\\NeuroAds\\\\LP\\\\dataconnect\": could not find dataconnect.yaml in `c:\\Users\\claud\\OneDrive\\Documentos\\NeuroAds\\LP\\dataconnect`\n"}}
[debug] [2026-05-06T08:14:06.196Z] E0506 05:14:06.108263   15908 watch.go:116] watchAllDir unable to walk dir `c:\Users\claud\OneDrive\Documentos\NeuroAds\LP\dataconnect`: GetFileAttributesEx c:\Users\claud\OneDrive\Documentos\NeuroAds\LP\dataconnect: The system cannot find the file specified.
E0506 05:14:06.108263   15908 watch.go:40] Failed to load config from "c:\\Users\\claud\\OneDrive\\Documentos\\NeuroAds\\LP\\dataconnect": could not find dataconnect.yaml in `c:\Users\claud\OneDrive\Documentos\NeuroAds\LP\dataconnect`
 {"metadata":{"emulator":{"name":"dataconnect"},"message":"E0506 05:14:06.108263   15908 watch.go:116] watchAllDir unable to walk dir `c:\\Users\\claud\\OneDrive\\Documentos\\NeuroAds\\LP\\dataconnect`: GetFileAttributesEx c:\\Users\\claud\\OneDrive\\Documentos\\NeuroAds\\LP\\dataconnect: The system cannot find the file specified.\nE0506 05:14:06.108263   15908 watch.go:40] Failed to load config from \"c:\\\\Users\\\\claud\\\\OneDrive\\\\Documentos\\\\NeuroAds\\\\LP\\\\dataconnect\": could not find dataconnect.yaml in `c:\\Users\\claud\\OneDrive\\Documentos\\NeuroAds\\LP\\dataconnect`\n"}}
[debug] [2026-05-06T08:14:16.108Z] E0506 05:14:16.108327   15908 watch.go:40] Failed to load config from "c:\\Users\\claud\\OneDrive\\Documentos\\NeuroAds\\LP\\dataconnect": could not find dataconnect.yaml in `c:\Users\claud\OneDrive\Documentos\NeuroAds\LP\dataconnect`
 {"metadata":{"emulator":{"name":"dataconnect"},"message":"E0506 05:14:16.108327   15908 watch.go:40] Failed to load config from \"c:\\\\Users\\\\claud\\\\OneDrive\\\\Documentos\\\\NeuroAds\\\\LP\\\\dataconnect\": could not find dataconnect.yaml in `c:\\Users\\claud\\OneDrive\\Documentos\\NeuroAds\\LP\\dataconnect`\n"}}
[debug] [2026-05-06T08:14:26.248Z] E0506 05:14:26.108176   15908 watch.go:40] Failed to load config from "c:\\Users\\claud\\OneDrive\\Documentos\\NeuroAds\\LP\\dataconnect": could not find dataconnect.yaml in `c:\Users\claud\OneDrive\Documentos\NeuroAds\LP\dataconnect`
 {"metadata":{"emulator":{"name":"dataconnect"},"message":"E0506 05:14:26.108176   15908 watch.go:40] Failed to load config from \"c:\\\\Users\\\\claud\\\\OneDrive\\\\Documentos\\\\NeuroAds\\\\LP\\\\dataconnect\": could not find dataconnect.yaml in `c:\\Users\\claud\\OneDrive\\Documentos\\NeuroAds\\LP\\dataconnect`\n"}}
[debug] [2026-05-06T08:14:36.138Z] E0506 05:14:36.108378   15908 watch.go:40] Failed to load config from "c:\\Users\\claud\\OneDrive\\Documentos\\NeuroAds\\LP\\dataconnect": could not find dataconnect.yaml in `c:\Users\claud\OneDrive\Documentos\NeuroAds\LP\dataconnect`
 {"metadata":{"emulator":{"name":"dataconnect"},"message":"E0506 05:14:36.108378   15908 watch.go:40] Failed to load config from \"c:\\\\Users\\\\claud\\\\OneDrive\\\\Documentos\\\\NeuroAds\\\\LP\\\\dataconnect\": could not find dataconnect.yaml in `c:\\Users\\claud\\OneDrive\\Documentos\\NeuroAds\\LP\\dataconnect`\n"}}
[debug] [2026-05-06T08:14:46.151Z] E0506 05:14:46.108154   15908 watch.go:40] Failed to load config from "c:\\Users\\claud\\OneDrive\\Documentos\\NeuroAds\\LP\\dataconnect": could not find dataconnect.yaml in `c:\Users\claud\OneDrive\Documentos\NeuroAds\LP\dataconnect`
 {"metadata":{"emulator":{"name":"dataconnect"},"message":"E0506 05:14:46.108154   15908 watch.go:40] Failed to load config from \"c:\\\\Users\\\\claud\\\\OneDrive\\\\Documentos\\\\NeuroAds\\\\LP\\\\dataconnect\": could not find dataconnect.yaml in `c:\\Users\\claud\\OneDrive\\Documentos\\NeuroAds\\LP\\dataconnect`\n"}}
[debug] [2026-05-06T08:14:56.201Z] E0506 05:14:56.108698   15908 watch.go:40] Failed to load config from "c:\\Users\\claud\\OneDrive\\Documentos\\NeuroAds\\LP\\dataconnect": could not find dataconnect.yaml in `c:\Users\claud\OneDrive\Documentos\NeuroAds\LP\dataconnect`
 {"metadata":{"emulator":{"name":"dataconnect"},"message":"E0506 05:14:56.108698   15908 watch.go:40] Failed to load config from \"c:\\\\Users\\\\claud\\\\OneDrive\\\\Documentos\\\\NeuroAds\\\\LP\\\\dataconnect\": could not find dataconnect.yaml in `c:\\Users\\claud\\OneDrive\\Documentos\\NeuroAds\\LP\\dataconnect`\n"}}
[debug] [2026-05-06T08:15:06.120Z] E0506 05:15:06.108379   15908 watch.go:116] watchAllDir unable to walk dir `c:\Users\claud\OneDrive\Documentos\NeuroAds\LP\dataconnect`: GetFileAttributesEx c:\Users\claud\OneDrive\Documentos\NeuroAds\LP\dataconnect: The system cannot find the file specified.
E0506 05:15:06.108379   15908 watch.go:40] Failed to load config from "c:\\Users\\claud\\OneDrive\\Documentos\\NeuroAds\\LP\\dataconnect": could not find dataconnect.yaml in `c:\Users\claud\OneDrive\Documentos\NeuroAds\LP\dataconnect`
 {"metadata":{"emulator":{"name":"dataconnect"},"message":"E0506 05:15:06.108379   15908 watch.go:116] watchAllDir unable to walk dir `c:\\Users\\claud\\OneDrive\\Documentos\\NeuroAds\\LP\\dataconnect`: GetFileAttributesEx c:\\Users\\claud\\OneDrive\\Documentos\\NeuroAds\\LP\\dataconnect: The system cannot find the file specified.\nE0506 05:15:06.108379   15908 watch.go:40] Failed to load config from \"c:\\\\Users\\\\claud\\\\OneDrive\\\\Documentos\\\\NeuroAds\\\\LP\\\\dataconnect\": could not find dataconnect.yaml in `c:\\Users\\claud\\OneDrive\\Documentos\\NeuroAds\\LP\\dataconnect`\n"}}
[debug] [2026-05-06T08:15:16.174Z] E0506 05:15:16.108271   15908 watch.go:40] Failed to load config from "c:\\Users\\claud\\OneDrive\\Documentos\\NeuroAds\\LP\\dataconnect": could not find dataconnect.yaml in `c:\Users\claud\OneDrive\Documentos\NeuroAds\LP\dataconnect`
 {"metadata":{"emulator":{"name":"dataconnect"},"message":"E0506 05:15:16.108271   15908 watch.go:40] Failed to load config from \"c:\\\\Users\\\\claud\\\\OneDrive\\\\Documentos\\\\NeuroAds\\\\LP\\\\dataconnect\": could not find dataconnect.yaml in `c:\\Users\\claud\\OneDrive\\Documentos\\NeuroAds\\LP\\dataconnect`\n"}}
[debug] [2026-05-06T08:15:26.151Z] E0506 05:15:26.109467   15908 watch.go:40] Failed to load config from "c:\\Users\\claud\\OneDrive\\Documentos\\NeuroAds\\LP\\dataconnect": could not find dataconnect.yaml in `c:\Users\claud\OneDrive\Documentos\NeuroAds\LP\dataconnect`
 {"metadata":{"emulator":{"name":"dataconnect"},"message":"E0506 05:15:26.109467   15908 watch.go:40] Failed to load config from \"c:\\\\Users\\\\claud\\\\OneDrive\\\\Documentos\\\\NeuroAds\\\\LP\\\\dataconnect\": could not find dataconnect.yaml in `c:\\Users\\claud\\OneDrive\\Documentos\\NeuroAds\\LP\\dataconnect`\n"}}
[debug] [2026-05-06T08:15:36.129Z] E0506 05:15:36.108278   15908 watch.go:40] Failed to load config from "c:\\Users\\claud\\OneDrive\\Documentos\\NeuroAds\\LP\\dataconnect": could not find dataconnect.yaml in `c:\Users\claud\OneDrive\Documentos\NeuroAds\LP\dataconnect`
 {"metadata":{"emulator":{"name":"dataconnect"},"message":"E0506 05:15:36.108278   15908 watch.go:40] Failed to load config from \"c:\\\\Users\\\\claud\\\\OneDrive\\\\Documentos\\\\NeuroAds\\\\LP\\\\dataconnect\": could not find dataconnect.yaml in `c:\\Users\\claud\\OneDrive\\Documentos\\NeuroAds\\LP\\dataconnect`\n"}}
[debug] [2026-05-06T08:15:46.183Z] E0506 05:15:46.108492   15908 watch.go:40] Failed to load config from "c:\\Users\\claud\\OneDrive\\Documentos\\NeuroAds\\LP\\dataconnect": could not find dataconnect.yaml in `c:\Users\claud\OneDrive\Documentos\NeuroAds\LP\dataconnect`
 {"metadata":{"emulator":{"name":"dataconnect"},"message":"E0506 05:15:46.108492   15908 watch.go:40] Failed to load config from \"c:\\\\Users\\\\claud\\\\OneDrive\\\\Documentos\\\\NeuroAds\\\\LP\\\\dataconnect\": could not find dataconnect.yaml in `c:\\Users\\claud\\OneDrive\\Documentos\\NeuroAds\\LP\\dataconnect`\n"}}
[debug] [2026-05-06T08:15:56.112Z] E0506 05:15:56.108380   15908 watch.go:40] Failed to load config from "c:\\Users\\claud\\OneDrive\\Documentos\\NeuroAds\\LP\\dataconnect": could not find dataconnect.yaml in `c:\Users\claud\OneDrive\Documentos\NeuroAds\LP\dataconnect`
 {"metadata":{"emulator":{"name":"dataconnect"},"message":"E0506 05:15:56.108380   15908 watch.go:40] Failed to load config from \"c:\\\\Users\\\\claud\\\\OneDrive\\\\Documentos\\\\NeuroAds\\\\LP\\\\dataconnect\": could not find dataconnect.yaml in `c:\\Users\\claud\\OneDrive\\Documentos\\NeuroAds\\LP\\dataconnect`\n"}}
[debug] [2026-05-06T08:16:06.190Z] E0506 05:16:06.108289   15908 watch.go:116] watchAllDir unable to walk dir `c:\Users\claud\OneDrive\Documentos\NeuroAds\LP\dataconnect`: GetFileAttributesEx c:\Users\claud\OneDrive\Documentos\NeuroAds\LP\dataconnect: The system cannot find the file specified.
E0506 05:16:06.108792   15908 watch.go:40] Failed to load config from "c:\\Users\\claud\\OneDrive\\Documentos\\NeuroAds\\LP\\dataconnect": could not find dataconnect.yaml in `c:\Users\claud\OneDrive\Documentos\NeuroAds\LP\dataconnect`
 {"metadata":{"emulator":{"name":"dataconnect"},"message":"E0506 05:16:06.108289   15908 watch.go:116] watchAllDir unable to walk dir `c:\\Users\\claud\\OneDrive\\Documentos\\NeuroAds\\LP\\dataconnect`: GetFileAttributesEx c:\\Users\\claud\\OneDrive\\Documentos\\NeuroAds\\LP\\dataconnect: The system cannot find the file specified.\nE0506 05:16:06.108792   15908 watch.go:40] Failed to load config from \"c:\\\\Users\\\\claud\\\\OneDrive\\\\Documentos\\\\NeuroAds\\\\LP\\\\dataconnect\": could not find dataconnect.yaml in `c:\\Users\\claud\\OneDrive\\Documentos\\NeuroAds\\LP\\dataconnect`\n"}}
[debug] [2026-05-06T08:16:16.113Z] E0506 05:16:16.108413   15908 watch.go:40] Failed to load config from "c:\\Users\\claud\\OneDrive\\Documentos\\NeuroAds\\LP\\dataconnect": could not find dataconnect.yaml in `c:\Users\claud\OneDrive\Documentos\NeuroAds\LP\dataconnect`
 {"metadata":{"emulator":{"name":"dataconnect"},"message":"E0506 05:16:16.108413   15908 watch.go:40] Failed to load config from \"c:\\\\Users\\\\claud\\\\OneDrive\\\\Documentos\\\\NeuroAds\\\\LP\\\\dataconnect\": could not find dataconnect.yaml in `c:\\Users\\claud\\OneDrive\\Documentos\\NeuroAds\\LP\\dataconnect`\n"}}
[debug] [2026-05-06T08:16:26.110Z] E0506 05:16:26.108074   15908 watch.go:40] Failed to load config from "c:\\Users\\claud\\OneDrive\\Documentos\\NeuroAds\\LP\\dataconnect": could not find dataconnect.yaml in `c:\Users\claud\OneDrive\Documentos\NeuroAds\LP\dataconnect`
 {"metadata":{"emulator":{"name":"dataconnect"},"message":"E0506 05:16:26.108074   15908 watch.go:40] Failed to load config from \"c:\\\\Users\\\\claud\\\\OneDrive\\\\Documentos\\\\NeuroAds\\\\LP\\\\dataconnect\": could not find dataconnect.yaml in `c:\\Users\\claud\\OneDrive\\Documentos\\NeuroAds\\LP\\dataconnect`\n"}}
[debug] [2026-05-06T08:16:36.315Z] E0506 05:16:36.108139   15908 watch.go:40] Failed to load config from "c:\\Users\\claud\\OneDrive\\Documentos\\NeuroAds\\LP\\dataconnect": could not find dataconnect.yaml in `c:\Users\claud\OneDrive\Documentos\NeuroAds\LP\dataconnect`
 {"metadata":{"emulator":{"name":"dataconnect"},"message":"E0506 05:16:36.108139   15908 watch.go:40] Failed to load config from \"c:\\\\Users\\\\claud\\\\OneDrive\\\\Documentos\\\\NeuroAds\\\\LP\\\\dataconnect\": could not find dataconnect.yaml in `c:\\Users\\claud\\OneDrive\\Documentos\\NeuroAds\\LP\\dataconnect`\n"}}
[debug] [2026-05-06T08:16:46.144Z] E0506 05:16:46.108136   15908 watch.go:40] Failed to load config from "c:\\Users\\claud\\OneDrive\\Documentos\\NeuroAds\\LP\\dataconnect": could not find dataconnect.yaml in `c:\Users\claud\OneDrive\Documentos\NeuroAds\LP\dataconnect`
 {"metadata":{"emulator":{"name":"dataconnect"},"message":"E0506 05:16:46.108136   15908 watch.go:40] Failed to load config from \"c:\\\\Users\\\\claud\\\\OneDrive\\\\Documentos\\\\NeuroAds\\\\LP\\\\dataconnect\": could not find dataconnect.yaml in `c:\\Users\\claud\\OneDrive\\Documentos\\NeuroAds\\LP\\dataconnect`\n"}}
[debug] [2026-05-06T08:16:56.205Z] E0506 05:16:56.108359   15908 watch.go:40] Failed to load config from "c:\\Users\\claud\\OneDrive\\Documentos\\NeuroAds\\LP\\dataconnect": could not find dataconnect.yaml in `c:\Users\claud\OneDrive\Documentos\NeuroAds\LP\dataconnect`
 {"metadata":{"emulator":{"name":"dataconnect"},"message":"E0506 05:16:56.108359   15908 watch.go:40] Failed to load config from \"c:\\\\Users\\\\claud\\\\OneDrive\\\\Documentos\\\\NeuroAds\\\\LP\\\\dataconnect\": could not find dataconnect.yaml in `c:\\Users\\claud\\OneDrive\\Documentos\\NeuroAds\\LP\\dataconnect`\n"}}
[debug] [2026-05-06T08:17:06.162Z] E0506 05:17:06.108188   15908 watch.go:116] watchAllDir unable to walk dir `c:\Users\claud\OneDrive\Documentos\NeuroAds\LP\dataconnect`: GetFileAttributesEx c:\Users\claud\OneDrive\Documentos\NeuroAds\LP\dataconnect: The system cannot find the file specified.
E0506 05:17:06.108188   15908 watch.go:40] Failed to load config from "c:\\Users\\claud\\OneDrive\\Documentos\\NeuroAds\\LP\\dataconnect": could not find dataconnect.yaml in `c:\Users\claud\OneDrive\Documentos\NeuroAds\LP\dataconnect`
 {"metadata":{"emulator":{"name":"dataconnect"},"message":"E0506 05:17:06.108188   15908 watch.go:116] watchAllDir unable to walk dir `c:\\Users\\claud\\OneDrive\\Documentos\\NeuroAds\\LP\\dataconnect`: GetFileAttributesEx c:\\Users\\claud\\OneDrive\\Documentos\\NeuroAds\\LP\\dataconnect: The system cannot find the file specified.\nE0506 05:17:06.108188   15908 watch.go:40] Failed to load config from \"c:\\\\Users\\\\claud\\\\OneDrive\\\\Documentos\\\\NeuroAds\\\\LP\\\\dataconnect\": could not find dataconnect.yaml in `c:\\Users\\claud\\OneDrive\\Documentos\\NeuroAds\\LP\\dataconnect`\n"}}
[debug] [2026-05-06T08:17:16.147Z] E0506 05:17:16.108903   15908 watch.go:40] Failed to load config from "c:\\Users\\claud\\OneDrive\\Documentos\\NeuroAds\\LP\\dataconnect": could not find dataconnect.yaml in `c:\Users\claud\OneDrive\Documentos\NeuroAds\LP\dataconnect`
 {"metadata":{"emulator":{"name":"dataconnect"},"message":"E0506 05:17:16.108903   15908 watch.go:40] Failed to load config from \"c:\\\\Users\\\\claud\\\\OneDrive\\\\Documentos\\\\NeuroAds\\\\LP\\\\dataconnect\": could not find dataconnect.yaml in `c:\\Users\\claud\\OneDrive\\Documentos\\NeuroAds\\LP\\dataconnect`\n"}}
[debug] [2026-05-06T08:17:26.160Z] E0506 05:17:26.108095   15908 watch.go:40] Failed to load config from "c:\\Users\\claud\\OneDrive\\Documentos\\NeuroAds\\LP\\dataconnect": could not find dataconnect.yaml in `c:\Users\claud\OneDrive\Documentos\NeuroAds\LP\dataconnect`
 {"metadata":{"emulator":{"name":"dataconnect"},"message":"E0506 05:17:26.108095   15908 watch.go:40] Failed to load config from \"c:\\\\Users\\\\claud\\\\OneDrive\\\\Documentos\\\\NeuroAds\\\\LP\\\\dataconnect\": could not find dataconnect.yaml in `c:\\Users\\claud\\OneDrive\\Documentos\\NeuroAds\\LP\\dataconnect`\n"}}
[debug] [2026-05-06T08:17:36.113Z] E0506 05:17:36.108167   15908 watch.go:40] Failed to load config from "c:\\Users\\claud\\OneDrive\\Documentos\\NeuroAds\\LP\\dataconnect": could not find dataconnect.yaml in `c:\Users\claud\OneDrive\Documentos\NeuroAds\LP\dataconnect`
 {"metadata":{"emulator":{"name":"dataconnect"},"message":"E0506 05:17:36.108167   15908 watch.go:40] Failed to load config from \"c:\\\\Users\\\\claud\\\\OneDrive\\\\Documentos\\\\NeuroAds\\\\LP\\\\dataconnect\": could not find dataconnect.yaml in `c:\\Users\\claud\\OneDrive\\Documentos\\NeuroAds\\LP\\dataconnect`\n"}}
[debug] [2026-05-06T08:17:46.136Z] E0506 05:17:46.108119   15908 watch.go:40] Failed to load config from "c:\\Users\\claud\\OneDrive\\Documentos\\NeuroAds\\LP\\dataconnect": could not find dataconnect.yaml in `c:\Users\claud\OneDrive\Documentos\NeuroAds\LP\dataconnect`
 {"metadata":{"emulator":{"name":"dataconnect"},"message":"E0506 05:17:46.108119   15908 watch.go:40] Failed to load config from \"c:\\\\Users\\\\claud\\\\OneDrive\\\\Documentos\\\\NeuroAds\\\\LP\\\\dataconnect\": could not find dataconnect.yaml in `c:\\Users\\claud\\OneDrive\\Documentos\\NeuroAds\\LP\\dataconnect`\n"}}
[debug] [2026-05-06T08:17:56.123Z] E0506 05:17:56.108339   15908 watch.go:40] Failed to load config from "c:\\Users\\claud\\OneDrive\\Documentos\\NeuroAds\\LP\\dataconnect": could not find dataconnect.yaml in `c:\Users\claud\OneDrive\Documentos\NeuroAds\LP\dataconnect`
 {"metadata":{"emulator":{"name":"dataconnect"},"message":"E0506 05:17:56.108339   15908 watch.go:40] Failed to load config from \"c:\\\\Users\\\\claud\\\\OneDrive\\\\Documentos\\\\NeuroAds\\\\LP\\\\dataconnect\": could not find dataconnect.yaml in `c:\\Users\\claud\\OneDrive\\Documentos\\NeuroAds\\LP\\dataconnect`\n"}}
[debug] [2026-05-06T08:18:06.154Z] E0506 05:18:06.108536   15908 watch.go:116] watchAllDir unable to walk dir `c:\Users\claud\OneDrive\Documentos\NeuroAds\LP\dataconnect`: GetFileAttributesEx c:\Users\claud\OneDrive\Documentos\NeuroAds\LP\dataconnect: The system cannot find the file specified.
E0506 05:18:06.109044   15908 watch.go:40] Failed to load config from "c:\\Users\\claud\\OneDrive\\Documentos\\NeuroAds\\LP\\dataconnect": could not find dataconnect.yaml in `c:\Users\claud\OneDrive\Documentos\NeuroAds\LP\dataconnect`
 {"metadata":{"emulator":{"name":"dataconnect"},"message":"E0506 05:18:06.108536   15908 watch.go:116] watchAllDir unable to walk dir `c:\\Users\\claud\\OneDrive\\Documentos\\NeuroAds\\LP\\dataconnect`: GetFileAttributesEx c:\\Users\\claud\\OneDrive\\Documentos\\NeuroAds\\LP\\dataconnect: The system cannot find the file specified.\nE0506 05:18:06.109044   15908 watch.go:40] Failed to load config from \"c:\\\\Users\\\\claud\\\\OneDrive\\\\Documentos\\\\NeuroAds\\\\LP\\\\dataconnect\": could not find dataconnect.yaml in `c:\\Users\\claud\\OneDrive\\Documentos\\NeuroAds\\LP\\dataconnect`\n"}}
[debug] [2026-05-06T08:18:16.147Z] E0506 05:18:16.108737   15908 watch.go:40] Failed to load config from "c:\\Users\\claud\\OneDrive\\Documentos\\NeuroAds\\LP\\dataconnect": could not find dataconnect.yaml in `c:\Users\claud\OneDrive\Documentos\NeuroAds\LP\dataconnect`
 {"metadata":{"emulator":{"name":"dataconnect"},"message":"E0506 05:18:16.108737   15908 watch.go:40] Failed to load config from \"c:\\\\Users\\\\claud\\\\OneDrive\\\\Documentos\\\\NeuroAds\\\\LP\\\\dataconnect\": could not find dataconnect.yaml in `c:\\Users\\claud\\OneDrive\\Documentos\\NeuroAds\\LP\\dataconnect`\n"}}
[debug] [2026-05-06T08:18:26.192Z] E0506 05:18:26.108060   15908 watch.go:40] Failed to load config from "c:\\Users\\claud\\OneDrive\\Documentos\\NeuroAds\\LP\\dataconnect": could not find dataconnect.yaml in `c:\Users\claud\OneDrive\Documentos\NeuroAds\LP\dataconnect`
 {"metadata":{"emulator":{"name":"dataconnect"},"message":"E0506 05:18:26.108060   15908 watch.go:40] Failed to load config from \"c:\\\\Users\\\\claud\\\\OneDrive\\\\Documentos\\\\NeuroAds\\\\LP\\\\dataconnect\": could not find dataconnect.yaml in `c:\\Users\\claud\\OneDrive\\Documentos\\NeuroAds\\LP\\dataconnect`\n"}}
[debug] [2026-05-06T08:18:36.151Z] E0506 05:18:36.108788   15908 watch.go:40] Failed to load config from "c:\\Users\\claud\\OneDrive\\Documentos\\NeuroAds\\LP\\dataconnect": could not find dataconnect.yaml in `c:\Users\claud\OneDrive\Documentos\NeuroAds\LP\dataconnect`
 {"metadata":{"emulator":{"name":"dataconnect"},"message":"E0506 05:18:36.108788   15908 watch.go:40] Failed to load config from \"c:\\\\Users\\\\claud\\\\OneDrive\\\\Documentos\\\\NeuroAds\\\\LP\\\\dataconnect\": could not find dataconnect.yaml in `c:\\Users\\claud\\OneDrive\\Documentos\\NeuroAds\\LP\\dataconnect`\n"}}
[debug] [2026-05-06T08:18:46.192Z] E0506 05:18:46.108211   15908 watch.go:40] Failed to load config from "c:\\Users\\claud\\OneDrive\\Documentos\\NeuroAds\\LP\\dataconnect": could not find dataconnect.yaml in `c:\Users\claud\OneDrive\Documentos\NeuroAds\LP\dataconnect`
 {"metadata":{"emulator":{"name":"dataconnect"},"message":"E0506 05:18:46.108211   15908 watch.go:40] Failed to load config from \"c:\\\\Users\\\\claud\\\\OneDrive\\\\Documentos\\\\NeuroAds\\\\LP\\\\dataconnect\": could not find dataconnect.yaml in `c:\\Users\\claud\\OneDrive\\Documentos\\NeuroAds\\LP\\dataconnect`\n"}}
[debug] [2026-05-06T08:18:56.144Z] E0506 05:18:56.108246   15908 watch.go:40] Failed to load config from "c:\\Users\\claud\\OneDrive\\Documentos\\NeuroAds\\LP\\dataconnect": could not find dataconnect.yaml in `c:\Users\claud\OneDrive\Documentos\NeuroAds\LP\dataconnect`
 {"metadata":{"emulator":{"name":"dataconnect"},"message":"E0506 05:18:56.108246   15908 watch.go:40] Failed to load config from \"c:\\\\Users\\\\claud\\\\OneDrive\\\\Documentos\\\\NeuroAds\\\\LP\\\\dataconnect\": could not find dataconnect.yaml in `c:\\Users\\claud\\OneDrive\\Documentos\\NeuroAds\\LP\\dataconnect`\n"}}
[debug] [2026-05-06T08:19:06.120Z] E0506 05:19:06.108110   15908 watch.go:116] watchAllDir unable to walk dir `c:\Users\claud\OneDrive\Documentos\NeuroAds\LP\dataconnect`: GetFileAttributesEx c:\Users\claud\OneDrive\Documentos\NeuroAds\LP\dataconnect: The system cannot find the file specified.
E0506 05:19:06.108110   15908 watch.go:40] Failed to load config from "c:\\Users\\claud\\OneDrive\\Documentos\\NeuroAds\\LP\\dataconnect": could not find dataconnect.yaml in `c:\Users\claud\OneDrive\Documentos\NeuroAds\LP\dataconnect`
 {"metadata":{"emulator":{"name":"dataconnect"},"message":"E0506 05:19:06.108110   15908 watch.go:116] watchAllDir unable to walk dir `c:\\Users\\claud\\OneDrive\\Documentos\\NeuroAds\\LP\\dataconnect`: GetFileAttributesEx c:\\Users\\claud\\OneDrive\\Documentos\\NeuroAds\\LP\\dataconnect: The system cannot find the file specified.\nE0506 05:19:06.108110   15908 watch.go:40] Failed to load config from \"c:\\\\Users\\\\claud\\\\OneDrive\\\\Documentos\\\\NeuroAds\\\\LP\\\\dataconnect\": could not find dataconnect.yaml in `c:\\Users\\claud\\OneDrive\\Documentos\\NeuroAds\\LP\\dataconnect`\n"}}
[debug] [2026-05-06T08:19:16.511Z] E0506 05:19:16.108233   15908 watch.go:40] Failed to load config from "c:\\Users\\claud\\OneDrive\\Documentos\\NeuroAds\\LP\\dataconnect": could not find dataconnect.yaml in `c:\Users\claud\OneDrive\Documentos\NeuroAds\LP\dataconnect`
 {"metadata":{"emulator":{"name":"dataconnect"},"message":"E0506 05:19:16.108233   15908 watch.go:40] Failed to load config from \"c:\\\\Users\\\\claud\\\\OneDrive\\\\Documentos\\\\NeuroAds\\\\LP\\\\dataconnect\": could not find dataconnect.yaml in `c:\\Users\\claud\\OneDrive\\Documentos\\NeuroAds\\LP\\dataconnect`\n"}}
[debug] [2026-05-06T08:19:26.150Z] E0506 05:19:26.108080   15908 watch.go:40] Failed to load config from "c:\\Users\\claud\\OneDrive\\Documentos\\NeuroAds\\LP\\dataconnect": could not find dataconnect.yaml in `c:\Users\claud\OneDrive\Documentos\NeuroAds\LP\dataconnect`
 {"metadata":{"emulator":{"name":"dataconnect"},"message":"E0506 05:19:26.108080   15908 watch.go:40] Failed to load config from \"c:\\\\Users\\\\claud\\\\OneDrive\\\\Documentos\\\\NeuroAds\\\\LP\\\\dataconnect\": could not find dataconnect.yaml in `c:\\Users\\claud\\OneDrive\\Documentos\\NeuroAds\\LP\\dataconnect`\n"}}
[debug] [2026-05-06T08:19:36.115Z] E0506 05:19:36.108925   15908 watch.go:40] Failed to load config from "c:\\Users\\claud\\OneDrive\\Documentos\\NeuroAds\\LP\\dataconnect": could not find dataconnect.yaml in `c:\Users\claud\OneDrive\Documentos\NeuroAds\LP\dataconnect`
 {"metadata":{"emulator":{"name":"dataconnect"},"message":"E0506 05:19:36.108925   15908 watch.go:40] Failed to load config from \"c:\\\\Users\\\\claud\\\\OneDrive\\\\Documentos\\\\NeuroAds\\\\LP\\\\dataconnect\": could not find dataconnect.yaml in `c:\\Users\\claud\\OneDrive\\Documentos\\NeuroAds\\LP\\dataconnect`\n"}}
[debug] [2026-05-06T08:19:46.173Z] E0506 05:19:46.108390   15908 watch.go:40] Failed to load config from "c:\\Users\\claud\\OneDrive\\Documentos\\NeuroAds\\LP\\dataconnect": could not find dataconnect.yaml in `c:\Users\claud\OneDrive\Documentos\NeuroAds\LP\dataconnect`
 {"metadata":{"emulator":{"name":"dataconnect"},"message":"E0506 05:19:46.108390   15908 watch.go:40] Failed to load config from \"c:\\\\Users\\\\claud\\\\OneDrive\\\\Documentos\\\\NeuroAds\\\\LP\\\\dataconnect\": could not find dataconnect.yaml in `c:\\Users\\claud\\OneDrive\\Documentos\\NeuroAds\\LP\\dataconnect`\n"}}
[debug] [2026-05-06T08:19:56.129Z] E0506 05:19:56.108047   15908 watch.go:40] Failed to load config from "c:\\Users\\claud\\OneDrive\\Documentos\\NeuroAds\\LP\\dataconnect": could not find dataconnect.yaml in `c:\Users\claud\OneDrive\Documentos\NeuroAds\LP\dataconnect`
 {"metadata":{"emulator":{"name":"dataconnect"},"message":"E0506 05:19:56.108047   15908 watch.go:40] Failed to load config from \"c:\\\\Users\\\\claud\\\\OneDrive\\\\Documentos\\\\NeuroAds\\\\LP\\\\dataconnect\": could not find dataconnect.yaml in `c:\\Users\\claud\\OneDrive\\Documentos\\NeuroAds\\LP\\dataconnect`\n"}}
[debug] [2026-05-06T08:20:06.124Z] E0506 05:20:06.108387   15908 watch.go:116] watchAllDir unable to walk dir `c:\Users\claud\OneDrive\Documentos\NeuroAds\LP\dataconnect`: GetFileAttributesEx c:\Users\claud\OneDrive\Documentos\NeuroAds\LP\dataconnect: The system cannot find the file specified.
E0506 05:20:06.108387   15908 watch.go:40] Failed to load config from "c:\\Users\\claud\\OneDrive\\Documentos\\NeuroAds\\LP\\dataconnect": could not find dataconnect.yaml in `c:\Users\claud\OneDrive\Documentos\NeuroAds\LP\dataconnect`
 {"metadata":{"emulator":{"name":"dataconnect"},"message":"E0506 05:20:06.108387   15908 watch.go:116] watchAllDir unable to walk dir `c:\\Users\\claud\\OneDrive\\Documentos\\NeuroAds\\LP\\dataconnect`: GetFileAttributesEx c:\\Users\\claud\\OneDrive\\Documentos\\NeuroAds\\LP\\dataconnect: The system cannot find the file specified.\nE0506 05:20:06.108387   15908 watch.go:40] Failed to load config from \"c:\\\\Users\\\\claud\\\\OneDrive\\\\Documentos\\\\NeuroAds\\\\LP\\\\dataconnect\": could not find dataconnect.yaml in `c:\\Users\\claud\\OneDrive\\Documentos\\NeuroAds\\LP\\dataconnect`\n"}}
[debug] [2026-05-06T08:20:16.188Z] E0506 05:20:16.108422   15908 watch.go:40] Failed to load config from "c:\\Users\\claud\\OneDrive\\Documentos\\NeuroAds\\LP\\dataconnect": could not find dataconnect.yaml in `c:\Users\claud\OneDrive\Documentos\NeuroAds\LP\dataconnect`
 {"metadata":{"emulator":{"name":"dataconnect"},"message":"E0506 05:20:16.108422   15908 watch.go:40] Failed to load config from \"c:\\\\Users\\\\claud\\\\OneDrive\\\\Documentos\\\\NeuroAds\\\\LP\\\\dataconnect\": could not find dataconnect.yaml in `c:\\Users\\claud\\OneDrive\\Documentos\\NeuroAds\\LP\\dataconnect`\n"}}
[debug] [2026-05-06T08:20:26.270Z] E0506 05:20:26.108703   15908 watch.go:40] Failed to load config from "c:\\Users\\claud\\OneDrive\\Documentos\\NeuroAds\\LP\\dataconnect": could not find dataconnect.yaml in `c:\Users\claud\OneDrive\Documentos\NeuroAds\LP\dataconnect`
 {"metadata":{"emulator":{"name":"dataconnect"},"message":"E0506 05:20:26.108703   15908 watch.go:40] Failed to load config from \"c:\\\\Users\\\\claud\\\\OneDrive\\\\Documentos\\\\NeuroAds\\\\LP\\\\dataconnect\": could not find dataconnect.yaml in `c:\\Users\\claud\\OneDrive\\Documentos\\NeuroAds\\LP\\dataconnect`\n"}}
[debug] [2026-05-06T08:20:36.138Z] E0506 05:20:36.108025   15908 watch.go:40] Failed to load config from "c:\\Users\\claud\\OneDrive\\Documentos\\NeuroAds\\LP\\dataconnect": could not find dataconnect.yaml in `c:\Users\claud\OneDrive\Documentos\NeuroAds\LP\dataconnect`
 {"metadata":{"emulator":{"name":"dataconnect"},"message":"E0506 05:20:36.108025   15908 watch.go:40] Failed to load config from \"c:\\\\Users\\\\claud\\\\OneDrive\\\\Documentos\\\\NeuroAds\\\\LP\\\\dataconnect\": could not find dataconnect.yaml in `c:\\Users\\claud\\OneDrive\\Documentos\\NeuroAds\\LP\\dataconnect`\n"}}
[debug] [2026-05-06T08:20:46.138Z] E0506 05:20:46.108086   15908 watch.go:40] Failed to load config from "c:\\Users\\claud\\OneDrive\\Documentos\\NeuroAds\\LP\\dataconnect": could not find dataconnect.yaml in `c:\Users\claud\OneDrive\Documentos\NeuroAds\LP\dataconnect`
 {"metadata":{"emulator":{"name":"dataconnect"},"message":"E0506 05:20:46.108086   15908 watch.go:40] Failed to load config from \"c:\\\\Users\\\\claud\\\\OneDrive\\\\Documentos\\\\NeuroAds\\\\LP\\\\dataconnect\": could not find dataconnect.yaml in `c:\\Users\\claud\\OneDrive\\Documentos\\NeuroAds\\LP\\dataconnect`\n"}}
[debug] [2026-05-06T08:20:56.139Z] E0506 05:20:56.108168   15908 watch.go:40] Failed to load config from "c:\\Users\\claud\\OneDrive\\Documentos\\NeuroAds\\LP\\dataconnect": could not find dataconnect.yaml in `c:\Users\claud\OneDrive\Documentos\NeuroAds\LP\dataconnect`
 {"metadata":{"emulator":{"name":"dataconnect"},"message":"E0506 05:20:56.108168   15908 watch.go:40] Failed to load config from \"c:\\\\Users\\\\claud\\\\OneDrive\\\\Documentos\\\\NeuroAds\\\\LP\\\\dataconnect\": could not find dataconnect.yaml in `c:\\Users\\claud\\OneDrive\\Documentos\\NeuroAds\\LP\\dataconnect`\n"}}
[debug] [2026-05-06T08:21:06.111Z] E0506 05:21:06.108131   15908 watch.go:116] watchAllDir unable to walk dir `c:\Users\claud\OneDrive\Documentos\NeuroAds\LP\dataconnect`: GetFileAttributesEx c:\Users\claud\OneDrive\Documentos\NeuroAds\LP\dataconnect: The system cannot find the file specified.
E0506 05:21:06.108131   15908 watch.go:40] Failed to load config from "c:\\Users\\claud\\OneDrive\\Documentos\\NeuroAds\\LP\\dataconnect": could not find dataconnect.yaml in `c:\Users\claud\OneDrive\Documentos\NeuroAds\LP\dataconnect`
 {"metadata":{"emulator":{"name":"dataconnect"},"message":"E0506 05:21:06.108131   15908 watch.go:116] watchAllDir unable to walk dir `c:\\Users\\claud\\OneDrive\\Documentos\\NeuroAds\\LP\\dataconnect`: GetFileAttributesEx c:\\Users\\claud\\OneDrive\\Documentos\\NeuroAds\\LP\\dataconnect: The system cannot find the file specified.\nE0506 05:21:06.108131   15908 watch.go:40] Failed to load config from \"c:\\\\Users\\\\claud\\\\OneDrive\\\\Documentos\\\\NeuroAds\\\\LP\\\\dataconnect\": could not find dataconnect.yaml in `c:\\Users\\claud\\OneDrive\\Documentos\\NeuroAds\\LP\\dataconnect`\n"}}
[debug] [2026-05-06T08:21:16.131Z] E0506 05:21:16.108248   15908 watch.go:40] Failed to load config from "c:\\Users\\claud\\OneDrive\\Documentos\\NeuroAds\\LP\\dataconnect": could not find dataconnect.yaml in `c:\Users\claud\OneDrive\Documentos\NeuroAds\LP\dataconnect`
 {"metadata":{"emulator":{"name":"dataconnect"},"message":"E0506 05:21:16.108248   15908 watch.go:40] Failed to load config from \"c:\\\\Users\\\\claud\\\\OneDrive\\\\Documentos\\\\NeuroAds\\\\LP\\\\dataconnect\": could not find dataconnect.yaml in `c:\\Users\\claud\\OneDrive\\Documentos\\NeuroAds\\LP\\dataconnect`\n"}}
[debug] [2026-05-06T08:21:26.177Z] E0506 05:21:26.109435   15908 watch.go:40] Failed to load config from "c:\\Users\\claud\\OneDrive\\Documentos\\NeuroAds\\LP\\dataconnect": could not find dataconnect.yaml in `c:\Users\claud\OneDrive\Documentos\NeuroAds\LP\dataconnect`
 {"metadata":{"emulator":{"name":"dataconnect"},"message":"E0506 05:21:26.109435   15908 watch.go:40] Failed to load config from \"c:\\\\Users\\\\claud\\\\OneDrive\\\\Documentos\\\\NeuroAds\\\\LP\\\\dataconnect\": could not find dataconnect.yaml in `c:\\Users\\claud\\OneDrive\\Documentos\\NeuroAds\\LP\\dataconnect`\n"}}
[debug] [2026-05-06T08:21:36.146Z] E0506 05:21:36.109322   15908 watch.go:40] Failed to load config from "c:\\Users\\claud\\OneDrive\\Documentos\\NeuroAds\\LP\\dataconnect": could not find dataconnect.yaml in `c:\Users\claud\OneDrive\Documentos\NeuroAds\LP\dataconnect`
 {"metadata":{"emulator":{"name":"dataconnect"},"message":"E0506 05:21:36.109322   15908 watch.go:40] Failed to load config from \"c:\\\\Users\\\\claud\\\\OneDrive\\\\Documentos\\\\NeuroAds\\\\LP\\\\dataconnect\": could not find dataconnect.yaml in `c:\\Users\\claud\\OneDrive\\Documentos\\NeuroAds\\LP\\dataconnect`\n"}}
[debug] [2026-05-06T08:21:46.226Z] E0506 05:21:46.108439   15908 watch.go:40] Failed to load config from "c:\\Users\\claud\\OneDrive\\Documentos\\NeuroAds\\LP\\dataconnect": could not find dataconnect.yaml in `c:\Users\claud\OneDrive\Documentos\NeuroAds\LP\dataconnect`
 {"metadata":{"emulator":{"name":"dataconnect"},"message":"E0506 05:21:46.108439   15908 watch.go:40] Failed to load config from \"c:\\\\Users\\\\claud\\\\OneDrive\\\\Documentos\\\\NeuroAds\\\\LP\\\\dataconnect\": could not find dataconnect.yaml in `c:\\Users\\claud\\OneDrive\\Documentos\\NeuroAds\\LP\\dataconnect`\n"}}
[debug] [2026-05-06T08:21:56.188Z] E0506 05:21:56.108505   15908 watch.go:40] Failed to load config from "c:\\Users\\claud\\OneDrive\\Documentos\\NeuroAds\\LP\\dataconnect": could not find dataconnect.yaml in `c:\Users\claud\OneDrive\Documentos\NeuroAds\LP\dataconnect`
 {"metadata":{"emulator":{"name":"dataconnect"},"message":"E0506 05:21:56.108505   15908 watch.go:40] Failed to load config from \"c:\\\\Users\\\\claud\\\\OneDrive\\\\Documentos\\\\NeuroAds\\\\LP\\\\dataconnect\": could not find dataconnect.yaml in `c:\\Users\\claud\\OneDrive\\Documentos\\NeuroAds\\LP\\dataconnect`\n"}}
[debug] [2026-05-06T08:22:06.111Z] E0506 05:22:06.108318   15908 watch.go:116] watchAllDir unable to walk dir `c:\Users\claud\OneDrive\Documentos\NeuroAds\LP\dataconnect`: GetFileAttributesEx c:\Users\claud\OneDrive\Documentos\NeuroAds\LP\dataconnect: The system cannot find the file specified.
E0506 05:22:06.109109   15908 watch.go:40] Failed to load config from "c:\\Users\\claud\\OneDrive\\Documentos\\NeuroAds\\LP\\dataconnect": could not find dataconnect.yaml in `c:\Users\claud\OneDrive\Documentos\NeuroAds\LP\dataconnect`
 {"metadata":{"emulator":{"name":"dataconnect"},"message":"E0506 05:22:06.108318   15908 watch.go:116] watchAllDir unable to walk dir `c:\\Users\\claud\\OneDrive\\Documentos\\NeuroAds\\LP\\dataconnect`: GetFileAttributesEx c:\\Users\\claud\\OneDrive\\Documentos\\NeuroAds\\LP\\dataconnect: The system cannot find the file specified.\nE0506 05:22:06.109109   15908 watch.go:40] Failed to load config from \"c:\\\\Users\\\\claud\\\\OneDrive\\\\Documentos\\\\NeuroAds\\\\LP\\\\dataconnect\": could not find dataconnect.yaml in `c:\\Users\\claud\\OneDrive\\Documentos\\NeuroAds\\LP\\dataconnect`\n"}}
[debug] [2026-05-06T08:22:16.147Z] E0506 05:22:16.109006   15908 watch.go:40] Failed to load config from "c:\\Users\\claud\\OneDrive\\Documentos\\NeuroAds\\LP\\dataconnect": could not find dataconnect.yaml in `c:\Users\claud\OneDrive\Documentos\NeuroAds\LP\dataconnect`
 {"metadata":{"emulator":{"name":"dataconnect"},"message":"E0506 05:22:16.109006   15908 watch.go:40] Failed to load config from \"c:\\\\Users\\\\claud\\\\OneDrive\\\\Documentos\\\\NeuroAds\\\\LP\\\\dataconnect\": could not find dataconnect.yaml in `c:\\Users\\claud\\OneDrive\\Documentos\\NeuroAds\\LP\\dataconnect`\n"}}
[debug] [2026-05-06T08:22:26.169Z] E0506 05:22:26.108052   15908 watch.go:40] Failed to load config from "c:\\Users\\claud\\OneDrive\\Documentos\\NeuroAds\\LP\\dataconnect": could not find dataconnect.yaml in `c:\Users\claud\OneDrive\Documentos\NeuroAds\LP\dataconnect`
 {"metadata":{"emulator":{"name":"dataconnect"},"message":"E0506 05:22:26.108052   15908 watch.go:40] Failed to load config from \"c:\\\\Users\\\\claud\\\\OneDrive\\\\Documentos\\\\NeuroAds\\\\LP\\\\dataconnect\": could not find dataconnect.yaml in `c:\\Users\\claud\\OneDrive\\Documentos\\NeuroAds\\LP\\dataconnect`\n"}}
[debug] [2026-05-06T08:22:36.109Z] E0506 05:22:36.107991   15908 watch.go:40] Failed to load config from "c:\\Users\\claud\\OneDrive\\Documentos\\NeuroAds\\LP\\dataconnect": could not find dataconnect.yaml in `c:\Users\claud\OneDrive\Documentos\NeuroAds\LP\dataconnect`
 {"metadata":{"emulator":{"name":"dataconnect"},"message":"E0506 05:22:36.107991   15908 watch.go:40] Failed to load config from \"c:\\\\Users\\\\claud\\\\OneDrive\\\\Documentos\\\\NeuroAds\\\\LP\\\\dataconnect\": could not find dataconnect.yaml in `c:\\Users\\claud\\OneDrive\\Documentos\\NeuroAds\\LP\\dataconnect`\n"}}
[debug] [2026-05-06T08:22:46.134Z] E0506 05:22:46.108258   15908 watch.go:40] Failed to load config from "c:\\Users\\claud\\OneDrive\\Documentos\\NeuroAds\\LP\\dataconnect": could not find dataconnect.yaml in `c:\Users\claud\OneDrive\Documentos\NeuroAds\LP\dataconnect`
 {"metadata":{"emulator":{"name":"dataconnect"},"message":"E0506 05:22:46.108258   15908 watch.go:40] Failed to load config from \"c:\\\\Users\\\\claud\\\\OneDrive\\\\Documentos\\\\NeuroAds\\\\LP\\\\dataconnect\": could not find dataconnect.yaml in `c:\\Users\\claud\\OneDrive\\Documentos\\NeuroAds\\LP\\dataconnect`\n"}}
[debug] [2026-05-06T08:22:56.228Z] E0506 05:22:56.108421   15908 watch.go:40] Failed to load config from "c:\\Users\\claud\\OneDrive\\Documentos\\NeuroAds\\LP\\dataconnect": could not find dataconnect.yaml in `c:\Users\claud\OneDrive\Documentos\NeuroAds\LP\dataconnect`
 {"metadata":{"emulator":{"name":"dataconnect"},"message":"E0506 05:22:56.108421   15908 watch.go:40] Failed to load config from \"c:\\\\Users\\\\claud\\\\OneDrive\\\\Documentos\\\\NeuroAds\\\\LP\\\\dataconnect\": could not find dataconnect.yaml in `c:\\Users\\claud\\OneDrive\\Documentos\\NeuroAds\\LP\\dataconnect`\n"}}
[debug] [2026-05-06T08:23:06.150Z] E0506 05:23:06.108134   15908 watch.go:116] watchAllDir unable to walk dir `c:\Users\claud\OneDrive\Documentos\NeuroAds\LP\dataconnect`: GetFileAttributesEx c:\Users\claud\OneDrive\Documentos\NeuroAds\LP\dataconnect: The system cannot find the file specified.
E0506 05:23:06.109822   15908 watch.go:40] Failed to load config from "c:\\Users\\claud\\OneDrive\\Documentos\\NeuroAds\\LP\\dataconnect": could not find dataconnect.yaml in `c:\Users\claud\OneDrive\Documentos\NeuroAds\LP\dataconnect`
 {"metadata":{"emulator":{"name":"dataconnect"},"message":"E0506 05:23:06.108134   15908 watch.go:116] watchAllDir unable to walk dir `c:\\Users\\claud\\OneDrive\\Documentos\\NeuroAds\\LP\\dataconnect`: GetFileAttributesEx c:\\Users\\claud\\OneDrive\\Documentos\\NeuroAds\\LP\\dataconnect: The system cannot find the file specified.\nE0506 05:23:06.109822   15908 watch.go:40] Failed to load config from \"c:\\\\Users\\\\claud\\\\OneDrive\\\\Documentos\\\\NeuroAds\\\\LP\\\\dataconnect\": could not find dataconnect.yaml in `c:\\Users\\claud\\OneDrive\\Documentos\\NeuroAds\\LP\\dataconnect`\n"}}
[debug] [2026-05-06T08:23:16.163Z] E0506 05:23:16.108855   15908 watch.go:40] Failed to load config from "c:\\Users\\claud\\OneDrive\\Documentos\\NeuroAds\\LP\\dataconnect": could not find dataconnect.yaml in `c:\Users\claud\OneDrive\Documentos\NeuroAds\LP\dataconnect`
 {"metadata":{"emulator":{"name":"dataconnect"},"message":"E0506 05:23:16.108855   15908 watch.go:40] Failed to load config from \"c:\\\\Users\\\\claud\\\\OneDrive\\\\Documentos\\\\NeuroAds\\\\LP\\\\dataconnect\": could not find dataconnect.yaml in `c:\\Users\\claud\\OneDrive\\Documentos\\NeuroAds\\LP\\dataconnect`\n"}}
[debug] [2026-05-06T08:23:26.179Z] E0506 05:23:26.108382   15908 watch.go:40] Failed to load config from "c:\\Users\\claud\\OneDrive\\Documentos\\NeuroAds\\LP\\dataconnect": could not find dataconnect.yaml in `c:\Users\claud\OneDrive\Documentos\NeuroAds\LP\dataconnect`
 {"metadata":{"emulator":{"name":"dataconnect"},"message":"E0506 05:23:26.108382   15908 watch.go:40] Failed to load config from \"c:\\\\Users\\\\claud\\\\OneDrive\\\\Documentos\\\\NeuroAds\\\\LP\\\\dataconnect\": could not find dataconnect.yaml in `c:\\Users\\claud\\OneDrive\\Documentos\\NeuroAds\\LP\\dataconnect`\n"}}
[debug] [2026-05-06T08:23:36.149Z] E0506 05:23:36.108829   15908 watch.go:40] Failed to load config from "c:\\Users\\claud\\OneDrive\\Documentos\\NeuroAds\\LP\\dataconnect": could not find dataconnect.yaml in `c:\Users\claud\OneDrive\Documentos\NeuroAds\LP\dataconnect`
 {"metadata":{"emulator":{"name":"dataconnect"},"message":"E0506 05:23:36.108829   15908 watch.go:40] Failed to load config from \"c:\\\\Users\\\\claud\\\\OneDrive\\\\Documentos\\\\NeuroAds\\\\LP\\\\dataconnect\": could not find dataconnect.yaml in `c:\\Users\\claud\\OneDrive\\Documentos\\NeuroAds\\LP\\dataconnect`\n"}}
[debug] [2026-05-06T08:23:46.150Z] E0506 05:23:46.108269   15908 watch.go:40] Failed to load config from "c:\\Users\\claud\\OneDrive\\Documentos\\NeuroAds\\LP\\dataconnect": could not find dataconnect.yaml in `c:\Users\claud\OneDrive\Documentos\NeuroAds\LP\dataconnect`
 {"metadata":{"emulator":{"name":"dataconnect"},"message":"E0506 05:23:46.108269   15908 watch.go:40] Failed to load config from \"c:\\\\Users\\\\claud\\\\OneDrive\\\\Documentos\\\\NeuroAds\\\\LP\\\\dataconnect\": could not find dataconnect.yaml in `c:\\Users\\claud\\OneDrive\\Documentos\\NeuroAds\\LP\\dataconnect`\n"}}
[debug] [2026-05-06T08:23:56.129Z] E0506 05:23:56.108214   15908 watch.go:40] Failed to load config from "c:\\Users\\claud\\OneDrive\\Documentos\\NeuroAds\\LP\\dataconnect": could not find dataconnect.yaml in `c:\Users\claud\OneDrive\Documentos\NeuroAds\LP\dataconnect`
 {"metadata":{"emulator":{"name":"dataconnect"},"message":"E0506 05:23:56.108214   15908 watch.go:40] Failed to load config from \"c:\\\\Users\\\\claud\\\\OneDrive\\\\Documentos\\\\NeuroAds\\\\LP\\\\dataconnect\": could not find dataconnect.yaml in `c:\\Users\\claud\\OneDrive\\Documentos\\NeuroAds\\LP\\dataconnect`\n"}}
[debug] [2026-05-06T08:24:06.202Z] E0506 05:24:06.108295   15908 watch.go:116] watchAllDir unable to walk dir `c:\Users\claud\OneDrive\Documentos\NeuroAds\LP\dataconnect`: GetFileAttributesEx c:\Users\claud\OneDrive\Documentos\NeuroAds\LP\dataconnect: The system cannot find the file specified.
E0506 05:24:06.108819   15908 watch.go:40] Failed to load config from "c:\\Users\\claud\\OneDrive\\Documentos\\NeuroAds\\LP\\dataconnect": could not find dataconnect.yaml in `c:\Users\claud\OneDrive\Documentos\NeuroAds\LP\dataconnect`
 {"metadata":{"emulator":{"name":"dataconnect"},"message":"E0506 05:24:06.108295   15908 watch.go:116] watchAllDir unable to walk dir `c:\\Users\\claud\\OneDrive\\Documentos\\NeuroAds\\LP\\dataconnect`: GetFileAttributesEx c:\\Users\\claud\\OneDrive\\Documentos\\NeuroAds\\LP\\dataconnect: The system cannot find the file specified.\nE0506 05:24:06.108819   15908 watch.go:40] Failed to load config from \"c:\\\\Users\\\\claud\\\\OneDrive\\\\Documentos\\\\NeuroAds\\\\LP\\\\dataconnect\": could not find dataconnect.yaml in `c:\\Users\\claud\\OneDrive\\Documentos\\NeuroAds\\LP\\dataconnect`\n"}}
[debug] [2026-05-06T08:24:16.123Z] E0506 05:24:16.108253   15908 watch.go:40] Failed to load config from "c:\\Users\\claud\\OneDrive\\Documentos\\NeuroAds\\LP\\dataconnect": could not find dataconnect.yaml in `c:\Users\claud\OneDrive\Documentos\NeuroAds\LP\dataconnect`
 {"metadata":{"emulator":{"name":"dataconnect"},"message":"E0506 05:24:16.108253   15908 watch.go:40] Failed to load config from \"c:\\\\Users\\\\claud\\\\OneDrive\\\\Documentos\\\\NeuroAds\\\\LP\\\\dataconnect\": could not find dataconnect.yaml in `c:\\Users\\claud\\OneDrive\\Documentos\\NeuroAds\\LP\\dataconnect`\n"}}
[debug] [2026-05-06T08:24:26.120Z] E0506 05:24:26.108462   15908 watch.go:40] Failed to load config from "c:\\Users\\claud\\OneDrive\\Documentos\\NeuroAds\\LP\\dataconnect": could not find dataconnect.yaml in `c:\Users\claud\OneDrive\Documentos\NeuroAds\LP\dataconnect`
 {"metadata":{"emulator":{"name":"dataconnect"},"message":"E0506 05:24:26.108462   15908 watch.go:40] Failed to load config from \"c:\\\\Users\\\\claud\\\\OneDrive\\\\Documentos\\\\NeuroAds\\\\LP\\\\dataconnect\": could not find dataconnect.yaml in `c:\\Users\\claud\\OneDrive\\Documentos\\NeuroAds\\LP\\dataconnect`\n"}}
[debug] [2026-05-06T08:24:36.140Z] E0506 05:24:36.108732   15908 watch.go:40] Failed to load config from "c:\\Users\\claud\\OneDrive\\Documentos\\NeuroAds\\LP\\dataconnect": could not find dataconnect.yaml in `c:\Users\claud\OneDrive\Documentos\NeuroAds\LP\dataconnect`
 {"metadata":{"emulator":{"name":"dataconnect"},"message":"E0506 05:24:36.108732   15908 watch.go:40] Failed to load config from \"c:\\\\Users\\\\claud\\\\OneDrive\\\\Documentos\\\\NeuroAds\\\\LP\\\\dataconnect\": could not find dataconnect.yaml in `c:\\Users\\claud\\OneDrive\\Documentos\\NeuroAds\\LP\\dataconnect`\n"}}
[debug] [2026-05-06T08:24:46.176Z] E0506 05:24:46.108383   15908 watch.go:40] Failed to load config from "c:\\Users\\claud\\OneDrive\\Documentos\\NeuroAds\\LP\\dataconnect": could not find dataconnect.yaml in `c:\Users\claud\OneDrive\Documentos\NeuroAds\LP\dataconnect`
 {"metadata":{"emulator":{"name":"dataconnect"},"message":"E0506 05:24:46.108383   15908 watch.go:40] Failed to load config from \"c:\\\\Users\\\\claud\\\\OneDrive\\\\Documentos\\\\NeuroAds\\\\LP\\\\dataconnect\": could not find dataconnect.yaml in `c:\\Users\\claud\\OneDrive\\Documentos\\NeuroAds\\LP\\dataconnect`\n"}}
[debug] [2026-05-06T08:24:56.130Z] E0506 05:24:56.108343   15908 watch.go:40] Failed to load config from "c:\\Users\\claud\\OneDrive\\Documentos\\NeuroAds\\LP\\dataconnect": could not find dataconnect.yaml in `c:\Users\claud\OneDrive\Documentos\NeuroAds\LP\dataconnect`
 {"metadata":{"emulator":{"name":"dataconnect"},"message":"E0506 05:24:56.108343   15908 watch.go:40] Failed to load config from \"c:\\\\Users\\\\claud\\\\OneDrive\\\\Documentos\\\\NeuroAds\\\\LP\\\\dataconnect\": could not find dataconnect.yaml in `c:\\Users\\claud\\OneDrive\\Documentos\\NeuroAds\\LP\\dataconnect`\n"}}
[debug] [2026-05-06T08:25:06.120Z] E0506 05:25:06.108173   15908 watch.go:116] watchAllDir unable to walk dir `c:\Users\claud\OneDrive\Documentos\NeuroAds\LP\dataconnect`: GetFileAttributesEx c:\Users\claud\OneDrive\Documentos\NeuroAds\LP\dataconnect: The system cannot find the file specified.
E0506 05:25:06.108592   15908 watch.go:40] Failed to load config from "c:\\Users\\claud\\OneDrive\\Documentos\\NeuroAds\\LP\\dataconnect": could not find dataconnect.yaml in `c:\Users\claud\OneDrive\Documentos\NeuroAds\LP\dataconnect`
 {"metadata":{"emulator":{"name":"dataconnect"},"message":"E0506 05:25:06.108173   15908 watch.go:116] watchAllDir unable to walk dir `c:\\Users\\claud\\OneDrive\\Documentos\\NeuroAds\\LP\\dataconnect`: GetFileAttributesEx c:\\Users\\claud\\OneDrive\\Documentos\\NeuroAds\\LP\\dataconnect: The system cannot find the file specified.\nE0506 05:25:06.108592   15908 watch.go:40] Failed to load config from \"c:\\\\Users\\\\claud\\\\OneDrive\\\\Documentos\\\\NeuroAds\\\\LP\\\\dataconnect\": could not find dataconnect.yaml in `c:\\Users\\claud\\OneDrive\\Documentos\\NeuroAds\\LP\\dataconnect`\n"}}
[debug] [2026-05-06T08:25:16.116Z] E0506 05:25:16.108303   15908 watch.go:40] Failed to load config from "c:\\Users\\claud\\OneDrive\\Documentos\\NeuroAds\\LP\\dataconnect": could not find dataconnect.yaml in `c:\Users\claud\OneDrive\Documentos\NeuroAds\LP\dataconnect`
 {"metadata":{"emulator":{"name":"dataconnect"},"message":"E0506 05:25:16.108303   15908 watch.go:40] Failed to load config from \"c:\\\\Users\\\\claud\\\\OneDrive\\\\Documentos\\\\NeuroAds\\\\LP\\\\dataconnect\": could not find dataconnect.yaml in `c:\\Users\\claud\\OneDrive\\Documentos\\NeuroAds\\LP\\dataconnect`\n"}}
[debug] [2026-05-06T08:25:26.110Z] E0506 05:25:26.108500   15908 watch.go:40] Failed to load config from "c:\\Users\\claud\\OneDrive\\Documentos\\NeuroAds\\LP\\dataconnect": could not find dataconnect.yaml in `c:\Users\claud\OneDrive\Documentos\NeuroAds\LP\dataconnect`
 {"metadata":{"emulator":{"name":"dataconnect"},"message":"E0506 05:25:26.108500   15908 watch.go:40] Failed to load config from \"c:\\\\Users\\\\claud\\\\OneDrive\\\\Documentos\\\\NeuroAds\\\\LP\\\\dataconnect\": could not find dataconnect.yaml in `c:\\Users\\claud\\OneDrive\\Documentos\\NeuroAds\\LP\\dataconnect`\n"}}
[debug] [2026-05-06T08:25:36.152Z] E0506 05:25:36.108281   15908 watch.go:40] Failed to load config from "c:\\Users\\claud\\OneDrive\\Documentos\\NeuroAds\\LP\\dataconnect": could not find dataconnect.yaml in `c:\Users\claud\OneDrive\Documentos\NeuroAds\LP\dataconnect`
 {"metadata":{"emulator":{"name":"dataconnect"},"message":"E0506 05:25:36.108281   15908 watch.go:40] Failed to load config from \"c:\\\\Users\\\\claud\\\\OneDrive\\\\Documentos\\\\NeuroAds\\\\LP\\\\dataconnect\": could not find dataconnect.yaml in `c:\\Users\\claud\\OneDrive\\Documentos\\NeuroAds\\LP\\dataconnect`\n"}}
[debug] [2026-05-06T08:25:46.167Z] E0506 05:25:46.108272   15908 watch.go:40] Failed to load config from "c:\\Users\\claud\\OneDrive\\Documentos\\NeuroAds\\LP\\dataconnect": could not find dataconnect.yaml in `c:\Users\claud\OneDrive\Documentos\NeuroAds\LP\dataconnect`
 {"metadata":{"emulator":{"name":"dataconnect"},"message":"E0506 05:25:46.108272   15908 watch.go:40] Failed to load config from \"c:\\\\Users\\\\claud\\\\OneDrive\\\\Documentos\\\\NeuroAds\\\\LP\\\\dataconnect\": could not find dataconnect.yaml in `c:\\Users\\claud\\OneDrive\\Documentos\\NeuroAds\\LP\\dataconnect`\n"}}
[debug] [2026-05-06T08:25:56.114Z] E0506 05:25:56.108148   15908 watch.go:40] Failed to load config from "c:\\Users\\claud\\OneDrive\\Documentos\\NeuroAds\\LP\\dataconnect": could not find dataconnect.yaml in `c:\Users\claud\OneDrive\Documentos\NeuroAds\LP\dataconnect`
 {"metadata":{"emulator":{"name":"dataconnect"},"message":"E0506 05:25:56.108148   15908 watch.go:40] Failed to load config from \"c:\\\\Users\\\\claud\\\\OneDrive\\\\Documentos\\\\NeuroAds\\\\LP\\\\dataconnect\": could not find dataconnect.yaml in `c:\\Users\\claud\\OneDrive\\Documentos\\NeuroAds\\LP\\dataconnect`\n"}}
[debug] [2026-05-06T08:26:06.115Z] E0506 05:26:06.108185   15908 watch.go:116] watchAllDir unable to walk dir `c:\Users\claud\OneDrive\Documentos\NeuroAds\LP\dataconnect`: GetFileAttributesEx c:\Users\claud\OneDrive\Documentos\NeuroAds\LP\dataconnect: The system cannot find the file specified.
E0506 05:26:06.108872   15908 watch.go:40] Failed to load config from "c:\\Users\\claud\\OneDrive\\Documentos\\NeuroAds\\LP\\dataconnect": could not find dataconnect.yaml in `c:\Users\claud\OneDrive\Documentos\NeuroAds\LP\dataconnect`
 {"metadata":{"emulator":{"name":"dataconnect"},"message":"E0506 05:26:06.108185   15908 watch.go:116] watchAllDir unable to walk dir `c:\\Users\\claud\\OneDrive\\Documentos\\NeuroAds\\LP\\dataconnect`: GetFileAttributesEx c:\\Users\\claud\\OneDrive\\Documentos\\NeuroAds\\LP\\dataconnect: The system cannot find the file specified.\nE0506 05:26:06.108872   15908 watch.go:40] Failed to load config from \"c:\\\\Users\\\\claud\\\\OneDrive\\\\Documentos\\\\NeuroAds\\\\LP\\\\dataconnect\": could not find dataconnect.yaml in `c:\\Users\\claud\\OneDrive\\Documentos\\NeuroAds\\LP\\dataconnect`\n"}}
[debug] [2026-05-06T08:26:16.184Z] E0506 05:26:16.108783   15908 watch.go:40] Failed to load config from "c:\\Users\\claud\\OneDrive\\Documentos\\NeuroAds\\LP\\dataconnect": could not find dataconnect.yaml in `c:\Users\claud\OneDrive\Documentos\NeuroAds\LP\dataconnect`
 {"metadata":{"emulator":{"name":"dataconnect"},"message":"E0506 05:26:16.108783   15908 watch.go:40] Failed to load config from \"c:\\\\Users\\\\claud\\\\OneDrive\\\\Documentos\\\\NeuroAds\\\\LP\\\\dataconnect\": could not find dataconnect.yaml in `c:\\Users\\claud\\OneDrive\\Documentos\\NeuroAds\\LP\\dataconnect`\n"}}
[debug] [2026-05-06T08:26:26.109Z] E0506 05:26:26.108278   15908 watch.go:40] Failed to load config from "c:\\Users\\claud\\OneDrive\\Documentos\\NeuroAds\\LP\\dataconnect": could not find dataconnect.yaml in `c:\Users\claud\OneDrive\Documentos\NeuroAds\LP\dataconnect`
 {"metadata":{"emulator":{"name":"dataconnect"},"message":"E0506 05:26:26.108278   15908 watch.go:40] Failed to load config from \"c:\\\\Users\\\\claud\\\\OneDrive\\\\Documentos\\\\NeuroAds\\\\LP\\\\dataconnect\": could not find dataconnect.yaml in `c:\\Users\\claud\\OneDrive\\Documentos\\NeuroAds\\LP\\dataconnect`\n"}}
[debug] [2026-05-06T08:26:36.143Z] E0506 05:26:36.108565   15908 watch.go:40] Failed to load config from "c:\\Users\\claud\\OneDrive\\Documentos\\NeuroAds\\LP\\dataconnect": could not find dataconnect.yaml in `c:\Users\claud\OneDrive\Documentos\NeuroAds\LP\dataconnect`
 {"metadata":{"emulator":{"name":"dataconnect"},"message":"E0506 05:26:36.108565   15908 watch.go:40] Failed to load config from \"c:\\\\Users\\\\claud\\\\OneDrive\\\\Documentos\\\\NeuroAds\\\\LP\\\\dataconnect\": could not find dataconnect.yaml in `c:\\Users\\claud\\OneDrive\\Documentos\\NeuroAds\\LP\\dataconnect`\n"}}
[debug] [2026-05-06T08:26:46.203Z] E0506 05:26:46.108425   15908 watch.go:40] Failed to load config from "c:\\Users\\claud\\OneDrive\\Documentos\\NeuroAds\\LP\\dataconnect": could not find dataconnect.yaml in `c:\Users\claud\OneDrive\Documentos\NeuroAds\LP\dataconnect`
 {"metadata":{"emulator":{"name":"dataconnect"},"message":"E0506 05:26:46.108425   15908 watch.go:40] Failed to load config from \"c:\\\\Users\\\\claud\\\\OneDrive\\\\Documentos\\\\NeuroAds\\\\LP\\\\dataconnect\": could not find dataconnect.yaml in `c:\\Users\\claud\\OneDrive\\Documentos\\NeuroAds\\LP\\dataconnect`\n"}}
[debug] [2026-05-06T08:26:56.125Z] E0506 05:26:56.108042   15908 watch.go:40] Failed to load config from "c:\\Users\\claud\\OneDrive\\Documentos\\NeuroAds\\LP\\dataconnect": could not find dataconnect.yaml in `c:\Users\claud\OneDrive\Documentos\NeuroAds\LP\dataconnect`
 {"metadata":{"emulator":{"name":"dataconnect"},"message":"E0506 05:26:56.108042   15908 watch.go:40] Failed to load config from \"c:\\\\Users\\\\claud\\\\OneDrive\\\\Documentos\\\\NeuroAds\\\\LP\\\\dataconnect\": could not find dataconnect.yaml in `c:\\Users\\claud\\OneDrive\\Documentos\\NeuroAds\\LP\\dataconnect`\n"}}
[debug] [2026-05-06T08:27:06.135Z] E0506 05:27:06.108298   15908 watch.go:116] watchAllDir unable to walk dir `c:\Users\claud\OneDrive\Documentos\NeuroAds\LP\dataconnect`: GetFileAttributesEx c:\Users\claud\OneDrive\Documentos\NeuroAds\LP\dataconnect: The system cannot find the file specified.
E0506 05:27:06.108298   15908 watch.go:40] Failed to load config from "c:\\Users\\claud\\OneDrive\\Documentos\\NeuroAds\\LP\\dataconnect": could not find dataconnect.yaml in `c:\Users\claud\OneDrive\Documentos\NeuroAds\LP\dataconnect`
 {"metadata":{"emulator":{"name":"dataconnect"},"message":"E0506 05:27:06.108298   15908 watch.go:116] watchAllDir unable to walk dir `c:\\Users\\claud\\OneDrive\\Documentos\\NeuroAds\\LP\\dataconnect`: GetFileAttributesEx c:\\Users\\claud\\OneDrive\\Documentos\\NeuroAds\\LP\\dataconnect: The system cannot find the file specified.\nE0506 05:27:06.108298   15908 watch.go:40] Failed to load config from \"c:\\\\Users\\\\claud\\\\OneDrive\\\\Documentos\\\\NeuroAds\\\\LP\\\\dataconnect\": could not find dataconnect.yaml in `c:\\Users\\claud\\OneDrive\\Documentos\\NeuroAds\\LP\\dataconnect`\n"}}
[debug] [2026-05-06T08:27:16.291Z] E0506 05:27:16.108053   15908 watch.go:40] Failed to load config from "c:\\Users\\claud\\OneDrive\\Documentos\\NeuroAds\\LP\\dataconnect": could not find dataconnect.yaml in `c:\Users\claud\OneDrive\Documentos\NeuroAds\LP\dataconnect`
 {"metadata":{"emulator":{"name":"dataconnect"},"message":"E0506 05:27:16.108053   15908 watch.go:40] Failed to load config from \"c:\\\\Users\\\\claud\\\\OneDrive\\\\Documentos\\\\NeuroAds\\\\LP\\\\dataconnect\": could not find dataconnect.yaml in `c:\\Users\\claud\\OneDrive\\Documentos\\NeuroAds\\LP\\dataconnect`\n"}}
[debug] [2026-05-06T08:27:26.133Z] E0506 05:27:26.108224   15908 watch.go:40] Failed to load config from "c:\\Users\\claud\\OneDrive\\Documentos\\NeuroAds\\LP\\dataconnect": could not find dataconnect.yaml in `c:\Users\claud\OneDrive\Documentos\NeuroAds\LP\dataconnect`
 {"metadata":{"emulator":{"name":"dataconnect"},"message":"E0506 05:27:26.108224   15908 watch.go:40] Failed to load config from \"c:\\\\Users\\\\claud\\\\OneDrive\\\\Documentos\\\\NeuroAds\\\\LP\\\\dataconnect\": could not find dataconnect.yaml in `c:\\Users\\claud\\OneDrive\\Documentos\\NeuroAds\\LP\\dataconnect`\n"}}
[debug] [2026-05-06T08:27:36.135Z] E0506 05:27:36.108530   15908 watch.go:40] Failed to load config from "c:\\Users\\claud\\OneDrive\\Documentos\\NeuroAds\\LP\\dataconnect": could not find dataconnect.yaml in `c:\Users\claud\OneDrive\Documentos\NeuroAds\LP\dataconnect`
 {"metadata":{"emulator":{"name":"dataconnect"},"message":"E0506 05:27:36.108530   15908 watch.go:40] Failed to load config from \"c:\\\\Users\\\\claud\\\\OneDrive\\\\Documentos\\\\NeuroAds\\\\LP\\\\dataconnect\": could not find dataconnect.yaml in `c:\\Users\\claud\\OneDrive\\Documentos\\NeuroAds\\LP\\dataconnect`\n"}}
[debug] [2026-05-06T08:27:46.127Z] E0506 05:27:46.108330   15908 watch.go:40] Failed to load config from "c:\\Users\\claud\\OneDrive\\Documentos\\NeuroAds\\LP\\dataconnect": could not find dataconnect.yaml in `c:\Users\claud\OneDrive\Documentos\NeuroAds\LP\dataconnect`
 {"metadata":{"emulator":{"name":"dataconnect"},"message":"E0506 05:27:46.108330   15908 watch.go:40] Failed to load config from \"c:\\\\Users\\\\claud\\\\OneDrive\\\\Documentos\\\\NeuroAds\\\\LP\\\\dataconnect\": could not find dataconnect.yaml in `c:\\Users\\claud\\OneDrive\\Documentos\\NeuroAds\\LP\\dataconnect`\n"}}
[debug] [2026-05-06T08:27:56.127Z] E0506 05:27:56.108296   15908 watch.go:40] Failed to load config from "c:\\Users\\claud\\OneDrive\\Documentos\\NeuroAds\\LP\\dataconnect": could not find dataconnect.yaml in `c:\Users\claud\OneDrive\Documentos\NeuroAds\LP\dataconnect`
 {"metadata":{"emulator":{"name":"dataconnect"},"message":"E0506 05:27:56.108296   15908 watch.go:40] Failed to load config from \"c:\\\\Users\\\\claud\\\\OneDrive\\\\Documentos\\\\NeuroAds\\\\LP\\\\dataconnect\": could not find dataconnect.yaml in `c:\\Users\\claud\\OneDrive\\Documentos\\NeuroAds\\LP\\dataconnect`\n"}}
[debug] [2026-05-06T08:28:06.153Z] E0506 05:28:06.108351   15908 watch.go:116] watchAllDir unable to walk dir `c:\Users\claud\OneDrive\Documentos\NeuroAds\LP\dataconnect`: GetFileAttributesEx c:\Users\claud\OneDrive\Documentos\NeuroAds\LP\dataconnect: The system cannot find the file specified.
E0506 05:28:06.108990   15908 watch.go:40] Failed to load config from "c:\\Users\\claud\\OneDrive\\Documentos\\NeuroAds\\LP\\dataconnect": could not find dataconnect.yaml in `c:\Users\claud\OneDrive\Documentos\NeuroAds\LP\dataconnect`
 {"metadata":{"emulator":{"name":"dataconnect"},"message":"E0506 05:28:06.108351   15908 watch.go:116] watchAllDir unable to walk dir `c:\\Users\\claud\\OneDrive\\Documentos\\NeuroAds\\LP\\dataconnect`: GetFileAttributesEx c:\\Users\\claud\\OneDrive\\Documentos\\NeuroAds\\LP\\dataconnect: The system cannot find the file specified.\nE0506 05:28:06.108990   15908 watch.go:40] Failed to load config from \"c:\\\\Users\\\\claud\\\\OneDrive\\\\Documentos\\\\NeuroAds\\\\LP\\\\dataconnect\": could not find dataconnect.yaml in `c:\\Users\\claud\\OneDrive\\Documentos\\NeuroAds\\LP\\dataconnect`\n"}}
[debug] [2026-05-06T08:28:16.137Z] E0506 05:28:16.108538   15908 watch.go:40] Failed to load config from "c:\\Users\\claud\\OneDrive\\Documentos\\NeuroAds\\LP\\dataconnect": could not find dataconnect.yaml in `c:\Users\claud\OneDrive\Documentos\NeuroAds\LP\dataconnect`
 {"metadata":{"emulator":{"name":"dataconnect"},"message":"E0506 05:28:16.108538   15908 watch.go:40] Failed to load config from \"c:\\\\Users\\\\claud\\\\OneDrive\\\\Documentos\\\\NeuroAds\\\\LP\\\\dataconnect\": could not find dataconnect.yaml in `c:\\Users\\claud\\OneDrive\\Documentos\\NeuroAds\\LP\\dataconnect`\n"}}
[debug] [2026-05-06T08:28:26.126Z] E0506 05:28:26.108646   15908 watch.go:40] Failed to load config from "c:\\Users\\claud\\OneDrive\\Documentos\\NeuroAds\\LP\\dataconnect": could not find dataconnect.yaml in `c:\Users\claud\OneDrive\Documentos\NeuroAds\LP\dataconnect`
 {"metadata":{"emulator":{"name":"dataconnect"},"message":"E0506 05:28:26.108646   15908 watch.go:40] Failed to load config from \"c:\\\\Users\\\\claud\\\\OneDrive\\\\Documentos\\\\NeuroAds\\\\LP\\\\dataconnect\": could not find dataconnect.yaml in `c:\\Users\\claud\\OneDrive\\Documentos\\NeuroAds\\LP\\dataconnect`\n"}}
[debug] [2026-05-06T08:28:36.142Z] E0506 05:28:36.108230   15908 watch.go:40] Failed to load config from "c:\\Users\\claud\\OneDrive\\Documentos\\NeuroAds\\LP\\dataconnect": could not find dataconnect.yaml in `c:\Users\claud\OneDrive\Documentos\NeuroAds\LP\dataconnect`
 {"metadata":{"emulator":{"name":"dataconnect"},"message":"E0506 05:28:36.108230   15908 watch.go:40] Failed to load config from \"c:\\\\Users\\\\claud\\\\OneDrive\\\\Documentos\\\\NeuroAds\\\\LP\\\\dataconnect\": could not find dataconnect.yaml in `c:\\Users\\claud\\OneDrive\\Documentos\\NeuroAds\\LP\\dataconnect`\n"}}
[debug] [2026-05-06T08:28:46.125Z] E0506 05:28:46.108730   15908 watch.go:40] Failed to load config from "c:\\Users\\claud\\OneDrive\\Documentos\\NeuroAds\\LP\\dataconnect": could not find dataconnect.yaml in `c:\Users\claud\OneDrive\Documentos\NeuroAds\LP\dataconnect`
 {"metadata":{"emulator":{"name":"dataconnect"},"message":"E0506 05:28:46.108730   15908 watch.go:40] Failed to load config from \"c:\\\\Users\\\\claud\\\\OneDrive\\\\Documentos\\\\NeuroAds\\\\LP\\\\dataconnect\": could not find dataconnect.yaml in `c:\\Users\\claud\\OneDrive\\Documentos\\NeuroAds\\LP\\dataconnect`\n"}}
[debug] [2026-05-06T08:28:56.113Z] E0506 05:28:56.107967   15908 watch.go:40] Failed to load config from "c:\\Users\\claud\\OneDrive\\Documentos\\NeuroAds\\LP\\dataconnect": could not find dataconnect.yaml in `c:\Users\claud\OneDrive\Documentos\NeuroAds\LP\dataconnect`
 {"metadata":{"emulator":{"name":"dataconnect"},"message":"E0506 05:28:56.107967   15908 watch.go:40] Failed to load config from \"c:\\\\Users\\\\claud\\\\OneDrive\\\\Documentos\\\\NeuroAds\\\\LP\\\\dataconnect\": could not find dataconnect.yaml in `c:\\Users\\claud\\OneDrive\\Documentos\\NeuroAds\\LP\\dataconnect`\n"}}
[debug] [2026-05-06T08:29:06.138Z] E0506 05:29:06.108045   15908 watch.go:116] watchAllDir unable to walk dir `c:\Users\claud\OneDrive\Documentos\NeuroAds\LP\dataconnect`: GetFileAttributesEx c:\Users\claud\OneDrive\Documentos\NeuroAds\LP\dataconnect: The system cannot find the file specified.
E0506 05:29:06.108782   15908 watch.go:40] Failed to load config from "c:\\Users\\claud\\OneDrive\\Documentos\\NeuroAds\\LP\\dataconnect": could not find dataconnect.yaml in `c:\Users\claud\OneDrive\Documentos\NeuroAds\LP\dataconnect`
 {"metadata":{"emulator":{"name":"dataconnect"},"message":"E0506 05:29:06.108045   15908 watch.go:116] watchAllDir unable to walk dir `c:\\Users\\claud\\OneDrive\\Documentos\\NeuroAds\\LP\\dataconnect`: GetFileAttributesEx c:\\Users\\claud\\OneDrive\\Documentos\\NeuroAds\\LP\\dataconnect: The system cannot find the file specified.\nE0506 05:29:06.108782   15908 watch.go:40] Failed to load config from \"c:\\\\Users\\\\claud\\\\OneDrive\\\\Documentos\\\\NeuroAds\\\\LP\\\\dataconnect\": could not find dataconnect.yaml in `c:\\Users\\claud\\OneDrive\\Documentos\\NeuroAds\\LP\\dataconnect`\n"}}
[debug] [2026-05-06T08:29:16.182Z] E0506 05:29:16.108132   15908 watch.go:40] Failed to load config from "c:\\Users\\claud\\OneDrive\\Documentos\\NeuroAds\\LP\\dataconnect": could not find dataconnect.yaml in `c:\Users\claud\OneDrive\Documentos\NeuroAds\LP\dataconnect`
 {"metadata":{"emulator":{"name":"dataconnect"},"message":"E0506 05:29:16.108132   15908 watch.go:40] Failed to load config from \"c:\\\\Users\\\\claud\\\\OneDrive\\\\Documentos\\\\NeuroAds\\\\LP\\\\dataconnect\": could not find dataconnect.yaml in `c:\\Users\\claud\\OneDrive\\Documentos\\NeuroAds\\LP\\dataconnect`\n"}}
[debug] [2026-05-06T08:29:26.139Z] E0506 05:29:26.108046   15908 watch.go:40] Failed to load config from "c:\\Users\\claud\\OneDrive\\Documentos\\NeuroAds\\LP\\dataconnect": could not find dataconnect.yaml in `c:\Users\claud\OneDrive\Documentos\NeuroAds\LP\dataconnect`
 {"metadata":{"emulator":{"name":"dataconnect"},"message":"E0506 05:29:26.108046   15908 watch.go:40] Failed to load config from \"c:\\\\Users\\\\claud\\\\OneDrive\\\\Documentos\\\\NeuroAds\\\\LP\\\\dataconnect\": could not find dataconnect.yaml in `c:\\Users\\claud\\OneDrive\\Documentos\\NeuroAds\\LP\\dataconnect`\n"}}
[debug] [2026-05-06T08:29:36.182Z] E0506 05:29:36.108040   15908 watch.go:40] Failed to load config from "c:\\Users\\claud\\OneDrive\\Documentos\\NeuroAds\\LP\\dataconnect": could not find dataconnect.yaml in `c:\Users\claud\OneDrive\Documentos\NeuroAds\LP\dataconnect`
 {"metadata":{"emulator":{"name":"dataconnect"},"message":"E0506 05:29:36.108040   15908 watch.go:40] Failed to load config from \"c:\\\\Users\\\\claud\\\\OneDrive\\\\Documentos\\\\NeuroAds\\\\LP\\\\dataconnect\": could not find dataconnect.yaml in `c:\\Users\\claud\\OneDrive\\Documentos\\NeuroAds\\LP\\dataconnect`\n"}}
[debug] [2026-05-06T08:29:46.111Z] E0506 05:29:46.108056   15908 watch.go:40] Failed to load config from "c:\\Users\\claud\\OneDrive\\Documentos\\NeuroAds\\LP\\dataconnect": could not find dataconnect.yaml in `c:\Users\claud\OneDrive\Documentos\NeuroAds\LP\dataconnect`
 {"metadata":{"emulator":{"name":"dataconnect"},"message":"E0506 05:29:46.108056   15908 watch.go:40] Failed to load config from \"c:\\\\Users\\\\claud\\\\OneDrive\\\\Documentos\\\\NeuroAds\\\\LP\\\\dataconnect\": could not find dataconnect.yaml in `c:\\Users\\claud\\OneDrive\\Documentos\\NeuroAds\\LP\\dataconnect`\n"}}
[debug] [2026-05-06T08:29:56.120Z] E0506 05:29:56.108893   15908 watch.go:40] Failed to load config from "c:\\Users\\claud\\OneDrive\\Documentos\\NeuroAds\\LP\\dataconnect": could not find dataconnect.yaml in `c:\Users\claud\OneDrive\Documentos\NeuroAds\LP\dataconnect`
 {"metadata":{"emulator":{"name":"dataconnect"},"message":"E0506 05:29:56.108893   15908 watch.go:40] Failed to load config from \"c:\\\\Users\\\\claud\\\\OneDrive\\\\Documentos\\\\NeuroAds\\\\LP\\\\dataconnect\": could not find dataconnect.yaml in `c:\\Users\\claud\\OneDrive\\Documentos\\NeuroAds\\LP\\dataconnect`\n"}}
[debug] [2026-05-06T08:30:06.168Z] E0506 05:30:06.109649   15908 watch.go:116] watchAllDir unable to walk dir `c:\Users\claud\OneDrive\Documentos\NeuroAds\LP\dataconnect`: GetFileAttributesEx c:\Users\claud\OneDrive\Documentos\NeuroAds\LP\dataconnect: The system cannot find the file specified.
E0506 05:30:06.117712   15908 watch.go:40] Failed to load config from "c:\\Users\\claud\\OneDrive\\Documentos\\NeuroAds\\LP\\dataconnect": could not find dataconnect.yaml in `c:\Users\claud\OneDrive\Documentos\NeuroAds\LP\dataconnect`
 {"metadata":{"emulator":{"name":"dataconnect"},"message":"E0506 05:30:06.109649   15908 watch.go:116] watchAllDir unable to walk dir `c:\\Users\\claud\\OneDrive\\Documentos\\NeuroAds\\LP\\dataconnect`: GetFileAttributesEx c:\\Users\\claud\\OneDrive\\Documentos\\NeuroAds\\LP\\dataconnect: The system cannot find the file specified.\nE0506 05:30:06.117712   15908 watch.go:40] Failed to load config from \"c:\\\\Users\\\\claud\\\\OneDrive\\\\Documentos\\\\NeuroAds\\\\LP\\\\dataconnect\": could not find dataconnect.yaml in `c:\\Users\\claud\\OneDrive\\Documentos\\NeuroAds\\LP\\dataconnect`\n"}}
[debug] [2026-05-06T08:30:16.153Z] E0506 05:30:16.108352   15908 watch.go:40] Failed to load config from "c:\\Users\\claud\\OneDrive\\Documentos\\NeuroAds\\LP\\dataconnect": could not find dataconnect.yaml in `c:\Users\claud\OneDrive\Documentos\NeuroAds\LP\dataconnect`
 {"metadata":{"emulator":{"name":"dataconnect"},"message":"E0506 05:30:16.108352   15908 watch.go:40] Failed to load config from \"c:\\\\Users\\\\claud\\\\OneDrive\\\\Documentos\\\\NeuroAds\\\\LP\\\\dataconnect\": could not find dataconnect.yaml in `c:\\Users\\claud\\OneDrive\\Documentos\\NeuroAds\\LP\\dataconnect`\n"}}
[debug] [2026-05-06T08:30:26.665Z] E0506 05:30:26.108497   15908 watch.go:40] Failed to load config from "c:\\Users\\claud\\OneDrive\\Documentos\\NeuroAds\\LP\\dataconnect": could not find dataconnect.yaml in `c:\Users\claud\OneDrive\Documentos\NeuroAds\LP\dataconnect`
 {"metadata":{"emulator":{"name":"dataconnect"},"message":"E0506 05:30:26.108497   15908 watch.go:40] Failed to load config from \"c:\\\\Users\\\\claud\\\\OneDrive\\\\Documentos\\\\NeuroAds\\\\LP\\\\dataconnect\": could not find dataconnect.yaml in `c:\\Users\\claud\\OneDrive\\Documentos\\NeuroAds\\LP\\dataconnect`\n"}}
[debug] [2026-05-06T08:30:36.119Z] E0506 05:30:36.108485   15908 watch.go:40] Failed to load config from "c:\\Users\\claud\\OneDrive\\Documentos\\NeuroAds\\LP\\dataconnect": could not find dataconnect.yaml in `c:\Users\claud\OneDrive\Documentos\NeuroAds\LP\dataconnect`
 {"metadata":{"emulator":{"name":"dataconnect"},"message":"E0506 05:30:36.108485   15908 watch.go:40] Failed to load config from \"c:\\\\Users\\\\claud\\\\OneDrive\\\\Documentos\\\\NeuroAds\\\\LP\\\\dataconnect\": could not find dataconnect.yaml in `c:\\Users\\claud\\OneDrive\\Documentos\\NeuroAds\\LP\\dataconnect`\n"}}
[debug] [2026-05-06T08:30:46.178Z] E0506 05:30:46.108311   15908 watch.go:40] Failed to load config from "c:\\Users\\claud\\OneDrive\\Documentos\\NeuroAds\\LP\\dataconnect": could not find dataconnect.yaml in `c:\Users\claud\OneDrive\Documentos\NeuroAds\LP\dataconnect`
 {"metadata":{"emulator":{"name":"dataconnect"},"message":"E0506 05:30:46.108311   15908 watch.go:40] Failed to load config from \"c:\\\\Users\\\\claud\\\\OneDrive\\\\Documentos\\\\NeuroAds\\\\LP\\\\dataconnect\": could not find dataconnect.yaml in `c:\\Users\\claud\\OneDrive\\Documentos\\NeuroAds\\LP\\dataconnect`\n"}}
[debug] [2026-05-06T08:30:56.144Z] E0506 05:30:56.109476   15908 watch.go:40] Failed to load config from "c:\\Users\\claud\\OneDrive\\Documentos\\NeuroAds\\LP\\dataconnect": could not find dataconnect.yaml in `c:\Users\claud\OneDrive\Documentos\NeuroAds\LP\dataconnect`
 {"metadata":{"emulator":{"name":"dataconnect"},"message":"E0506 05:30:56.109476   15908 watch.go:40] Failed to load config from \"c:\\\\Users\\\\claud\\\\OneDrive\\\\Documentos\\\\NeuroAds\\\\LP\\\\dataconnect\": could not find dataconnect.yaml in `c:\\Users\\claud\\OneDrive\\Documentos\\NeuroAds\\LP\\dataconnect`\n"}}
[debug] [2026-05-06T08:31:06.124Z] E0506 05:31:06.108259   15908 watch.go:116] watchAllDir unable to walk dir `c:\Users\claud\OneDrive\Documentos\NeuroAds\LP\dataconnect`: GetFileAttributesEx c:\Users\claud\OneDrive\Documentos\NeuroAds\LP\dataconnect: The system cannot find the file specified.
E0506 05:31:06.108259   15908 watch.go:40] Failed to load config from "c:\\Users\\claud\\OneDrive\\Documentos\\NeuroAds\\LP\\dataconnect": could not find dataconnect.yaml in `c:\Users\claud\OneDrive\Documentos\NeuroAds\LP\dataconnect`
 {"metadata":{"emulator":{"name":"dataconnect"},"message":"E0506 05:31:06.108259   15908 watch.go:116] watchAllDir unable to walk dir `c:\\Users\\claud\\OneDrive\\Documentos\\NeuroAds\\LP\\dataconnect`: GetFileAttributesEx c:\\Users\\claud\\OneDrive\\Documentos\\NeuroAds\\LP\\dataconnect: The system cannot find the file specified.\nE0506 05:31:06.108259   15908 watch.go:40] Failed to load config from \"c:\\\\Users\\\\claud\\\\OneDrive\\\\Documentos\\\\NeuroAds\\\\LP\\\\dataconnect\": could not find dataconnect.yaml in `c:\\Users\\claud\\OneDrive\\Documentos\\NeuroAds\\LP\\dataconnect`\n"}}
[debug] [2026-05-06T08:31:16.145Z] E0506 05:31:16.108148   15908 watch.go:40] Failed to load config from "c:\\Users\\claud\\OneDrive\\Documentos\\NeuroAds\\LP\\dataconnect": could not find dataconnect.yaml in `c:\Users\claud\OneDrive\Documentos\NeuroAds\LP\dataconnect`
 {"metadata":{"emulator":{"name":"dataconnect"},"message":"E0506 05:31:16.108148   15908 watch.go:40] Failed to load config from \"c:\\\\Users\\\\claud\\\\OneDrive\\\\Documentos\\\\NeuroAds\\\\LP\\\\dataconnect\": could not find dataconnect.yaml in `c:\\Users\\claud\\OneDrive\\Documentos\\NeuroAds\\LP\\dataconnect`\n"}}
[debug] [2026-05-06T08:31:26.112Z] E0506 05:31:26.108221   15908 watch.go:40] Failed to load config from "c:\\Users\\claud\\OneDrive\\Documentos\\NeuroAds\\LP\\dataconnect": could not find dataconnect.yaml in `c:\Users\claud\OneDrive\Documentos\NeuroAds\LP\dataconnect`
 {"metadata":{"emulator":{"name":"dataconnect"},"message":"E0506 05:31:26.108221   15908 watch.go:40] Failed to load config from \"c:\\\\Users\\\\claud\\\\OneDrive\\\\Documentos\\\\NeuroAds\\\\LP\\\\dataconnect\": could not find dataconnect.yaml in `c:\\Users\\claud\\OneDrive\\Documentos\\NeuroAds\\LP\\dataconnect`\n"}}
[debug] [2026-05-06T08:31:36.204Z] E0506 05:31:36.108523   15908 watch.go:40] Failed to load config from "c:\\Users\\claud\\OneDrive\\Documentos\\NeuroAds\\LP\\dataconnect": could not find dataconnect.yaml in `c:\Users\claud\OneDrive\Documentos\NeuroAds\LP\dataconnect`
 {"metadata":{"emulator":{"name":"dataconnect"},"message":"E0506 05:31:36.108523   15908 watch.go:40] Failed to load config from \"c:\\\\Users\\\\claud\\\\OneDrive\\\\Documentos\\\\NeuroAds\\\\LP\\\\dataconnect\": could not find dataconnect.yaml in `c:\\Users\\claud\\OneDrive\\Documentos\\NeuroAds\\LP\\dataconnect`\n"}}
[debug] [2026-05-06T08:31:46.187Z] E0506 05:31:46.108202   15908 watch.go:40] Failed to load config from "c:\\Users\\claud\\OneDrive\\Documentos\\NeuroAds\\LP\\dataconnect": could not find dataconnect.yaml in `c:\Users\claud\OneDrive\Documentos\NeuroAds\LP\dataconnect`
 {"metadata":{"emulator":{"name":"dataconnect"},"message":"E0506 05:31:46.108202   15908 watch.go:40] Failed to load config from \"c:\\\\Users\\\\claud\\\\OneDrive\\\\Documentos\\\\NeuroAds\\\\LP\\\\dataconnect\": could not find dataconnect.yaml in `c:\\Users\\claud\\OneDrive\\Documentos\\NeuroAds\\LP\\dataconnect`\n"}}
[debug] [2026-05-06T08:31:56.171Z] E0506 05:31:56.108876   15908 watch.go:40] Failed to load config from "c:\\Users\\claud\\OneDrive\\Documentos\\NeuroAds\\LP\\dataconnect": could not find dataconnect.yaml in `c:\Users\claud\OneDrive\Documentos\NeuroAds\LP\dataconnect`
 {"metadata":{"emulator":{"name":"dataconnect"},"message":"E0506 05:31:56.108876   15908 watch.go:40] Failed to load config from \"c:\\\\Users\\\\claud\\\\OneDrive\\\\Documentos\\\\NeuroAds\\\\LP\\\\dataconnect\": could not find dataconnect.yaml in `c:\\Users\\claud\\OneDrive\\Documentos\\NeuroAds\\LP\\dataconnect`\n"}}
[debug] [2026-05-06T08:32:06.122Z] E0506 05:32:06.108042   15908 watch.go:116] watchAllDir unable to walk dir `c:\Users\claud\OneDrive\Documentos\NeuroAds\LP\dataconnect`: GetFileAttributesEx c:\Users\claud\OneDrive\Documentos\NeuroAds\LP\dataconnect: The system cannot find the file specified.
E0506 05:32:06.108042   15908 watch.go:40] Failed to load config from "c:\\Users\\claud\\OneDrive\\Documentos\\NeuroAds\\LP\\dataconnect": could not find dataconnect.yaml in `c:\Users\claud\OneDrive\Documentos\NeuroAds\LP\dataconnect`
 {"metadata":{"emulator":{"name":"dataconnect"},"message":"E0506 05:32:06.108042   15908 watch.go:116] watchAllDir unable to walk dir `c:\\Users\\claud\\OneDrive\\Documentos\\NeuroAds\\LP\\dataconnect`: GetFileAttributesEx c:\\Users\\claud\\OneDrive\\Documentos\\NeuroAds\\LP\\dataconnect: The system cannot find the file specified.\nE0506 05:32:06.108042   15908 watch.go:40] Failed to load config from \"c:\\\\Users\\\\claud\\\\OneDrive\\\\Documentos\\\\NeuroAds\\\\LP\\\\dataconnect\": could not find dataconnect.yaml in `c:\\Users\\claud\\OneDrive\\Documentos\\NeuroAds\\LP\\dataconnect`\n"}}
[debug] [2026-05-06T08:32:16.190Z] E0506 05:32:16.108899   15908 watch.go:40] Failed to load config from "c:\\Users\\claud\\OneDrive\\Documentos\\NeuroAds\\LP\\dataconnect": could not find dataconnect.yaml in `c:\Users\claud\OneDrive\Documentos\NeuroAds\LP\dataconnect`
 {"metadata":{"emulator":{"name":"dataconnect"},"message":"E0506 05:32:16.108899   15908 watch.go:40] Failed to load config from \"c:\\\\Users\\\\claud\\\\OneDrive\\\\Documentos\\\\NeuroAds\\\\LP\\\\dataconnect\": could not find dataconnect.yaml in `c:\\Users\\claud\\OneDrive\\Documentos\\NeuroAds\\LP\\dataconnect`\n"}}
[debug] [2026-05-06T08:32:26.130Z] E0506 05:32:26.109333   15908 watch.go:40] Failed to load config from "c:\\Users\\claud\\OneDrive\\Documentos\\NeuroAds\\LP\\dataconnect": could not find dataconnect.yaml in `c:\Users\claud\OneDrive\Documentos\NeuroAds\LP\dataconnect`
 {"metadata":{"emulator":{"name":"dataconnect"},"message":"E0506 05:32:26.109333   15908 watch.go:40] Failed to load config from \"c:\\\\Users\\\\claud\\\\OneDrive\\\\Documentos\\\\NeuroAds\\\\LP\\\\dataconnect\": could not find dataconnect.yaml in `c:\\Users\\claud\\OneDrive\\Documentos\\NeuroAds\\LP\\dataconnect`\n"}}
[debug] [2026-05-06T08:32:36.116Z] E0506 05:32:36.108328   15908 watch.go:40] Failed to load config from "c:\\Users\\claud\\OneDrive\\Documentos\\NeuroAds\\LP\\dataconnect": could not find dataconnect.yaml in `c:\Users\claud\OneDrive\Documentos\NeuroAds\LP\dataconnect`
 {"metadata":{"emulator":{"name":"dataconnect"},"message":"E0506 05:32:36.108328   15908 watch.go:40] Failed to load config from \"c:\\\\Users\\\\claud\\\\OneDrive\\\\Documentos\\\\NeuroAds\\\\LP\\\\dataconnect\": could not find dataconnect.yaml in `c:\\Users\\claud\\OneDrive\\Documentos\\NeuroAds\\LP\\dataconnect`\n"}}
[debug] [2026-05-06T08:32:46.146Z] E0506 05:32:46.108272   15908 watch.go:40] Failed to load config from "c:\\Users\\claud\\OneDrive\\Documentos\\NeuroAds\\LP\\dataconnect": could not find dataconnect.yaml in `c:\Users\claud\OneDrive\Documentos\NeuroAds\LP\dataconnect`
 {"metadata":{"emulator":{"name":"dataconnect"},"message":"E0506 05:32:46.108272   15908 watch.go:40] Failed to load config from \"c:\\\\Users\\\\claud\\\\OneDrive\\\\Documentos\\\\NeuroAds\\\\LP\\\\dataconnect\": could not find dataconnect.yaml in `c:\\Users\\claud\\OneDrive\\Documentos\\NeuroAds\\LP\\dataconnect`\n"}}
[debug] [2026-05-06T08:32:56.127Z] E0506 05:32:56.108469   15908 watch.go:40] Failed to load config from "c:\\Users\\claud\\OneDrive\\Documentos\\NeuroAds\\LP\\dataconnect": could not find dataconnect.yaml in `c:\Users\claud\OneDrive\Documentos\NeuroAds\LP\dataconnect`
 {"metadata":{"emulator":{"name":"dataconnect"},"message":"E0506 05:32:56.108469   15908 watch.go:40] Failed to load config from \"c:\\\\Users\\\\claud\\\\OneDrive\\\\Documentos\\\\NeuroAds\\\\LP\\\\dataconnect\": could not find dataconnect.yaml in `c:\\Users\\claud\\OneDrive\\Documentos\\NeuroAds\\LP\\dataconnect`\n"}}
[debug] [2026-05-06T08:33:06.165Z] E0506 05:33:06.108367   15908 watch.go:116] watchAllDir unable to walk dir `c:\Users\claud\OneDrive\Documentos\NeuroAds\LP\dataconnect`: GetFileAttributesEx c:\Users\claud\OneDrive\Documentos\NeuroAds\LP\dataconnect: The system cannot find the file specified.
E0506 05:33:06.108367   15908 watch.go:40] Failed to load config from "c:\\Users\\claud\\OneDrive\\Documentos\\NeuroAds\\LP\\dataconnect": could not find dataconnect.yaml in `c:\Users\claud\OneDrive\Documentos\NeuroAds\LP\dataconnect`
 {"metadata":{"emulator":{"name":"dataconnect"},"message":"E0506 05:33:06.108367   15908 watch.go:116] watchAllDir unable to walk dir `c:\\Users\\claud\\OneDrive\\Documentos\\NeuroAds\\LP\\dataconnect`: GetFileAttributesEx c:\\Users\\claud\\OneDrive\\Documentos\\NeuroAds\\LP\\dataconnect: The system cannot find the file specified.\nE0506 05:33:06.108367   15908 watch.go:40] Failed to load config from \"c:\\\\Users\\\\claud\\\\OneDrive\\\\Documentos\\\\NeuroAds\\\\LP\\\\dataconnect\": could not find dataconnect.yaml in `c:\\Users\\claud\\OneDrive\\Documentos\\NeuroAds\\LP\\dataconnect`\n"}}
[debug] [2026-05-06T08:33:16.178Z] E0506 05:33:16.108102   15908 watch.go:40] Failed to load config from "c:\\Users\\claud\\OneDrive\\Documentos\\NeuroAds\\LP\\dataconnect": could not find dataconnect.yaml in `c:\Users\claud\OneDrive\Documentos\NeuroAds\LP\dataconnect`
 {"metadata":{"emulator":{"name":"dataconnect"},"message":"E0506 05:33:16.108102   15908 watch.go:40] Failed to load config from \"c:\\\\Users\\\\claud\\\\OneDrive\\\\Documentos\\\\NeuroAds\\\\LP\\\\dataconnect\": could not find dataconnect.yaml in `c:\\Users\\claud\\OneDrive\\Documentos\\NeuroAds\\LP\\dataconnect`\n"}}
[debug] [2026-05-06T08:33:26.122Z] E0506 05:33:26.108155   15908 watch.go:40] Failed to load config from "c:\\Users\\claud\\OneDrive\\Documentos\\NeuroAds\\LP\\dataconnect": could not find dataconnect.yaml in `c:\Users\claud\OneDrive\Documentos\NeuroAds\LP\dataconnect`
 {"metadata":{"emulator":{"name":"dataconnect"},"message":"E0506 05:33:26.108155   15908 watch.go:40] Failed to load config from \"c:\\\\Users\\\\claud\\\\OneDrive\\\\Documentos\\\\NeuroAds\\\\LP\\\\dataconnect\": could not find dataconnect.yaml in `c:\\Users\\claud\\OneDrive\\Documentos\\NeuroAds\\LP\\dataconnect`\n"}}
[debug] [2026-05-06T08:33:36.191Z] E0506 05:33:36.108996   15908 watch.go:40] Failed to load config from "c:\\Users\\claud\\OneDrive\\Documentos\\NeuroAds\\LP\\dataconnect": could not find dataconnect.yaml in `c:\Users\claud\OneDrive\Documentos\NeuroAds\LP\dataconnect`
 {"metadata":{"emulator":{"name":"dataconnect"},"message":"E0506 05:33:36.108996   15908 watch.go:40] Failed to load config from \"c:\\\\Users\\\\claud\\\\OneDrive\\\\Documentos\\\\NeuroAds\\\\LP\\\\dataconnect\": could not find dataconnect.yaml in `c:\\Users\\claud\\OneDrive\\Documentos\\NeuroAds\\LP\\dataconnect`\n"}}
[debug] [2026-05-06T08:33:46.124Z] E0506 05:33:46.108212   15908 watch.go:40] Failed to load config from "c:\\Users\\claud\\OneDrive\\Documentos\\NeuroAds\\LP\\dataconnect": could not find dataconnect.yaml in `c:\Users\claud\OneDrive\Documentos\NeuroAds\LP\dataconnect`
 {"metadata":{"emulator":{"name":"dataconnect"},"message":"E0506 05:33:46.108212   15908 watch.go:40] Failed to load config from \"c:\\\\Users\\\\claud\\\\OneDrive\\\\Documentos\\\\NeuroAds\\\\LP\\\\dataconnect\": could not find dataconnect.yaml in `c:\\Users\\claud\\OneDrive\\Documentos\\NeuroAds\\LP\\dataconnect`\n"}}
[debug] [2026-05-06T08:33:56.170Z] E0506 05:33:56.108430   15908 watch.go:40] Failed to load config from "c:\\Users\\claud\\OneDrive\\Documentos\\NeuroAds\\LP\\dataconnect": could not find dataconnect.yaml in `c:\Users\claud\OneDrive\Documentos\NeuroAds\LP\dataconnect`
 {"metadata":{"emulator":{"name":"dataconnect"},"message":"E0506 05:33:56.108430   15908 watch.go:40] Failed to load config from \"c:\\\\Users\\\\claud\\\\OneDrive\\\\Documentos\\\\NeuroAds\\\\LP\\\\dataconnect\": could not find dataconnect.yaml in `c:\\Users\\claud\\OneDrive\\Documentos\\NeuroAds\\LP\\dataconnect`\n"}}
[debug] [2026-05-06T08:34:06.151Z] E0506 05:34:06.108081   15908 watch.go:116] watchAllDir unable to walk dir `c:\Users\claud\OneDrive\Documentos\NeuroAds\LP\dataconnect`: GetFileAttributesEx c:\Users\claud\OneDrive\Documentos\NeuroAds\LP\dataconnect: The system cannot find the file specified.
E0506 05:34:06.108081   15908 watch.go:40] Failed to load config from "c:\\Users\\claud\\OneDrive\\Documentos\\NeuroAds\\LP\\dataconnect": could not find dataconnect.yaml in `c:\Users\claud\OneDrive\Documentos\NeuroAds\LP\dataconnect`
 {"metadata":{"emulator":{"name":"dataconnect"},"message":"E0506 05:34:06.108081   15908 watch.go:116] watchAllDir unable to walk dir `c:\\Users\\claud\\OneDrive\\Documentos\\NeuroAds\\LP\\dataconnect`: GetFileAttributesEx c:\\Users\\claud\\OneDrive\\Documentos\\NeuroAds\\LP\\dataconnect: The system cannot find the file specified.\nE0506 05:34:06.108081   15908 watch.go:40] Failed to load config from \"c:\\\\Users\\\\claud\\\\OneDrive\\\\Documentos\\\\NeuroAds\\\\LP\\\\dataconnect\": could not find dataconnect.yaml in `c:\\Users\\claud\\OneDrive\\Documentos\\NeuroAds\\LP\\dataconnect`\n"}}
[debug] [2026-05-06T08:34:16.111Z] E0506 05:34:16.108693   15908 watch.go:40] Failed to load config from "c:\\Users\\claud\\OneDrive\\Documentos\\NeuroAds\\LP\\dataconnect": could not find dataconnect.yaml in `c:\Users\claud\OneDrive\Documentos\NeuroAds\LP\dataconnect`
 {"metadata":{"emulator":{"name":"dataconnect"},"message":"E0506 05:34:16.108693   15908 watch.go:40] Failed to load config from \"c:\\\\Users\\\\claud\\\\OneDrive\\\\Documentos\\\\NeuroAds\\\\LP\\\\dataconnect\": could not find dataconnect.yaml in `c:\\Users\\claud\\OneDrive\\Documentos\\NeuroAds\\LP\\dataconnect`\n"}}
[debug] [2026-05-06T08:34:26.131Z] E0506 05:34:26.109076   15908 watch.go:40] Failed to load config from "c:\\Users\\claud\\OneDrive\\Documentos\\NeuroAds\\LP\\dataconnect": could not find dataconnect.yaml in `c:\Users\claud\OneDrive\Documentos\NeuroAds\LP\dataconnect`
 {"metadata":{"emulator":{"name":"dataconnect"},"message":"E0506 05:34:26.109076   15908 watch.go:40] Failed to load config from \"c:\\\\Users\\\\claud\\\\OneDrive\\\\Documentos\\\\NeuroAds\\\\LP\\\\dataconnect\": could not find dataconnect.yaml in `c:\\Users\\claud\\OneDrive\\Documentos\\NeuroAds\\LP\\dataconnect`\n"}}
[debug] [2026-05-06T08:34:36.113Z] E0506 05:34:36.108022   15908 watch.go:40] Failed to load config from "c:\\Users\\claud\\OneDrive\\Documentos\\NeuroAds\\LP\\dataconnect": could not find dataconnect.yaml in `c:\Users\claud\OneDrive\Documentos\NeuroAds\LP\dataconnect`
 {"metadata":{"emulator":{"name":"dataconnect"},"message":"E0506 05:34:36.108022   15908 watch.go:40] Failed to load config from \"c:\\\\Users\\\\claud\\\\OneDrive\\\\Documentos\\\\NeuroAds\\\\LP\\\\dataconnect\": could not find dataconnect.yaml in `c:\\Users\\claud\\OneDrive\\Documentos\\NeuroAds\\LP\\dataconnect`\n"}}
[debug] [2026-05-06T08:34:46.118Z] E0506 05:34:46.108512   15908 watch.go:40] Failed to load config from "c:\\Users\\claud\\OneDrive\\Documentos\\NeuroAds\\LP\\dataconnect": could not find dataconnect.yaml in `c:\Users\claud\OneDrive\Documentos\NeuroAds\LP\dataconnect`
 {"metadata":{"emulator":{"name":"dataconnect"},"message":"E0506 05:34:46.108512   15908 watch.go:40] Failed to load config from \"c:\\\\Users\\\\claud\\\\OneDrive\\\\Documentos\\\\NeuroAds\\\\LP\\\\dataconnect\": could not find dataconnect.yaml in `c:\\Users\\claud\\OneDrive\\Documentos\\NeuroAds\\LP\\dataconnect`\n"}}
[debug] [2026-05-06T08:34:56.162Z] E0506 05:34:56.108624   15908 watch.go:40] Failed to load config from "c:\\Users\\claud\\OneDrive\\Documentos\\NeuroAds\\LP\\dataconnect": could not find dataconnect.yaml in `c:\Users\claud\OneDrive\Documentos\NeuroAds\LP\dataconnect`
 {"metadata":{"emulator":{"name":"dataconnect"},"message":"E0506 05:34:56.108624   15908 watch.go:40] Failed to load config from \"c:\\\\Users\\\\claud\\\\OneDrive\\\\Documentos\\\\NeuroAds\\\\LP\\\\dataconnect\": could not find dataconnect.yaml in `c:\\Users\\claud\\OneDrive\\Documentos\\NeuroAds\\LP\\dataconnect`\n"}}
[debug] [2026-05-06T08:35:06.140Z] E0506 05:35:06.108155   15908 watch.go:116] watchAllDir unable to walk dir `c:\Users\claud\OneDrive\Documentos\NeuroAds\LP\dataconnect`: GetFileAttributesEx c:\Users\claud\OneDrive\Documentos\NeuroAds\LP\dataconnect: The system cannot find the file specified.
E0506 05:35:06.108155   15908 watch.go:40] Failed to load config from "c:\\Users\\claud\\OneDrive\\Documentos\\NeuroAds\\LP\\dataconnect": could not find dataconnect.yaml in `c:\Users\claud\OneDrive\Documentos\NeuroAds\LP\dataconnect`
 {"metadata":{"emulator":{"name":"dataconnect"},"message":"E0506 05:35:06.108155   15908 watch.go:116] watchAllDir unable to walk dir `c:\\Users\\claud\\OneDrive\\Documentos\\NeuroAds\\LP\\dataconnect`: GetFileAttributesEx c:\\Users\\claud\\OneDrive\\Documentos\\NeuroAds\\LP\\dataconnect: The system cannot find the file specified.\nE0506 05:35:06.108155   15908 watch.go:40] Failed to load config from \"c:\\\\Users\\\\claud\\\\OneDrive\\\\Documentos\\\\NeuroAds\\\\LP\\\\dataconnect\": could not find dataconnect.yaml in `c:\\Users\\claud\\OneDrive\\Documentos\\NeuroAds\\LP\\dataconnect`\n"}}
[debug] [2026-05-06T08:35:16.124Z] E0506 05:35:16.108454   15908 watch.go:40] Failed to load config from "c:\\Users\\claud\\OneDrive\\Documentos\\NeuroAds\\LP\\dataconnect": could not find dataconnect.yaml in `c:\Users\claud\OneDrive\Documentos\NeuroAds\LP\dataconnect`
 {"metadata":{"emulator":{"name":"dataconnect"},"message":"E0506 05:35:16.108454   15908 watch.go:40] Failed to load config from \"c:\\\\Users\\\\claud\\\\OneDrive\\\\Documentos\\\\NeuroAds\\\\LP\\\\dataconnect\": could not find dataconnect.yaml in `c:\\Users\\claud\\OneDrive\\Documentos\\NeuroAds\\LP\\dataconnect`\n"}}
[debug] [2026-05-06T08:35:26.207Z] E0506 05:35:26.108001   15908 watch.go:40] Failed to load config from "c:\\Users\\claud\\OneDrive\\Documentos\\NeuroAds\\LP\\dataconnect": could not find dataconnect.yaml in `c:\Users\claud\OneDrive\Documentos\NeuroAds\LP\dataconnect`
 {"metadata":{"emulator":{"name":"dataconnect"},"message":"E0506 05:35:26.108001   15908 watch.go:40] Failed to load config from \"c:\\\\Users\\\\claud\\\\OneDrive\\\\Documentos\\\\NeuroAds\\\\LP\\\\dataconnect\": could not find dataconnect.yaml in `c:\\Users\\claud\\OneDrive\\Documentos\\NeuroAds\\LP\\dataconnect`\n"}}
[debug] [2026-05-06T08:35:36.110Z] E0506 05:35:36.108143   15908 watch.go:40] Failed to load config from "c:\\Users\\claud\\OneDrive\\Documentos\\NeuroAds\\LP\\dataconnect": could not find dataconnect.yaml in `c:\Users\claud\OneDrive\Documentos\NeuroAds\LP\dataconnect`
 {"metadata":{"emulator":{"name":"dataconnect"},"message":"E0506 05:35:36.108143   15908 watch.go:40] Failed to load config from \"c:\\\\Users\\\\claud\\\\OneDrive\\\\Documentos\\\\NeuroAds\\\\LP\\\\dataconnect\": could not find dataconnect.yaml in `c:\\Users\\claud\\OneDrive\\Documentos\\NeuroAds\\LP\\dataconnect`\n"}}
[debug] [2026-05-06T08:35:46.183Z] E0506 05:35:46.108375   15908 watch.go:40] Failed to load config from "c:\\Users\\claud\\OneDrive\\Documentos\\NeuroAds\\LP\\dataconnect": could not find dataconnect.yaml in `c:\Users\claud\OneDrive\Documentos\NeuroAds\LP\dataconnect`
 {"metadata":{"emulator":{"name":"dataconnect"},"message":"E0506 05:35:46.108375   15908 watch.go:40] Failed to load config from \"c:\\\\Users\\\\claud\\\\OneDrive\\\\Documentos\\\\NeuroAds\\\\LP\\\\dataconnect\": could not find dataconnect.yaml in `c:\\Users\\claud\\OneDrive\\Documentos\\NeuroAds\\LP\\dataconnect`\n"}}
[debug] [2026-05-06T08:35:56.108Z] E0506 05:35:56.108405   15908 watch.go:40] Failed to load config from "c:\\Users\\claud\\OneDrive\\Documentos\\NeuroAds\\LP\\dataconnect": could not find dataconnect.yaml in `c:\Users\claud\OneDrive\Documentos\NeuroAds\LP\dataconnect`
 {"metadata":{"emulator":{"name":"dataconnect"},"message":"E0506 05:35:56.108405   15908 watch.go:40] Failed to load config from \"c:\\\\Users\\\\claud\\\\OneDrive\\\\Documentos\\\\NeuroAds\\\\LP\\\\dataconnect\": could not find dataconnect.yaml in `c:\\Users\\claud\\OneDrive\\Documentos\\NeuroAds\\LP\\dataconnect`\n"}}
[debug] [2026-05-06T08:36:06.109Z] E0506 05:36:06.108011   15908 watch.go:116] watchAllDir unable to walk dir `c:\Users\claud\OneDrive\Documentos\NeuroAds\LP\dataconnect`: GetFileAttributesEx c:\Users\claud\OneDrive\Documentos\NeuroAds\LP\dataconnect: The system cannot find the file specified.
E0506 05:36:06.108011   15908 watch.go:40] Failed to load config from "c:\\Users\\claud\\OneDrive\\Documentos\\NeuroAds\\LP\\dataconnect": could not find dataconnect.yaml in `c:\Users\claud\OneDrive\Documentos\NeuroAds\LP\dataconnect`
 {"metadata":{"emulator":{"name":"dataconnect"},"message":"E0506 05:36:06.108011   15908 watch.go:116] watchAllDir unable to walk dir `c:\\Users\\claud\\OneDrive\\Documentos\\NeuroAds\\LP\\dataconnect`: GetFileAttributesEx c:\\Users\\claud\\OneDrive\\Documentos\\NeuroAds\\LP\\dataconnect: The system cannot find the file specified.\nE0506 05:36:06.108011   15908 watch.go:40] Failed to load config from \"c:\\\\Users\\\\claud\\\\OneDrive\\\\Documentos\\\\NeuroAds\\\\LP\\\\dataconnect\": could not find dataconnect.yaml in `c:\\Users\\claud\\OneDrive\\Documentos\\NeuroAds\\LP\\dataconnect`\n"}}
[debug] [2026-05-06T08:36:16.163Z] E0506 05:36:16.108754   15908 watch.go:40] Failed to load config from "c:\\Users\\claud\\OneDrive\\Documentos\\NeuroAds\\LP\\dataconnect": could not find dataconnect.yaml in `c:\Users\claud\OneDrive\Documentos\NeuroAds\LP\dataconnect`
 {"metadata":{"emulator":{"name":"dataconnect"},"message":"E0506 05:36:16.108754   15908 watch.go:40] Failed to load config from \"c:\\\\Users\\\\claud\\\\OneDrive\\\\Documentos\\\\NeuroAds\\\\LP\\\\dataconnect\": could not find dataconnect.yaml in `c:\\Users\\claud\\OneDrive\\Documentos\\NeuroAds\\LP\\dataconnect`\n"}}
[debug] [2026-05-06T08:36:26.210Z] E0506 05:36:26.108637   15908 watch.go:40] Failed to load config from "c:\\Users\\claud\\OneDrive\\Documentos\\NeuroAds\\LP\\dataconnect": could not find dataconnect.yaml in `c:\Users\claud\OneDrive\Documentos\NeuroAds\LP\dataconnect`
 {"metadata":{"emulator":{"name":"dataconnect"},"message":"E0506 05:36:26.108637   15908 watch.go:40] Failed to load config from \"c:\\\\Users\\\\claud\\\\OneDrive\\\\Documentos\\\\NeuroAds\\\\LP\\\\dataconnect\": could not find dataconnect.yaml in `c:\\Users\\claud\\OneDrive\\Documentos\\NeuroAds\\LP\\dataconnect`\n"}}
[debug] [2026-05-06T08:36:36.157Z] E0506 05:36:36.108388   15908 watch.go:40] Failed to load config from "c:\\Users\\claud\\OneDrive\\Documentos\\NeuroAds\\LP\\dataconnect": could not find dataconnect.yaml in `c:\Users\claud\OneDrive\Documentos\NeuroAds\LP\dataconnect`
 {"metadata":{"emulator":{"name":"dataconnect"},"message":"E0506 05:36:36.108388   15908 watch.go:40] Failed to load config from \"c:\\\\Users\\\\claud\\\\OneDrive\\\\Documentos\\\\NeuroAds\\\\LP\\\\dataconnect\": could not find dataconnect.yaml in `c:\\Users\\claud\\OneDrive\\Documentos\\NeuroAds\\LP\\dataconnect`\n"}}
[debug] [2026-05-06T08:36:46.176Z] E0506 05:36:46.107981   15908 watch.go:40] Failed to load config from "c:\\Users\\claud\\OneDrive\\Documentos\\NeuroAds\\LP\\dataconnect": could not find dataconnect.yaml in `c:\Users\claud\OneDrive\Documentos\NeuroAds\LP\dataconnect`
 {"metadata":{"emulator":{"name":"dataconnect"},"message":"E0506 05:36:46.107981   15908 watch.go:40] Failed to load config from \"c:\\\\Users\\\\claud\\\\OneDrive\\\\Documentos\\\\NeuroAds\\\\LP\\\\dataconnect\": could not find dataconnect.yaml in `c:\\Users\\claud\\OneDrive\\Documentos\\NeuroAds\\LP\\dataconnect`\n"}}
[debug] [2026-05-06T08:36:56.112Z] E0506 05:36:56.107997   15908 watch.go:40] Failed to load config from "c:\\Users\\claud\\OneDrive\\Documentos\\NeuroAds\\LP\\dataconnect": could not find dataconnect.yaml in `c:\Users\claud\OneDrive\Documentos\NeuroAds\LP\dataconnect`
 {"metadata":{"emulator":{"name":"dataconnect"},"message":"E0506 05:36:56.107997   15908 watch.go:40] Failed to load config from \"c:\\\\Users\\\\claud\\\\OneDrive\\\\Documentos\\\\NeuroAds\\\\LP\\\\dataconnect\": could not find dataconnect.yaml in `c:\\Users\\claud\\OneDrive\\Documentos\\NeuroAds\\LP\\dataconnect`\n"}}
[debug] [2026-05-06T08:37:06.213Z] E0506 05:37:06.108435   15908 watch.go:116] watchAllDir unable to walk dir `c:\Users\claud\OneDrive\Documentos\NeuroAds\LP\dataconnect`: GetFileAttributesEx c:\Users\claud\OneDrive\Documentos\NeuroAds\LP\dataconnect: The system cannot find the file specified.
E0506 05:37:06.108435   15908 watch.go:40] Failed to load config from "c:\\Users\\claud\\OneDrive\\Documentos\\NeuroAds\\LP\\dataconnect": could not find dataconnect.yaml in `c:\Users\claud\OneDrive\Documentos\NeuroAds\LP\dataconnect`
 {"metadata":{"emulator":{"name":"dataconnect"},"message":"E0506 05:37:06.108435   15908 watch.go:116] watchAllDir unable to walk dir `c:\\Users\\claud\\OneDrive\\Documentos\\NeuroAds\\LP\\dataconnect`: GetFileAttributesEx c:\\Users\\claud\\OneDrive\\Documentos\\NeuroAds\\LP\\dataconnect: The system cannot find the file specified.\nE0506 05:37:06.108435   15908 watch.go:40] Failed to load config from \"c:\\\\Users\\\\claud\\\\OneDrive\\\\Documentos\\\\NeuroAds\\\\LP\\\\dataconnect\": could not find dataconnect.yaml in `c:\\Users\\claud\\OneDrive\\Documentos\\NeuroAds\\LP\\dataconnect`\n"}}
[debug] [2026-05-06T08:37:16.160Z] E0506 05:37:16.108227   15908 watch.go:40] Failed to load config from "c:\\Users\\claud\\OneDrive\\Documentos\\NeuroAds\\LP\\dataconnect": could not find dataconnect.yaml in `c:\Users\claud\OneDrive\Documentos\NeuroAds\LP\dataconnect`
 {"metadata":{"emulator":{"name":"dataconnect"},"message":"E0506 05:37:16.108227   15908 watch.go:40] Failed to load config from \"c:\\\\Users\\\\claud\\\\OneDrive\\\\Documentos\\\\NeuroAds\\\\LP\\\\dataconnect\": could not find dataconnect.yaml in `c:\\Users\\claud\\OneDrive\\Documentos\\NeuroAds\\LP\\dataconnect`\n"}}
[debug] [2026-05-06T08:37:26.146Z] E0506 05:37:26.109055   15908 watch.go:40] Failed to load config from "c:\\Users\\claud\\OneDrive\\Documentos\\NeuroAds\\LP\\dataconnect": could not find dataconnect.yaml in `c:\Users\claud\OneDrive\Documentos\NeuroAds\LP\dataconnect`
 {"metadata":{"emulator":{"name":"dataconnect"},"message":"E0506 05:37:26.109055   15908 watch.go:40] Failed to load config from \"c:\\\\Users\\\\claud\\\\OneDrive\\\\Documentos\\\\NeuroAds\\\\LP\\\\dataconnect\": could not find dataconnect.yaml in `c:\\Users\\claud\\OneDrive\\Documentos\\NeuroAds\\LP\\dataconnect`\n"}}
[debug] [2026-05-06T08:37:36.108Z] E0506 05:37:36.108111   15908 watch.go:40] Failed to load config from "c:\\Users\\claud\\OneDrive\\Documentos\\NeuroAds\\LP\\dataconnect": could not find dataconnect.yaml in `c:\Users\claud\OneDrive\Documentos\NeuroAds\LP\dataconnect`
 {"metadata":{"emulator":{"name":"dataconnect"},"message":"E0506 05:37:36.108111   15908 watch.go:40] Failed to load config from \"c:\\\\Users\\\\claud\\\\OneDrive\\\\Documentos\\\\NeuroAds\\\\LP\\\\dataconnect\": could not find dataconnect.yaml in `c:\\Users\\claud\\OneDrive\\Documentos\\NeuroAds\\LP\\dataconnect`\n"}}
[debug] [2026-05-06T08:37:46.183Z] E0506 05:37:46.108422   15908 watch.go:40] Failed to load config from "c:\\Users\\claud\\OneDrive\\Documentos\\NeuroAds\\LP\\dataconnect": could not find dataconnect.yaml in `c:\Users\claud\OneDrive\Documentos\NeuroAds\LP\dataconnect`
 {"metadata":{"emulator":{"name":"dataconnect"},"message":"E0506 05:37:46.108422   15908 watch.go:40] Failed to load config from \"c:\\\\Users\\\\claud\\\\OneDrive\\\\Documentos\\\\NeuroAds\\\\LP\\\\dataconnect\": could not find dataconnect.yaml in `c:\\Users\\claud\\OneDrive\\Documentos\\NeuroAds\\LP\\dataconnect`\n"}}
[debug] [2026-05-06T08:37:56.236Z] E0506 05:37:56.108731   15908 watch.go:40] Failed to load config from "c:\\Users\\claud\\OneDrive\\Documentos\\NeuroAds\\LP\\dataconnect": could not find dataconnect.yaml in `c:\Users\claud\OneDrive\Documentos\NeuroAds\LP\dataconnect`
 {"metadata":{"emulator":{"name":"dataconnect"},"message":"E0506 05:37:56.108731   15908 watch.go:40] Failed to load config from \"c:\\\\Users\\\\claud\\\\OneDrive\\\\Documentos\\\\NeuroAds\\\\LP\\\\dataconnect\": could not find dataconnect.yaml in `c:\\Users\\claud\\OneDrive\\Documentos\\NeuroAds\\LP\\dataconnect`\n"}}
[debug] [2026-05-06T08:38:06.147Z] E0506 05:38:06.108378   15908 watch.go:116] watchAllDir unable to walk dir `c:\Users\claud\OneDrive\Documentos\NeuroAds\LP\dataconnect`: GetFileAttributesEx c:\Users\claud\OneDrive\Documentos\NeuroAds\LP\dataconnect: The system cannot find the file specified.
E0506 05:38:06.108378   15908 watch.go:40] Failed to load config from "c:\\Users\\claud\\OneDrive\\Documentos\\NeuroAds\\LP\\dataconnect": could not find dataconnect.yaml in `c:\Users\claud\OneDrive\Documentos\NeuroAds\LP\dataconnect`
 {"metadata":{"emulator":{"name":"dataconnect"},"message":"E0506 05:38:06.108378   15908 watch.go:116] watchAllDir unable to walk dir `c:\\Users\\claud\\OneDrive\\Documentos\\NeuroAds\\LP\\dataconnect`: GetFileAttributesEx c:\\Users\\claud\\OneDrive\\Documentos\\NeuroAds\\LP\\dataconnect: The system cannot find the file specified.\nE0506 05:38:06.108378   15908 watch.go:40] Failed to load config from \"c:\\\\Users\\\\claud\\\\OneDrive\\\\Documentos\\\\NeuroAds\\\\LP\\\\dataconnect\": could not find dataconnect.yaml in `c:\\Users\\claud\\OneDrive\\Documentos\\NeuroAds\\LP\\dataconnect`\n"}}
[debug] [2026-05-06T08:38:16.255Z] E0506 05:38:16.108395   15908 watch.go:40] Failed to load config from "c:\\Users\\claud\\OneDrive\\Documentos\\NeuroAds\\LP\\dataconnect": could not find dataconnect.yaml in `c:\Users\claud\OneDrive\Documentos\NeuroAds\LP\dataconnect`
 {"metadata":{"emulator":{"name":"dataconnect"},"message":"E0506 05:38:16.108395   15908 watch.go:40] Failed to load config from \"c:\\\\Users\\\\claud\\\\OneDrive\\\\Documentos\\\\NeuroAds\\\\LP\\\\dataconnect\": could not find dataconnect.yaml in `c:\\Users\\claud\\OneDrive\\Documentos\\NeuroAds\\LP\\dataconnect`\n"}}
[debug] [2026-05-06T08:38:26.110Z] E0506 05:38:26.108788   15908 watch.go:40] Failed to load config from "c:\\Users\\claud\\OneDrive\\Documentos\\NeuroAds\\LP\\dataconnect": could not find dataconnect.yaml in `c:\Users\claud\OneDrive\Documentos\NeuroAds\LP\dataconnect`
 {"metadata":{"emulator":{"name":"dataconnect"},"message":"E0506 05:38:26.108788   15908 watch.go:40] Failed to load config from \"c:\\\\Users\\\\claud\\\\OneDrive\\\\Documentos\\\\NeuroAds\\\\LP\\\\dataconnect\": could not find dataconnect.yaml in `c:\\Users\\claud\\OneDrive\\Documentos\\NeuroAds\\LP\\dataconnect`\n"}}
[debug] [2026-05-06T08:38:36.164Z] E0506 05:38:36.109136   15908 watch.go:40] Failed to load config from "c:\\Users\\claud\\OneDrive\\Documentos\\NeuroAds\\LP\\dataconnect": could not find dataconnect.yaml in `c:\Users\claud\OneDrive\Documentos\NeuroAds\LP\dataconnect`
 {"metadata":{"emulator":{"name":"dataconnect"},"message":"E0506 05:38:36.109136   15908 watch.go:40] Failed to load config from \"c:\\\\Users\\\\claud\\\\OneDrive\\\\Documentos\\\\NeuroAds\\\\LP\\\\dataconnect\": could not find dataconnect.yaml in `c:\\Users\\claud\\OneDrive\\Documentos\\NeuroAds\\LP\\dataconnect`\n"}}
[debug] [2026-05-06T08:38:46.192Z] E0506 05:38:46.108169   15908 watch.go:40] Failed to load config from "c:\\Users\\claud\\OneDrive\\Documentos\\NeuroAds\\LP\\dataconnect": could not find dataconnect.yaml in `c:\Users\claud\OneDrive\Documentos\NeuroAds\LP\dataconnect`
 {"metadata":{"emulator":{"name":"dataconnect"},"message":"E0506 05:38:46.108169   15908 watch.go:40] Failed to load config from \"c:\\\\Users\\\\claud\\\\OneDrive\\\\Documentos\\\\NeuroAds\\\\LP\\\\dataconnect\": could not find dataconnect.yaml in `c:\\Users\\claud\\OneDrive\\Documentos\\NeuroAds\\LP\\dataconnect`\n"}}
[debug] [2026-05-06T08:38:56.111Z] E0506 05:38:56.108147   15908 watch.go:40] Failed to load config from "c:\\Users\\claud\\OneDrive\\Documentos\\NeuroAds\\LP\\dataconnect": could not find dataconnect.yaml in `c:\Users\claud\OneDrive\Documentos\NeuroAds\LP\dataconnect`
 {"metadata":{"emulator":{"name":"dataconnect"},"message":"E0506 05:38:56.108147   15908 watch.go:40] Failed to load config from \"c:\\\\Users\\\\claud\\\\OneDrive\\\\Documentos\\\\NeuroAds\\\\LP\\\\dataconnect\": could not find dataconnect.yaml in `c:\\Users\\claud\\OneDrive\\Documentos\\NeuroAds\\LP\\dataconnect`\n"}}
[debug] [2026-05-06T08:39:06.117Z] E0506 05:39:06.107969   15908 watch.go:116] watchAllDir unable to walk dir `c:\Users\claud\OneDrive\Documentos\NeuroAds\LP\dataconnect`: GetFileAttributesEx c:\Users\claud\OneDrive\Documentos\NeuroAds\LP\dataconnect: The system cannot find the file specified.
E0506 05:39:06.107969   15908 watch.go:40] Failed to load config from "c:\\Users\\claud\\OneDrive\\Documentos\\NeuroAds\\LP\\dataconnect": could not find dataconnect.yaml in `c:\Users\claud\OneDrive\Documentos\NeuroAds\LP\dataconnect`
 {"metadata":{"emulator":{"name":"dataconnect"},"message":"E0506 05:39:06.107969   15908 watch.go:116] watchAllDir unable to walk dir `c:\\Users\\claud\\OneDrive\\Documentos\\NeuroAds\\LP\\dataconnect`: GetFileAttributesEx c:\\Users\\claud\\OneDrive\\Documentos\\NeuroAds\\LP\\dataconnect: The system cannot find the file specified.\nE0506 05:39:06.107969   15908 watch.go:40] Failed to load config from \"c:\\\\Users\\\\claud\\\\OneDrive\\\\Documentos\\\\NeuroAds\\\\LP\\\\dataconnect\": could not find dataconnect.yaml in `c:\\Users\\claud\\OneDrive\\Documentos\\NeuroAds\\LP\\dataconnect`\n"}}
[debug] [2026-05-06T08:39:16.108Z] E0506 05:39:16.108397   15908 watch.go:40] Failed to load config from "c:\\Users\\claud\\OneDrive\\Documentos\\NeuroAds\\LP\\dataconnect": could not find dataconnect.yaml in `c:\Users\claud\OneDrive\Documentos\NeuroAds\LP\dataconnect`
 {"metadata":{"emulator":{"name":"dataconnect"},"message":"E0506 05:39:16.108397   15908 watch.go:40] Failed to load config from \"c:\\\\Users\\\\claud\\\\OneDrive\\\\Documentos\\\\NeuroAds\\\\LP\\\\dataconnect\": could not find dataconnect.yaml in `c:\\Users\\claud\\OneDrive\\Documentos\\NeuroAds\\LP\\dataconnect`\n"}}
[debug] [2026-05-06T08:39:26.157Z] E0506 05:39:26.108801   15908 watch.go:40] Failed to load config from "c:\\Users\\claud\\OneDrive\\Documentos\\NeuroAds\\LP\\dataconnect": could not find dataconnect.yaml in `c:\Users\claud\OneDrive\Documentos\NeuroAds\LP\dataconnect`
 {"metadata":{"emulator":{"name":"dataconnect"},"message":"E0506 05:39:26.108801   15908 watch.go:40] Failed to load config from \"c:\\\\Users\\\\claud\\\\OneDrive\\\\Documentos\\\\NeuroAds\\\\LP\\\\dataconnect\": could not find dataconnect.yaml in `c:\\Users\\claud\\OneDrive\\Documentos\\NeuroAds\\LP\\dataconnect`\n"}}
[debug] [2026-05-06T08:39:36.134Z] E0506 05:39:36.108842   15908 watch.go:40] Failed to load config from "c:\\Users\\claud\\OneDrive\\Documentos\\NeuroAds\\LP\\dataconnect": could not find dataconnect.yaml in `c:\Users\claud\OneDrive\Documentos\NeuroAds\LP\dataconnect`
 {"metadata":{"emulator":{"name":"dataconnect"},"message":"E0506 05:39:36.108842   15908 watch.go:40] Failed to load config from \"c:\\\\Users\\\\claud\\\\OneDrive\\\\Documentos\\\\NeuroAds\\\\LP\\\\dataconnect\": could not find dataconnect.yaml in `c:\\Users\\claud\\OneDrive\\Documentos\\NeuroAds\\LP\\dataconnect`\n"}}
[debug] [2026-05-06T08:39:46.122Z] E0506 05:39:46.107933   15908 watch.go:40] Failed to load config from "c:\\Users\\claud\\OneDrive\\Documentos\\NeuroAds\\LP\\dataconnect": could not find dataconnect.yaml in `c:\Users\claud\OneDrive\Documentos\NeuroAds\LP\dataconnect`
 {"metadata":{"emulator":{"name":"dataconnect"},"message":"E0506 05:39:46.107933   15908 watch.go:40] Failed to load config from \"c:\\\\Users\\\\claud\\\\OneDrive\\\\Documentos\\\\NeuroAds\\\\LP\\\\dataconnect\": could not find dataconnect.yaml in `c:\\Users\\claud\\OneDrive\\Documentos\\NeuroAds\\LP\\dataconnect`\n"}}
[debug] [2026-05-06T08:39:56.122Z] E0506 05:39:56.108145   15908 watch.go:40] Failed to load config from "c:\\Users\\claud\\OneDrive\\Documentos\\NeuroAds\\LP\\dataconnect": could not find dataconnect.yaml in `c:\Users\claud\OneDrive\Documentos\NeuroAds\LP\dataconnect`
 {"metadata":{"emulator":{"name":"dataconnect"},"message":"E0506 05:39:56.108145   15908 watch.go:40] Failed to load config from \"c:\\\\Users\\\\claud\\\\OneDrive\\\\Documentos\\\\NeuroAds\\\\LP\\\\dataconnect\": could not find dataconnect.yaml in `c:\\Users\\claud\\OneDrive\\Documentos\\NeuroAds\\LP\\dataconnect`\n"}}
[debug] [2026-05-06T08:40:06.129Z] E0506 05:40:06.108242   15908 watch.go:116] watchAllDir unable to walk dir `c:\Users\claud\OneDrive\Documentos\NeuroAds\LP\dataconnect`: GetFileAttributesEx c:\Users\claud\OneDrive\Documentos\NeuroAds\LP\dataconnect: The system cannot find the file specified.
E0506 05:40:06.108242   15908 watch.go:40] Failed to load config from "c:\\Users\\claud\\OneDrive\\Documentos\\NeuroAds\\LP\\dataconnect": could not find dataconnect.yaml in `c:\Users\claud\OneDrive\Documentos\NeuroAds\LP\dataconnect`
 {"metadata":{"emulator":{"name":"dataconnect"},"message":"E0506 05:40:06.108242   15908 watch.go:116] watchAllDir unable to walk dir `c:\\Users\\claud\\OneDrive\\Documentos\\NeuroAds\\LP\\dataconnect`: GetFileAttributesEx c:\\Users\\claud\\OneDrive\\Documentos\\NeuroAds\\LP\\dataconnect: The system cannot find the file specified.\nE0506 05:40:06.108242   15908 watch.go:40] Failed to load config from \"c:\\\\Users\\\\claud\\\\OneDrive\\\\Documentos\\\\NeuroAds\\\\LP\\\\dataconnect\": could not find dataconnect.yaml in `c:\\Users\\claud\\OneDrive\\Documentos\\NeuroAds\\LP\\dataconnect`\n"}}
[debug] [2026-05-06T08:40:16.121Z] E0506 05:40:16.108550   15908 watch.go:40] Failed to load config from "c:\\Users\\claud\\OneDrive\\Documentos\\NeuroAds\\LP\\dataconnect": could not find dataconnect.yaml in `c:\Users\claud\OneDrive\Documentos\NeuroAds\LP\dataconnect`
 {"metadata":{"emulator":{"name":"dataconnect"},"message":"E0506 05:40:16.108550   15908 watch.go:40] Failed to load config from \"c:\\\\Users\\\\claud\\\\OneDrive\\\\Documentos\\\\NeuroAds\\\\LP\\\\dataconnect\": could not find dataconnect.yaml in `c:\\Users\\claud\\OneDrive\\Documentos\\NeuroAds\\LP\\dataconnect`\n"}}
[debug] [2026-05-06T08:40:26.158Z] E0506 05:40:26.108488   15908 watch.go:40] Failed to load config from "c:\\Users\\claud\\OneDrive\\Documentos\\NeuroAds\\LP\\dataconnect": could not find dataconnect.yaml in `c:\Users\claud\OneDrive\Documentos\NeuroAds\LP\dataconnect`
 {"metadata":{"emulator":{"name":"dataconnect"},"message":"E0506 05:40:26.108488   15908 watch.go:40] Failed to load config from \"c:\\\\Users\\\\claud\\\\OneDrive\\\\Documentos\\\\NeuroAds\\\\LP\\\\dataconnect\": could not find dataconnect.yaml in `c:\\Users\\claud\\OneDrive\\Documentos\\NeuroAds\\LP\\dataconnect`\n"}}
[debug] [2026-05-06T08:40:36.145Z] E0506 05:40:36.108132   15908 watch.go:40] Failed to load config from "c:\\Users\\claud\\OneDrive\\Documentos\\NeuroAds\\LP\\dataconnect": could not find dataconnect.yaml in `c:\Users\claud\OneDrive\Documentos\NeuroAds\LP\dataconnect`
 {"metadata":{"emulator":{"name":"dataconnect"},"message":"E0506 05:40:36.108132   15908 watch.go:40] Failed to load config from \"c:\\\\Users\\\\claud\\\\OneDrive\\\\Documentos\\\\NeuroAds\\\\LP\\\\dataconnect\": could not find dataconnect.yaml in `c:\\Users\\claud\\OneDrive\\Documentos\\NeuroAds\\LP\\dataconnect`\n"}}
[debug] [2026-05-06T08:40:46.184Z] E0506 05:40:46.109419   15908 watch.go:40] Failed to load config from "c:\\Users\\claud\\OneDrive\\Documentos\\NeuroAds\\LP\\dataconnect": could not find dataconnect.yaml in `c:\Users\claud\OneDrive\Documentos\NeuroAds\LP\dataconnect`
 {"metadata":{"emulator":{"name":"dataconnect"},"message":"E0506 05:40:46.109419   15908 watch.go:40] Failed to load config from \"c:\\\\Users\\\\claud\\\\OneDrive\\\\Documentos\\\\NeuroAds\\\\LP\\\\dataconnect\": could not find dataconnect.yaml in `c:\\Users\\claud\\OneDrive\\Documentos\\NeuroAds\\LP\\dataconnect`\n"}}
[debug] [2026-05-06T08:40:56.206Z] E0506 05:40:56.108421   15908 watch.go:40] Failed to load config from "c:\\Users\\claud\\OneDrive\\Documentos\\NeuroAds\\LP\\dataconnect": could not find dataconnect.yaml in `c:\Users\claud\OneDrive\Documentos\NeuroAds\LP\dataconnect`
 {"metadata":{"emulator":{"name":"dataconnect"},"message":"E0506 05:40:56.108421   15908 watch.go:40] Failed to load config from \"c:\\\\Users\\\\claud\\\\OneDrive\\\\Documentos\\\\NeuroAds\\\\LP\\\\dataconnect\": could not find dataconnect.yaml in `c:\\Users\\claud\\OneDrive\\Documentos\\NeuroAds\\LP\\dataconnect`\n"}}
[debug] [2026-05-06T08:41:06.196Z] E0506 05:41:06.108118   15908 watch.go:116] watchAllDir unable to walk dir `c:\Users\claud\OneDrive\Documentos\NeuroAds\LP\dataconnect`: GetFileAttributesEx c:\Users\claud\OneDrive\Documentos\NeuroAds\LP\dataconnect: The system cannot find the file specified.
E0506 05:41:06.108118   15908 watch.go:40] Failed to load config from "c:\\Users\\claud\\OneDrive\\Documentos\\NeuroAds\\LP\\dataconnect": could not find dataconnect.yaml in `c:\Users\claud\OneDrive\Documentos\NeuroAds\LP\dataconnect`
 {"metadata":{"emulator":{"name":"dataconnect"},"message":"E0506 05:41:06.108118   15908 watch.go:116] watchAllDir unable to walk dir `c:\\Users\\claud\\OneDrive\\Documentos\\NeuroAds\\LP\\dataconnect`: GetFileAttributesEx c:\\Users\\claud\\OneDrive\\Documentos\\NeuroAds\\LP\\dataconnect: The system cannot find the file specified.\nE0506 05:41:06.108118   15908 watch.go:40] Failed to load config from \"c:\\\\Users\\\\claud\\\\OneDrive\\\\Documentos\\\\NeuroAds\\\\LP\\\\dataconnect\": could not find dataconnect.yaml in `c:\\Users\\claud\\OneDrive\\Documentos\\NeuroAds\\LP\\dataconnect`\n"}}
[debug] [2026-05-06T08:41:30.745Z] E0506 05:41:16.805918   15908 watch.go:40] Failed to load config from "c:\\Users\\claud\\OneDrive\\Documentos\\NeuroAds\\LP\\dataconnect": could not find dataconnect.yaml in `c:\Users\claud\OneDrive\Documentos\NeuroAds\LP\dataconnect`
E0506 05:41:26.111734   15908 watch.go:40] Failed to load config from "c:\\Users\\claud\\OneDrive\\Documentos\\NeuroAds\\LP\\dataconnect": could not find dataconnect.yaml in `c:\Users\claud\OneDrive\Documentos\NeuroAds\LP\dataconnect`
 {"metadata":{"emulator":{"name":"dataconnect"},"message":"E0506 05:41:16.805918   15908 watch.go:40] Failed to load config from \"c:\\\\Users\\\\claud\\\\OneDrive\\\\Documentos\\\\NeuroAds\\\\LP\\\\dataconnect\": could not find dataconnect.yaml in `c:\\Users\\claud\\OneDrive\\Documentos\\NeuroAds\\LP\\dataconnect`\nE0506 05:41:26.111734   15908 watch.go:40] Failed to load config from \"c:\\\\Users\\\\claud\\\\OneDrive\\\\Documentos\\\\NeuroAds\\\\LP\\\\dataconnect\": could not find dataconnect.yaml in `c:\\Users\\claud\\OneDrive\\Documentos\\NeuroAds\\LP\\dataconnect`\n"}}
[debug] [2026-05-06T08:41:36.761Z] E0506 05:41:36.110618   15908 watch.go:40] Failed to load config from "c:\\Users\\claud\\OneDrive\\Documentos\\NeuroAds\\LP\\dataconnect": could not find dataconnect.yaml in `c:\Users\claud\OneDrive\Documentos\NeuroAds\LP\dataconnect`
 {"metadata":{"emulator":{"name":"dataconnect"},"message":"E0506 05:41:36.110618   15908 watch.go:40] Failed to load config from \"c:\\\\Users\\\\claud\\\\OneDrive\\\\Documentos\\\\NeuroAds\\\\LP\\\\dataconnect\": could not find dataconnect.yaml in `c:\\Users\\claud\\OneDrive\\Documentos\\NeuroAds\\LP\\dataconnect`\n"}}
[debug] [2026-05-06T08:41:46.113Z] E0506 05:41:46.108851   15908 watch.go:40] Failed to load config from "c:\\Users\\claud\\OneDrive\\Documentos\\NeuroAds\\LP\\dataconnect": could not find dataconnect.yaml in `c:\Users\claud\OneDrive\Documentos\NeuroAds\LP\dataconnect`
 {"metadata":{"emulator":{"name":"dataconnect"},"message":"E0506 05:41:46.108851   15908 watch.go:40] Failed to load config from \"c:\\\\Users\\\\claud\\\\OneDrive\\\\Documentos\\\\NeuroAds\\\\LP\\\\dataconnect\": could not find dataconnect.yaml in `c:\\Users\\claud\\OneDrive\\Documentos\\NeuroAds\\LP\\dataconnect`\n"}}
[debug] [2026-05-06T08:41:56.120Z] E0506 05:41:56.109045   15908 watch.go:40] Failed to load config from "c:\\Users\\claud\\OneDrive\\Documentos\\NeuroAds\\LP\\dataconnect": could not find dataconnect.yaml in `c:\Users\claud\OneDrive\Documentos\NeuroAds\LP\dataconnect`
 {"metadata":{"emulator":{"name":"dataconnect"},"message":"E0506 05:41:56.109045   15908 watch.go:40] Failed to load config from \"c:\\\\Users\\\\claud\\\\OneDrive\\\\Documentos\\\\NeuroAds\\\\LP\\\\dataconnect\": could not find dataconnect.yaml in `c:\\Users\\claud\\OneDrive\\Documentos\\NeuroAds\\LP\\dataconnect`\n"}}
[debug] [2026-05-06T08:42:06.298Z] E0506 05:42:06.108038   15908 watch.go:116] watchAllDir unable to walk dir `c:\Users\claud\OneDrive\Documentos\NeuroAds\LP\dataconnect`: GetFileAttributesEx c:\Users\claud\OneDrive\Documentos\NeuroAds\LP\dataconnect: The system cannot find the file specified.
E0506 05:42:06.108794   15908 watch.go:40] Failed to load config from "c:\\Users\\claud\\OneDrive\\Documentos\\NeuroAds\\LP\\dataconnect": could not find dataconnect.yaml in `c:\Users\claud\OneDrive\Documentos\NeuroAds\LP\dataconnect`
 {"metadata":{"emulator":{"name":"dataconnect"},"message":"E0506 05:42:06.108038   15908 watch.go:116] watchAllDir unable to walk dir `c:\\Users\\claud\\OneDrive\\Documentos\\NeuroAds\\LP\\dataconnect`: GetFileAttributesEx c:\\Users\\claud\\OneDrive\\Documentos\\NeuroAds\\LP\\dataconnect: The system cannot find the file specified.\nE0506 05:42:06.108794   15908 watch.go:40] Failed to load config from \"c:\\\\Users\\\\claud\\\\OneDrive\\\\Documentos\\\\NeuroAds\\\\LP\\\\dataconnect\": could not find dataconnect.yaml in `c:\\Users\\claud\\OneDrive\\Documentos\\NeuroAds\\LP\\dataconnect`\n"}}
[debug] [2026-05-06T08:42:16.209Z] E0506 05:42:16.108520   15908 watch.go:40] Failed to load config from "c:\\Users\\claud\\OneDrive\\Documentos\\NeuroAds\\LP\\dataconnect": could not find dataconnect.yaml in `c:\Users\claud\OneDrive\Documentos\NeuroAds\LP\dataconnect`
 {"metadata":{"emulator":{"name":"dataconnect"},"message":"E0506 05:42:16.108520   15908 watch.go:40] Failed to load config from \"c:\\\\Users\\\\claud\\\\OneDrive\\\\Documentos\\\\NeuroAds\\\\LP\\\\dataconnect\": could not find dataconnect.yaml in `c:\\Users\\claud\\OneDrive\\Documentos\\NeuroAds\\LP\\dataconnect`\n"}}
[debug] [2026-05-06T08:42:26.210Z] E0506 05:42:26.108800   15908 watch.go:40] Failed to load config from "c:\\Users\\claud\\OneDrive\\Documentos\\NeuroAds\\LP\\dataconnect": could not find dataconnect.yaml in `c:\Users\claud\OneDrive\Documentos\NeuroAds\LP\dataconnect`
 {"metadata":{"emulator":{"name":"dataconnect"},"message":"E0506 05:42:26.108800   15908 watch.go:40] Failed to load config from \"c:\\\\Users\\\\claud\\\\OneDrive\\\\Documentos\\\\NeuroAds\\\\LP\\\\dataconnect\": could not find dataconnect.yaml in `c:\\Users\\claud\\OneDrive\\Documentos\\NeuroAds\\LP\\dataconnect`\n"}}
[debug] [2026-05-06T08:42:36.184Z] E0506 05:42:36.108885   15908 watch.go:40] Failed to load config from "c:\\Users\\claud\\OneDrive\\Documentos\\NeuroAds\\LP\\dataconnect": could not find dataconnect.yaml in `c:\Users\claud\OneDrive\Documentos\NeuroAds\LP\dataconnect`
 {"metadata":{"emulator":{"name":"dataconnect"},"message":"E0506 05:42:36.108885   15908 watch.go:40] Failed to load config from \"c:\\\\Users\\\\claud\\\\OneDrive\\\\Documentos\\\\NeuroAds\\\\LP\\\\dataconnect\": could not find dataconnect.yaml in `c:\\Users\\claud\\OneDrive\\Documentos\\NeuroAds\\LP\\dataconnect`\n"}}
[debug] [2026-05-06T08:42:46.132Z] E0506 05:42:46.108948   15908 watch.go:40] Failed to load config from "c:\\Users\\claud\\OneDrive\\Documentos\\NeuroAds\\LP\\dataconnect": could not find dataconnect.yaml in `c:\Users\claud\OneDrive\Documentos\NeuroAds\LP\dataconnect`
 {"metadata":{"emulator":{"name":"dataconnect"},"message":"E0506 05:42:46.108948   15908 watch.go:40] Failed to load config from \"c:\\\\Users\\\\claud\\\\OneDrive\\\\Documentos\\\\NeuroAds\\\\LP\\\\dataconnect\": could not find dataconnect.yaml in `c:\\Users\\claud\\OneDrive\\Documentos\\NeuroAds\\LP\\dataconnect`\n"}}
[debug] [2026-05-06T08:42:56.126Z] E0506 05:42:56.109544   15908 watch.go:40] Failed to load config from "c:\\Users\\claud\\OneDrive\\Documentos\\NeuroAds\\LP\\dataconnect": could not find dataconnect.yaml in `c:\Users\claud\OneDrive\Documentos\NeuroAds\LP\dataconnect`
 {"metadata":{"emulator":{"name":"dataconnect"},"message":"E0506 05:42:56.109544   15908 watch.go:40] Failed to load config from \"c:\\\\Users\\\\claud\\\\OneDrive\\\\Documentos\\\\NeuroAds\\\\LP\\\\dataconnect\": could not find dataconnect.yaml in `c:\\Users\\claud\\OneDrive\\Documentos\\NeuroAds\\LP\\dataconnect`\n"}}
[debug] [2026-05-06T08:43:06.216Z] E0506 05:43:06.108286   15908 watch.go:116] watchAllDir unable to walk dir `c:\Users\claud\OneDrive\Documentos\NeuroAds\LP\dataconnect`: GetFileAttributesEx c:\Users\claud\OneDrive\Documentos\NeuroAds\LP\dataconnect: The system cannot find the file specified.
E0506 05:43:06.109030   15908 watch.go:40] Failed to load config from "c:\\Users\\claud\\OneDrive\\Documentos\\NeuroAds\\LP\\dataconnect": could not find dataconnect.yaml in `c:\Users\claud\OneDrive\Documentos\NeuroAds\LP\dataconnect`
 {"metadata":{"emulator":{"name":"dataconnect"},"message":"E0506 05:43:06.108286   15908 watch.go:116] watchAllDir unable to walk dir `c:\\Users\\claud\\OneDrive\\Documentos\\NeuroAds\\LP\\dataconnect`: GetFileAttributesEx c:\\Users\\claud\\OneDrive\\Documentos\\NeuroAds\\LP\\dataconnect: The system cannot find the file specified.\nE0506 05:43:06.109030   15908 watch.go:40] Failed to load config from \"c:\\\\Users\\\\claud\\\\OneDrive\\\\Documentos\\\\NeuroAds\\\\LP\\\\dataconnect\": could not find dataconnect.yaml in `c:\\Users\\claud\\OneDrive\\Documentos\\NeuroAds\\LP\\dataconnect`\n"}}
[debug] [2026-05-06T08:43:16.161Z] E0506 05:43:16.108812   15908 watch.go:40] Failed to load config from "c:\\Users\\claud\\OneDrive\\Documentos\\NeuroAds\\LP\\dataconnect": could not find dataconnect.yaml in `c:\Users\claud\OneDrive\Documentos\NeuroAds\LP\dataconnect`
 {"metadata":{"emulator":{"name":"dataconnect"},"message":"E0506 05:43:16.108812   15908 watch.go:40] Failed to load config from \"c:\\\\Users\\\\claud\\\\OneDrive\\\\Documentos\\\\NeuroAds\\\\LP\\\\dataconnect\": could not find dataconnect.yaml in `c:\\Users\\claud\\OneDrive\\Documentos\\NeuroAds\\LP\\dataconnect`\n"}}
[debug] [2026-05-06T08:43:26.209Z] E0506 05:43:26.108366   15908 watch.go:40] Failed to load config from "c:\\Users\\claud\\OneDrive\\Documentos\\NeuroAds\\LP\\dataconnect": could not find dataconnect.yaml in `c:\Users\claud\OneDrive\Documentos\NeuroAds\LP\dataconnect`
 {"metadata":{"emulator":{"name":"dataconnect"},"message":"E0506 05:43:26.108366   15908 watch.go:40] Failed to load config from \"c:\\\\Users\\\\claud\\\\OneDrive\\\\Documentos\\\\NeuroAds\\\\LP\\\\dataconnect\": could not find dataconnect.yaml in `c:\\Users\\claud\\OneDrive\\Documentos\\NeuroAds\\LP\\dataconnect`\n"}}
[debug] [2026-05-06T08:43:36.121Z] E0506 05:43:36.108202   15908 watch.go:40] Failed to load config from "c:\\Users\\claud\\OneDrive\\Documentos\\NeuroAds\\LP\\dataconnect": could not find dataconnect.yaml in `c:\Users\claud\OneDrive\Documentos\NeuroAds\LP\dataconnect`
 {"metadata":{"emulator":{"name":"dataconnect"},"message":"E0506 05:43:36.108202   15908 watch.go:40] Failed to load config from \"c:\\\\Users\\\\claud\\\\OneDrive\\\\Documentos\\\\NeuroAds\\\\LP\\\\dataconnect\": could not find dataconnect.yaml in `c:\\Users\\claud\\OneDrive\\Documentos\\NeuroAds\\LP\\dataconnect`\n"}}
[debug] [2026-05-06T08:43:46.119Z] E0506 05:43:46.109164   15908 watch.go:40] Failed to load config from "c:\\Users\\claud\\OneDrive\\Documentos\\NeuroAds\\LP\\dataconnect": could not find dataconnect.yaml in `c:\Users\claud\OneDrive\Documentos\NeuroAds\LP\dataconnect`
 {"metadata":{"emulator":{"name":"dataconnect"},"message":"E0506 05:43:46.109164   15908 watch.go:40] Failed to load config from \"c:\\\\Users\\\\claud\\\\OneDrive\\\\Documentos\\\\NeuroAds\\\\LP\\\\dataconnect\": could not find dataconnect.yaml in `c:\\Users\\claud\\OneDrive\\Documentos\\NeuroAds\\LP\\dataconnect`\n"}}
[debug] [2026-05-06T08:43:56.129Z] E0506 05:43:56.108447   15908 watch.go:40] Failed to load config from "c:\\Users\\claud\\OneDrive\\Documentos\\NeuroAds\\LP\\dataconnect": could not find dataconnect.yaml in `c:\Users\claud\OneDrive\Documentos\NeuroAds\LP\dataconnect`
 {"metadata":{"emulator":{"name":"dataconnect"},"message":"E0506 05:43:56.108447   15908 watch.go:40] Failed to load config from \"c:\\\\Users\\\\claud\\\\OneDrive\\\\Documentos\\\\NeuroAds\\\\LP\\\\dataconnect\": could not find dataconnect.yaml in `c:\\Users\\claud\\OneDrive\\Documentos\\NeuroAds\\LP\\dataconnect`\n"}}
[debug] [2026-05-06T08:44:06.295Z] E0506 05:44:06.140324   15908 watch.go:116] watchAllDir unable to walk dir `c:\Users\claud\OneDrive\Documentos\NeuroAds\LP\dataconnect`: GetFileAttributesEx c:\Users\claud\OneDrive\Documentos\NeuroAds\LP\dataconnect: The system cannot find the file specified.
E0506 05:44:06.141746   15908 watch.go:40] Failed to load config from "c:\\Users\\claud\\OneDrive\\Documentos\\NeuroAds\\LP\\dataconnect": could not find dataconnect.yaml in `c:\Users\claud\OneDrive\Documentos\NeuroAds\LP\dataconnect`
 {"metadata":{"emulator":{"name":"dataconnect"},"message":"E0506 05:44:06.140324   15908 watch.go:116] watchAllDir unable to walk dir `c:\\Users\\claud\\OneDrive\\Documentos\\NeuroAds\\LP\\dataconnect`: GetFileAttributesEx c:\\Users\\claud\\OneDrive\\Documentos\\NeuroAds\\LP\\dataconnect: The system cannot find the file specified.\nE0506 05:44:06.141746   15908 watch.go:40] Failed to load config from \"c:\\\\Users\\\\claud\\\\OneDrive\\\\Documentos\\\\NeuroAds\\\\LP\\\\dataconnect\": could not find dataconnect.yaml in `c:\\Users\\claud\\OneDrive\\Documentos\\NeuroAds\\LP\\dataconnect`\n"}}
[debug] [2026-05-06T08:44:16.187Z] E0506 05:44:16.109226   15908 watch.go:40] Failed to load config from "c:\\Users\\claud\\OneDrive\\Documentos\\NeuroAds\\LP\\dataconnect": could not find dataconnect.yaml in `c:\Users\claud\OneDrive\Documentos\NeuroAds\LP\dataconnect`
 {"metadata":{"emulator":{"name":"dataconnect"},"message":"E0506 05:44:16.109226   15908 watch.go:40] Failed to load config from \"c:\\\\Users\\\\claud\\\\OneDrive\\\\Documentos\\\\NeuroAds\\\\LP\\\\dataconnect\": could not find dataconnect.yaml in `c:\\Users\\claud\\OneDrive\\Documentos\\NeuroAds\\LP\\dataconnect`\n"}}
[debug] [2026-05-06T08:44:26.283Z] E0506 05:44:26.109001   15908 watch.go:40] Failed to load config from "c:\\Users\\claud\\OneDrive\\Documentos\\NeuroAds\\LP\\dataconnect": could not find dataconnect.yaml in `c:\Users\claud\OneDrive\Documentos\NeuroAds\LP\dataconnect`
 {"metadata":{"emulator":{"name":"dataconnect"},"message":"E0506 05:44:26.109001   15908 watch.go:40] Failed to load config from \"c:\\\\Users\\\\claud\\\\OneDrive\\\\Documentos\\\\NeuroAds\\\\LP\\\\dataconnect\": could not find dataconnect.yaml in `c:\\Users\\claud\\OneDrive\\Documentos\\NeuroAds\\LP\\dataconnect`\n"}}
[debug] [2026-05-06T08:44:36.201Z] E0506 05:44:36.108807   15908 watch.go:40] Failed to load config from "c:\\Users\\claud\\OneDrive\\Documentos\\NeuroAds\\LP\\dataconnect": could not find dataconnect.yaml in `c:\Users\claud\OneDrive\Documentos\NeuroAds\LP\dataconnect`
 {"metadata":{"emulator":{"name":"dataconnect"},"message":"E0506 05:44:36.108807   15908 watch.go:40] Failed to load config from \"c:\\\\Users\\\\claud\\\\OneDrive\\\\Documentos\\\\NeuroAds\\\\LP\\\\dataconnect\": could not find dataconnect.yaml in `c:\\Users\\claud\\OneDrive\\Documentos\\NeuroAds\\LP\\dataconnect`\n"}}
[debug] [2026-05-06T08:44:46.211Z] E0506 05:44:46.108794   15908 watch.go:40] Failed to load config from "c:\\Users\\claud\\OneDrive\\Documentos\\NeuroAds\\LP\\dataconnect": could not find dataconnect.yaml in `c:\Users\claud\OneDrive\Documentos\NeuroAds\LP\dataconnect`
 {"metadata":{"emulator":{"name":"dataconnect"},"message":"E0506 05:44:46.108794   15908 watch.go:40] Failed to load config from \"c:\\\\Users\\\\claud\\\\OneDrive\\\\Documentos\\\\NeuroAds\\\\LP\\\\dataconnect\": could not find dataconnect.yaml in `c:\\Users\\claud\\OneDrive\\Documentos\\NeuroAds\\LP\\dataconnect`\n"}}
[debug] [2026-05-06T08:44:56.184Z] E0506 05:44:56.109155   15908 watch.go:40] Failed to load config from "c:\\Users\\claud\\OneDrive\\Documentos\\NeuroAds\\LP\\dataconnect": could not find dataconnect.yaml in `c:\Users\claud\OneDrive\Documentos\NeuroAds\LP\dataconnect`
 {"metadata":{"emulator":{"name":"dataconnect"},"message":"E0506 05:44:56.109155   15908 watch.go:40] Failed to load config from \"c:\\\\Users\\\\claud\\\\OneDrive\\\\Documentos\\\\NeuroAds\\\\LP\\\\dataconnect\": could not find dataconnect.yaml in `c:\\Users\\claud\\OneDrive\\Documentos\\NeuroAds\\LP\\dataconnect`\n"}}
[debug] [2026-05-06T08:45:06.197Z] E0506 05:45:06.108038   15908 watch.go:116] watchAllDir unable to walk dir `c:\Users\claud\OneDrive\Documentos\NeuroAds\LP\dataconnect`: GetFileAttributesEx c:\Users\claud\OneDrive\Documentos\NeuroAds\LP\dataconnect: The system cannot find the file specified.
E0506 05:45:06.108038   15908 watch.go:40] Failed to load config from "c:\\Users\\claud\\OneDrive\\Documentos\\NeuroAds\\LP\\dataconnect": could not find dataconnect.yaml in `c:\Users\claud\OneDrive\Documentos\NeuroAds\LP\dataconnect`
 {"metadata":{"emulator":{"name":"dataconnect"},"message":"E0506 05:45:06.108038   15908 watch.go:116] watchAllDir unable to walk dir `c:\\Users\\claud\\OneDrive\\Documentos\\NeuroAds\\LP\\dataconnect`: GetFileAttributesEx c:\\Users\\claud\\OneDrive\\Documentos\\NeuroAds\\LP\\dataconnect: The system cannot find the file specified.\nE0506 05:45:06.108038   15908 watch.go:40] Failed to load config from \"c:\\\\Users\\\\claud\\\\OneDrive\\\\Documentos\\\\NeuroAds\\\\LP\\\\dataconnect\": could not find dataconnect.yaml in `c:\\Users\\claud\\OneDrive\\Documentos\\NeuroAds\\LP\\dataconnect`\n"}}
[debug] [2026-05-06T08:45:16.131Z] E0506 05:45:16.108675   15908 watch.go:40] Failed to load config from "c:\\Users\\claud\\OneDrive\\Documentos\\NeuroAds\\LP\\dataconnect": could not find dataconnect.yaml in `c:\Users\claud\OneDrive\Documentos\NeuroAds\LP\dataconnect`
 {"metadata":{"emulator":{"name":"dataconnect"},"message":"E0506 05:45:16.108675   15908 watch.go:40] Failed to load config from \"c:\\\\Users\\\\claud\\\\OneDrive\\\\Documentos\\\\NeuroAds\\\\LP\\\\dataconnect\": could not find dataconnect.yaml in `c:\\Users\\claud\\OneDrive\\Documentos\\NeuroAds\\LP\\dataconnect`\n"}}
[debug] [2026-05-06T08:45:26.117Z] E0506 05:45:26.108944   15908 watch.go:40] Failed to load config from "c:\\Users\\claud\\OneDrive\\Documentos\\NeuroAds\\LP\\dataconnect": could not find dataconnect.yaml in `c:\Users\claud\OneDrive\Documentos\NeuroAds\LP\dataconnect`
 {"metadata":{"emulator":{"name":"dataconnect"},"message":"E0506 05:45:26.108944   15908 watch.go:40] Failed to load config from \"c:\\\\Users\\\\claud\\\\OneDrive\\\\Documentos\\\\NeuroAds\\\\LP\\\\dataconnect\": could not find dataconnect.yaml in `c:\\Users\\claud\\OneDrive\\Documentos\\NeuroAds\\LP\\dataconnect`\n"}}
[debug] [2026-05-06T08:45:36.178Z] E0506 05:45:36.108963   15908 watch.go:40] Failed to load config from "c:\\Users\\claud\\OneDrive\\Documentos\\NeuroAds\\LP\\dataconnect": could not find dataconnect.yaml in `c:\Users\claud\OneDrive\Documentos\NeuroAds\LP\dataconnect`
 {"metadata":{"emulator":{"name":"dataconnect"},"message":"E0506 05:45:36.108963   15908 watch.go:40] Failed to load config from \"c:\\\\Users\\\\claud\\\\OneDrive\\\\Documentos\\\\NeuroAds\\\\LP\\\\dataconnect\": could not find dataconnect.yaml in `c:\\Users\\claud\\OneDrive\\Documentos\\NeuroAds\\LP\\dataconnect`\n"}}
[debug] [2026-05-06T08:45:46.285Z] E0506 05:45:46.108427   15908 watch.go:40] Failed to load config from "c:\\Users\\claud\\OneDrive\\Documentos\\NeuroAds\\LP\\dataconnect": could not find dataconnect.yaml in `c:\Users\claud\OneDrive\Documentos\NeuroAds\LP\dataconnect`
 {"metadata":{"emulator":{"name":"dataconnect"},"message":"E0506 05:45:46.108427   15908 watch.go:40] Failed to load config from \"c:\\\\Users\\\\claud\\\\OneDrive\\\\Documentos\\\\NeuroAds\\\\LP\\\\dataconnect\": could not find dataconnect.yaml in `c:\\Users\\claud\\OneDrive\\Documentos\\NeuroAds\\LP\\dataconnect`\n"}}
[debug] [2026-05-06T08:45:56.152Z] E0506 05:45:56.108278   15908 watch.go:40] Failed to load config from "c:\\Users\\claud\\OneDrive\\Documentos\\NeuroAds\\LP\\dataconnect": could not find dataconnect.yaml in `c:\Users\claud\OneDrive\Documentos\NeuroAds\LP\dataconnect`
 {"metadata":{"emulator":{"name":"dataconnect"},"message":"E0506 05:45:56.108278   15908 watch.go:40] Failed to load config from \"c:\\\\Users\\\\claud\\\\OneDrive\\\\Documentos\\\\NeuroAds\\\\LP\\\\dataconnect\": could not find dataconnect.yaml in `c:\\Users\\claud\\OneDrive\\Documentos\\NeuroAds\\LP\\dataconnect`\n"}}
[debug] [2026-05-06T08:46:06.149Z] E0506 05:46:06.108510   15908 watch.go:116] watchAllDir unable to walk dir `c:\Users\claud\OneDrive\Documentos\NeuroAds\LP\dataconnect`: GetFileAttributesEx c:\Users\claud\OneDrive\Documentos\NeuroAds\LP\dataconnect: The system cannot find the file specified.
E0506 05:46:06.109198   15908 watch.go:40] Failed to load config from "c:\\Users\\claud\\OneDrive\\Documentos\\NeuroAds\\LP\\dataconnect": could not find dataconnect.yaml in `c:\Users\claud\OneDrive\Documentos\NeuroAds\LP\dataconnect`
 {"metadata":{"emulator":{"name":"dataconnect"},"message":"E0506 05:46:06.108510   15908 watch.go:116] watchAllDir unable to walk dir `c:\\Users\\claud\\OneDrive\\Documentos\\NeuroAds\\LP\\dataconnect`: GetFileAttributesEx c:\\Users\\claud\\OneDrive\\Documentos\\NeuroAds\\LP\\dataconnect: The system cannot find the file specified.\nE0506 05:46:06.109198   15908 watch.go:40] Failed to load config from \"c:\\\\Users\\\\claud\\\\OneDrive\\\\Documentos\\\\NeuroAds\\\\LP\\\\dataconnect\": could not find dataconnect.yaml in `c:\\Users\\claud\\OneDrive\\Documentos\\NeuroAds\\LP\\dataconnect`\n"}}
[debug] [2026-05-06T08:46:16.211Z] E0506 05:46:16.108579   15908 watch.go:40] Failed to load config from "c:\\Users\\claud\\OneDrive\\Documentos\\NeuroAds\\LP\\dataconnect": could not find dataconnect.yaml in `c:\Users\claud\OneDrive\Documentos\NeuroAds\LP\dataconnect`
 {"metadata":{"emulator":{"name":"dataconnect"},"message":"E0506 05:46:16.108579   15908 watch.go:40] Failed to load config from \"c:\\\\Users\\\\claud\\\\OneDrive\\\\Documentos\\\\NeuroAds\\\\LP\\\\dataconnect\": could not find dataconnect.yaml in `c:\\Users\\claud\\OneDrive\\Documentos\\NeuroAds\\LP\\dataconnect`\n"}}
[debug] [2026-05-06T08:46:26.157Z] E0506 05:46:26.108874   15908 watch.go:40] Failed to load config from "c:\\Users\\claud\\OneDrive\\Documentos\\NeuroAds\\LP\\dataconnect": could not find dataconnect.yaml in `c:\Users\claud\OneDrive\Documentos\NeuroAds\LP\dataconnect`
 {"metadata":{"emulator":{"name":"dataconnect"},"message":"E0506 05:46:26.108874   15908 watch.go:40] Failed to load config from \"c:\\\\Users\\\\claud\\\\OneDrive\\\\Documentos\\\\NeuroAds\\\\LP\\\\dataconnect\": could not find dataconnect.yaml in `c:\\Users\\claud\\OneDrive\\Documentos\\NeuroAds\\LP\\dataconnect`\n"}}
[debug] [2026-05-06T08:46:36.321Z] E0506 05:46:36.108851   15908 watch.go:40] Failed to load config from "c:\\Users\\claud\\OneDrive\\Documentos\\NeuroAds\\LP\\dataconnect": could not find dataconnect.yaml in `c:\Users\claud\OneDrive\Documentos\NeuroAds\LP\dataconnect`
 {"metadata":{"emulator":{"name":"dataconnect"},"message":"E0506 05:46:36.108851   15908 watch.go:40] Failed to load config from \"c:\\\\Users\\\\claud\\\\OneDrive\\\\Documentos\\\\NeuroAds\\\\LP\\\\dataconnect\": could not find dataconnect.yaml in `c:\\Users\\claud\\OneDrive\\Documentos\\NeuroAds\\LP\\dataconnect`\n"}}
[debug] [2026-05-06T08:46:46.126Z] E0506 05:46:46.108889   15908 watch.go:40] Failed to load config from "c:\\Users\\claud\\OneDrive\\Documentos\\NeuroAds\\LP\\dataconnect": could not find dataconnect.yaml in `c:\Users\claud\OneDrive\Documentos\NeuroAds\LP\dataconnect`
 {"metadata":{"emulator":{"name":"dataconnect"},"message":"E0506 05:46:46.108889   15908 watch.go:40] Failed to load config from \"c:\\\\Users\\\\claud\\\\OneDrive\\\\Documentos\\\\NeuroAds\\\\LP\\\\dataconnect\": could not find dataconnect.yaml in `c:\\Users\\claud\\OneDrive\\Documentos\\NeuroAds\\LP\\dataconnect`\n"}}
[debug] [2026-05-06T08:46:56.144Z] E0506 05:46:56.108452   15908 watch.go:40] Failed to load config from "c:\\Users\\claud\\OneDrive\\Documentos\\NeuroAds\\LP\\dataconnect": could not find dataconnect.yaml in `c:\Users\claud\OneDrive\Documentos\NeuroAds\LP\dataconnect`
 {"metadata":{"emulator":{"name":"dataconnect"},"message":"E0506 05:46:56.108452   15908 watch.go:40] Failed to load config from \"c:\\\\Users\\\\claud\\\\OneDrive\\\\Documentos\\\\NeuroAds\\\\LP\\\\dataconnect\": could not find dataconnect.yaml in `c:\\Users\\claud\\OneDrive\\Documentos\\NeuroAds\\LP\\dataconnect`\n"}}
[debug] [2026-05-06T08:47:06.246Z] E0506 05:47:06.108386   15908 watch.go:116] watchAllDir unable to walk dir `c:\Users\claud\OneDrive\Documentos\NeuroAds\LP\dataconnect`: GetFileAttributesEx c:\Users\claud\OneDrive\Documentos\NeuroAds\LP\dataconnect: The system cannot find the file specified.
E0506 05:47:06.109270   15908 watch.go:40] Failed to load config from "c:\\Users\\claud\\OneDrive\\Documentos\\NeuroAds\\LP\\dataconnect": could not find dataconnect.yaml in `c:\Users\claud\OneDrive\Documentos\NeuroAds\LP\dataconnect`
 {"metadata":{"emulator":{"name":"dataconnect"},"message":"E0506 05:47:06.108386   15908 watch.go:116] watchAllDir unable to walk dir `c:\\Users\\claud\\OneDrive\\Documentos\\NeuroAds\\LP\\dataconnect`: GetFileAttributesEx c:\\Users\\claud\\OneDrive\\Documentos\\NeuroAds\\LP\\dataconnect: The system cannot find the file specified.\nE0506 05:47:06.109270   15908 watch.go:40] Failed to load config from \"c:\\\\Users\\\\claud\\\\OneDrive\\\\Documentos\\\\NeuroAds\\\\LP\\\\dataconnect\": could not find dataconnect.yaml in `c:\\Users\\claud\\OneDrive\\Documentos\\NeuroAds\\LP\\dataconnect`\n"}}
[debug] [2026-05-06T08:47:16.245Z] E0506 05:47:16.108224   15908 watch.go:40] Failed to load config from "c:\\Users\\claud\\OneDrive\\Documentos\\NeuroAds\\LP\\dataconnect": could not find dataconnect.yaml in `c:\Users\claud\OneDrive\Documentos\NeuroAds\LP\dataconnect`
 {"metadata":{"emulator":{"name":"dataconnect"},"message":"E0506 05:47:16.108224   15908 watch.go:40] Failed to load config from \"c:\\\\Users\\\\claud\\\\OneDrive\\\\Documentos\\\\NeuroAds\\\\LP\\\\dataconnect\": could not find dataconnect.yaml in `c:\\Users\\claud\\OneDrive\\Documentos\\NeuroAds\\LP\\dataconnect`\n"}}
[debug] [2026-05-06T08:47:26.193Z] E0506 05:47:26.108910   15908 watch.go:40] Failed to load config from "c:\\Users\\claud\\OneDrive\\Documentos\\NeuroAds\\LP\\dataconnect": could not find dataconnect.yaml in `c:\Users\claud\OneDrive\Documentos\NeuroAds\LP\dataconnect`
 {"metadata":{"emulator":{"name":"dataconnect"},"message":"E0506 05:47:26.108910   15908 watch.go:40] Failed to load config from \"c:\\\\Users\\\\claud\\\\OneDrive\\\\Documentos\\\\NeuroAds\\\\LP\\\\dataconnect\": could not find dataconnect.yaml in `c:\\Users\\claud\\OneDrive\\Documentos\\NeuroAds\\LP\\dataconnect`\n"}}
[debug] [2026-05-06T08:47:36.183Z] E0506 05:47:36.108289   15908 watch.go:40] Failed to load config from "c:\\Users\\claud\\OneDrive\\Documentos\\NeuroAds\\LP\\dataconnect": could not find dataconnect.yaml in `c:\Users\claud\OneDrive\Documentos\NeuroAds\LP\dataconnect`
 {"metadata":{"emulator":{"name":"dataconnect"},"message":"E0506 05:47:36.108289   15908 watch.go:40] Failed to load config from \"c:\\\\Users\\\\claud\\\\OneDrive\\\\Documentos\\\\NeuroAds\\\\LP\\\\dataconnect\": could not find dataconnect.yaml in `c:\\Users\\claud\\OneDrive\\Documentos\\NeuroAds\\LP\\dataconnect`\n"}}
[debug] [2026-05-06T08:47:46.196Z] E0506 05:47:46.109206   15908 watch.go:40] Failed to load config from "c:\\Users\\claud\\OneDrive\\Documentos\\NeuroAds\\LP\\dataconnect": could not find dataconnect.yaml in `c:\Users\claud\OneDrive\Documentos\NeuroAds\LP\dataconnect`
 {"metadata":{"emulator":{"name":"dataconnect"},"message":"E0506 05:47:46.109206   15908 watch.go:40] Failed to load config from \"c:\\\\Users\\\\claud\\\\OneDrive\\\\Documentos\\\\NeuroAds\\\\LP\\\\dataconnect\": could not find dataconnect.yaml in `c:\\Users\\claud\\OneDrive\\Documentos\\NeuroAds\\LP\\dataconnect`\n"}}
[debug] [2026-05-06T08:47:56.151Z] E0506 05:47:56.108184   15908 watch.go:40] Failed to load config from "c:\\Users\\claud\\OneDrive\\Documentos\\NeuroAds\\LP\\dataconnect": could not find dataconnect.yaml in `c:\Users\claud\OneDrive\Documentos\NeuroAds\LP\dataconnect`
 {"metadata":{"emulator":{"name":"dataconnect"},"message":"E0506 05:47:56.108184   15908 watch.go:40] Failed to load config from \"c:\\\\Users\\\\claud\\\\OneDrive\\\\Documentos\\\\NeuroAds\\\\LP\\\\dataconnect\": could not find dataconnect.yaml in `c:\\Users\\claud\\OneDrive\\Documentos\\NeuroAds\\LP\\dataconnect`\n"}}
[debug] [2026-05-06T08:48:06.133Z] E0506 05:48:06.108073   15908 watch.go:116] watchAllDir unable to walk dir `c:\Users\claud\OneDrive\Documentos\NeuroAds\LP\dataconnect`: GetFileAttributesEx c:\Users\claud\OneDrive\Documentos\NeuroAds\LP\dataconnect: The system cannot find the file specified.
E0506 05:48:06.108819   15908 watch.go:40] Failed to load config from "c:\\Users\\claud\\OneDrive\\Documentos\\NeuroAds\\LP\\dataconnect": could not find dataconnect.yaml in `c:\Users\claud\OneDrive\Documentos\NeuroAds\LP\dataconnect`
 {"metadata":{"emulator":{"name":"dataconnect"},"message":"E0506 05:48:06.108073   15908 watch.go:116] watchAllDir unable to walk dir `c:\\Users\\claud\\OneDrive\\Documentos\\NeuroAds\\LP\\dataconnect`: GetFileAttributesEx c:\\Users\\claud\\OneDrive\\Documentos\\NeuroAds\\LP\\dataconnect: The system cannot find the file specified.\nE0506 05:48:06.108819   15908 watch.go:40] Failed to load config from \"c:\\\\Users\\\\claud\\\\OneDrive\\\\Documentos\\\\NeuroAds\\\\LP\\\\dataconnect\": could not find dataconnect.yaml in `c:\\Users\\claud\\OneDrive\\Documentos\\NeuroAds\\LP\\dataconnect`\n"}}
[debug] [2026-05-06T08:48:16.169Z] E0506 05:48:16.108332   15908 watch.go:40] Failed to load config from "c:\\Users\\claud\\OneDrive\\Documentos\\NeuroAds\\LP\\dataconnect": could not find dataconnect.yaml in `c:\Users\claud\OneDrive\Documentos\NeuroAds\LP\dataconnect`
 {"metadata":{"emulator":{"name":"dataconnect"},"message":"E0506 05:48:16.108332   15908 watch.go:40] Failed to load config from \"c:\\\\Users\\\\claud\\\\OneDrive\\\\Documentos\\\\NeuroAds\\\\LP\\\\dataconnect\": could not find dataconnect.yaml in `c:\\Users\\claud\\OneDrive\\Documentos\\NeuroAds\\LP\\dataconnect`\n"}}
[debug] [2026-05-06T08:48:26.108Z] E0506 05:48:26.108717   15908 watch.go:40] Failed to load config from "c:\\Users\\claud\\OneDrive\\Documentos\\NeuroAds\\LP\\dataconnect": could not find dataconnect.yaml in `c:\Users\claud\OneDrive\Documentos\NeuroAds\LP\dataconnect`
 {"metadata":{"emulator":{"name":"dataconnect"},"message":"E0506 05:48:26.108717   15908 watch.go:40] Failed to load config from \"c:\\\\Users\\\\claud\\\\OneDrive\\\\Documentos\\\\NeuroAds\\\\LP\\\\dataconnect\": could not find dataconnect.yaml in `c:\\Users\\claud\\OneDrive\\Documentos\\NeuroAds\\LP\\dataconnect`\n"}}
[debug] [2026-05-06T08:48:36.149Z] E0506 05:48:36.109322   15908 watch.go:40] Failed to load config from "c:\\Users\\claud\\OneDrive\\Documentos\\NeuroAds\\LP\\dataconnect": could not find dataconnect.yaml in `c:\Users\claud\OneDrive\Documentos\NeuroAds\LP\dataconnect`
 {"metadata":{"emulator":{"name":"dataconnect"},"message":"E0506 05:48:36.109322   15908 watch.go:40] Failed to load config from \"c:\\\\Users\\\\claud\\\\OneDrive\\\\Documentos\\\\NeuroAds\\\\LP\\\\dataconnect\": could not find dataconnect.yaml in `c:\\Users\\claud\\OneDrive\\Documentos\\NeuroAds\\LP\\dataconnect`\n"}}
[debug] [2026-05-06T08:48:46.167Z] E0506 05:48:46.108343   15908 watch.go:40] Failed to load config from "c:\\Users\\claud\\OneDrive\\Documentos\\NeuroAds\\LP\\dataconnect": could not find dataconnect.yaml in `c:\Users\claud\OneDrive\Documentos\NeuroAds\LP\dataconnect`
 {"metadata":{"emulator":{"name":"dataconnect"},"message":"E0506 05:48:46.108343   15908 watch.go:40] Failed to load config from \"c:\\\\Users\\\\claud\\\\OneDrive\\\\Documentos\\\\NeuroAds\\\\LP\\\\dataconnect\": could not find dataconnect.yaml in `c:\\Users\\claud\\OneDrive\\Documentos\\NeuroAds\\LP\\dataconnect`\n"}}
[debug] [2026-05-06T08:48:56.131Z] E0506 05:48:56.108200   15908 watch.go:40] Failed to load config from "c:\\Users\\claud\\OneDrive\\Documentos\\NeuroAds\\LP\\dataconnect": could not find dataconnect.yaml in `c:\Users\claud\OneDrive\Documentos\NeuroAds\LP\dataconnect`
 {"metadata":{"emulator":{"name":"dataconnect"},"message":"E0506 05:48:56.108200   15908 watch.go:40] Failed to load config from \"c:\\\\Users\\\\claud\\\\OneDrive\\\\Documentos\\\\NeuroAds\\\\LP\\\\dataconnect\": could not find dataconnect.yaml in `c:\\Users\\claud\\OneDrive\\Documentos\\NeuroAds\\LP\\dataconnect`\n"}}
[debug] [2026-05-06T08:49:06.162Z] E0506 05:49:06.108218   15908 watch.go:116] watchAllDir unable to walk dir `c:\Users\claud\OneDrive\Documentos\NeuroAds\LP\dataconnect`: GetFileAttributesEx c:\Users\claud\OneDrive\Documentos\NeuroAds\LP\dataconnect: The system cannot find the file specified.
E0506 05:49:06.108218   15908 watch.go:40] Failed to load config from "c:\\Users\\claud\\OneDrive\\Documentos\\NeuroAds\\LP\\dataconnect": could not find dataconnect.yaml in `c:\Users\claud\OneDrive\Documentos\NeuroAds\LP\dataconnect`
 {"metadata":{"emulator":{"name":"dataconnect"},"message":"E0506 05:49:06.108218   15908 watch.go:116] watchAllDir unable to walk dir `c:\\Users\\claud\\OneDrive\\Documentos\\NeuroAds\\LP\\dataconnect`: GetFileAttributesEx c:\\Users\\claud\\OneDrive\\Documentos\\NeuroAds\\LP\\dataconnect: The system cannot find the file specified.\nE0506 05:49:06.108218   15908 watch.go:40] Failed to load config from \"c:\\\\Users\\\\claud\\\\OneDrive\\\\Documentos\\\\NeuroAds\\\\LP\\\\dataconnect\": could not find dataconnect.yaml in `c:\\Users\\claud\\OneDrive\\Documentos\\NeuroAds\\LP\\dataconnect`\n"}}
[debug] [2026-05-06T08:49:16.111Z] E0506 05:49:16.109324   15908 watch.go:40] Failed to load config from "c:\\Users\\claud\\OneDrive\\Documentos\\NeuroAds\\LP\\dataconnect": could not find dataconnect.yaml in `c:\Users\claud\OneDrive\Documentos\NeuroAds\LP\dataconnect`
 {"metadata":{"emulator":{"name":"dataconnect"},"message":"E0506 05:49:16.109324   15908 watch.go:40] Failed to load config from \"c:\\\\Users\\\\claud\\\\OneDrive\\\\Documentos\\\\NeuroAds\\\\LP\\\\dataconnect\": could not find dataconnect.yaml in `c:\\Users\\claud\\OneDrive\\Documentos\\NeuroAds\\LP\\dataconnect`\n"}}
[debug] [2026-05-06T08:49:26.218Z] E0506 05:49:26.108942   15908 watch.go:40] Failed to load config from "c:\\Users\\claud\\OneDrive\\Documentos\\NeuroAds\\LP\\dataconnect": could not find dataconnect.yaml in `c:\Users\claud\OneDrive\Documentos\NeuroAds\LP\dataconnect`
 {"metadata":{"emulator":{"name":"dataconnect"},"message":"E0506 05:49:26.108942   15908 watch.go:40] Failed to load config from \"c:\\\\Users\\\\claud\\\\OneDrive\\\\Documentos\\\\NeuroAds\\\\LP\\\\dataconnect\": could not find dataconnect.yaml in `c:\\Users\\claud\\OneDrive\\Documentos\\NeuroAds\\LP\\dataconnect`\n"}}
[debug] [2026-05-06T08:49:36.138Z] E0506 05:49:36.108479   15908 watch.go:40] Failed to load config from "c:\\Users\\claud\\OneDrive\\Documentos\\NeuroAds\\LP\\dataconnect": could not find dataconnect.yaml in `c:\Users\claud\OneDrive\Documentos\NeuroAds\LP\dataconnect`
 {"metadata":{"emulator":{"name":"dataconnect"},"message":"E0506 05:49:36.108479   15908 watch.go:40] Failed to load config from \"c:\\\\Users\\\\claud\\\\OneDrive\\\\Documentos\\\\NeuroAds\\\\LP\\\\dataconnect\": could not find dataconnect.yaml in `c:\\Users\\claud\\OneDrive\\Documentos\\NeuroAds\\LP\\dataconnect`\n"}}
[debug] [2026-05-06T08:49:46.183Z] E0506 05:49:46.108761   15908 watch.go:40] Failed to load config from "c:\\Users\\claud\\OneDrive\\Documentos\\NeuroAds\\LP\\dataconnect": could not find dataconnect.yaml in `c:\Users\claud\OneDrive\Documentos\NeuroAds\LP\dataconnect`
 {"metadata":{"emulator":{"name":"dataconnect"},"message":"E0506 05:49:46.108761   15908 watch.go:40] Failed to load config from \"c:\\\\Users\\\\claud\\\\OneDrive\\\\Documentos\\\\NeuroAds\\\\LP\\\\dataconnect\": could not find dataconnect.yaml in `c:\\Users\\claud\\OneDrive\\Documentos\\NeuroAds\\LP\\dataconnect`\n"}}
[debug] [2026-05-06T08:49:56.159Z] E0506 05:49:56.108384   15908 watch.go:40] Failed to load config from "c:\\Users\\claud\\OneDrive\\Documentos\\NeuroAds\\LP\\dataconnect": could not find dataconnect.yaml in `c:\Users\claud\OneDrive\Documentos\NeuroAds\LP\dataconnect`
 {"metadata":{"emulator":{"name":"dataconnect"},"message":"E0506 05:49:56.108384   15908 watch.go:40] Failed to load config from \"c:\\\\Users\\\\claud\\\\OneDrive\\\\Documentos\\\\NeuroAds\\\\LP\\\\dataconnect\": could not find dataconnect.yaml in `c:\\Users\\claud\\OneDrive\\Documentos\\NeuroAds\\LP\\dataconnect`\n"}}
[debug] [2026-05-06T08:50:06.107Z] E0506 05:50:06.108469   15908 watch.go:116] watchAllDir unable to walk dir `c:\Users\claud\OneDrive\Documentos\NeuroAds\LP\dataconnect`: GetFileAttributesEx c:\Users\claud\OneDrive\Documentos\NeuroAds\LP\dataconnect: The system cannot find the file specified.
E0506 05:50:06.109232   15908 watch.go:40] Failed to load config from "c:\\Users\\claud\\OneDrive\\Documentos\\NeuroAds\\LP\\dataconnect": could not find dataconnect.yaml in `c:\Users\claud\OneDrive\Documentos\NeuroAds\LP\dataconnect`
 {"metadata":{"emulator":{"name":"dataconnect"},"message":"E0506 05:50:06.108469   15908 watch.go:116] watchAllDir unable to walk dir `c:\\Users\\claud\\OneDrive\\Documentos\\NeuroAds\\LP\\dataconnect`: GetFileAttributesEx c:\\Users\\claud\\OneDrive\\Documentos\\NeuroAds\\LP\\dataconnect: The system cannot find the file specified.\nE0506 05:50:06.109232   15908 watch.go:40] Failed to load config from \"c:\\\\Users\\\\claud\\\\OneDrive\\\\Documentos\\\\NeuroAds\\\\LP\\\\dataconnect\": could not find dataconnect.yaml in `c:\\Users\\claud\\OneDrive\\Documentos\\NeuroAds\\LP\\dataconnect`\n"}}
[debug] [2026-05-06T08:50:16.117Z] E0506 05:50:16.108401   15908 watch.go:40] Failed to load config from "c:\\Users\\claud\\OneDrive\\Documentos\\NeuroAds\\LP\\dataconnect": could not find dataconnect.yaml in `c:\Users\claud\OneDrive\Documentos\NeuroAds\LP\dataconnect`
 {"metadata":{"emulator":{"name":"dataconnect"},"message":"E0506 05:50:16.108401   15908 watch.go:40] Failed to load config from \"c:\\\\Users\\\\claud\\\\OneDrive\\\\Documentos\\\\NeuroAds\\\\LP\\\\dataconnect\": could not find dataconnect.yaml in `c:\\Users\\claud\\OneDrive\\Documentos\\NeuroAds\\LP\\dataconnect`\n"}}
[debug] [2026-05-06T08:50:26.143Z] E0506 05:50:26.108141   15908 watch.go:40] Failed to load config from "c:\\Users\\claud\\OneDrive\\Documentos\\NeuroAds\\LP\\dataconnect": could not find dataconnect.yaml in `c:\Users\claud\OneDrive\Documentos\NeuroAds\LP\dataconnect`
 {"metadata":{"emulator":{"name":"dataconnect"},"message":"E0506 05:50:26.108141   15908 watch.go:40] Failed to load config from \"c:\\\\Users\\\\claud\\\\OneDrive\\\\Documentos\\\\NeuroAds\\\\LP\\\\dataconnect\": could not find dataconnect.yaml in `c:\\Users\\claud\\OneDrive\\Documentos\\NeuroAds\\LP\\dataconnect`\n"}}
[debug] [2026-05-06T08:50:36.165Z] E0506 05:50:36.110176   15908 watch.go:40] Failed to load config from "c:\\Users\\claud\\OneDrive\\Documentos\\NeuroAds\\LP\\dataconnect": could not find dataconnect.yaml in `c:\Users\claud\OneDrive\Documentos\NeuroAds\LP\dataconnect`
 {"metadata":{"emulator":{"name":"dataconnect"},"message":"E0506 05:50:36.110176   15908 watch.go:40] Failed to load config from \"c:\\\\Users\\\\claud\\\\OneDrive\\\\Documentos\\\\NeuroAds\\\\LP\\\\dataconnect\": could not find dataconnect.yaml in `c:\\Users\\claud\\OneDrive\\Documentos\\NeuroAds\\LP\\dataconnect`\n"}}
[debug] [2026-05-06T08:50:46.137Z] E0506 05:50:46.108615   15908 watch.go:40] Failed to load config from "c:\\Users\\claud\\OneDrive\\Documentos\\NeuroAds\\LP\\dataconnect": could not find dataconnect.yaml in `c:\Users\claud\OneDrive\Documentos\NeuroAds\LP\dataconnect`
 {"metadata":{"emulator":{"name":"dataconnect"},"message":"E0506 05:50:46.108615   15908 watch.go:40] Failed to load config from \"c:\\\\Users\\\\claud\\\\OneDrive\\\\Documentos\\\\NeuroAds\\\\LP\\\\dataconnect\": could not find dataconnect.yaml in `c:\\Users\\claud\\OneDrive\\Documentos\\NeuroAds\\LP\\dataconnect`\n"}}
[debug] [2026-05-06T08:50:56.552Z] E0506 05:50:56.109126   15908 watch.go:40] Failed to load config from "c:\\Users\\claud\\OneDrive\\Documentos\\NeuroAds\\LP\\dataconnect": could not find dataconnect.yaml in `c:\Users\claud\OneDrive\Documentos\NeuroAds\LP\dataconnect`
 {"metadata":{"emulator":{"name":"dataconnect"},"message":"E0506 05:50:56.109126   15908 watch.go:40] Failed to load config from \"c:\\\\Users\\\\claud\\\\OneDrive\\\\Documentos\\\\NeuroAds\\\\LP\\\\dataconnect\": could not find dataconnect.yaml in `c:\\Users\\claud\\OneDrive\\Documentos\\NeuroAds\\LP\\dataconnect`\n"}}
[debug] [2026-05-06T08:51:06.162Z] E0506 05:51:06.108265   15908 watch.go:116] watchAllDir unable to walk dir `c:\Users\claud\OneDrive\Documentos\NeuroAds\LP\dataconnect`: GetFileAttributesEx c:\Users\claud\OneDrive\Documentos\NeuroAds\LP\dataconnect: The system cannot find the file specified.
E0506 05:51:06.109438   15908 watch.go:40] Failed to load config from "c:\\Users\\claud\\OneDrive\\Documentos\\NeuroAds\\LP\\dataconnect": could not find dataconnect.yaml in `c:\Users\claud\OneDrive\Documentos\NeuroAds\LP\dataconnect`
 {"metadata":{"emulator":{"name":"dataconnect"},"message":"E0506 05:51:06.108265   15908 watch.go:116] watchAllDir unable to walk dir `c:\\Users\\claud\\OneDrive\\Documentos\\NeuroAds\\LP\\dataconnect`: GetFileAttributesEx c:\\Users\\claud\\OneDrive\\Documentos\\NeuroAds\\LP\\dataconnect: The system cannot find the file specified.\nE0506 05:51:06.109438   15908 watch.go:40] Failed to load config from \"c:\\\\Users\\\\claud\\\\OneDrive\\\\Documentos\\\\NeuroAds\\\\LP\\\\dataconnect\": could not find dataconnect.yaml in `c:\\Users\\claud\\OneDrive\\Documentos\\NeuroAds\\LP\\dataconnect`\n"}}
[debug] [2026-05-06T08:51:16.223Z] E0506 05:51:16.108651   15908 watch.go:40] Failed to load config from "c:\\Users\\claud\\OneDrive\\Documentos\\NeuroAds\\LP\\dataconnect": could not find dataconnect.yaml in `c:\Users\claud\OneDrive\Documentos\NeuroAds\LP\dataconnect`
 {"metadata":{"emulator":{"name":"dataconnect"},"message":"E0506 05:51:16.108651   15908 watch.go:40] Failed to load config from \"c:\\\\Users\\\\claud\\\\OneDrive\\\\Documentos\\\\NeuroAds\\\\LP\\\\dataconnect\": could not find dataconnect.yaml in `c:\\Users\\claud\\OneDrive\\Documentos\\NeuroAds\\LP\\dataconnect`\n"}}
[debug] [2026-05-06T08:51:26.184Z] E0506 05:51:26.110818   15908 watch.go:40] Failed to load config from "c:\\Users\\claud\\OneDrive\\Documentos\\NeuroAds\\LP\\dataconnect": could not find dataconnect.yaml in `c:\Users\claud\OneDrive\Documentos\NeuroAds\LP\dataconnect`
 {"metadata":{"emulator":{"name":"dataconnect"},"message":"E0506 05:51:26.110818   15908 watch.go:40] Failed to load config from \"c:\\\\Users\\\\claud\\\\OneDrive\\\\Documentos\\\\NeuroAds\\\\LP\\\\dataconnect\": could not find dataconnect.yaml in `c:\\Users\\claud\\OneDrive\\Documentos\\NeuroAds\\LP\\dataconnect`\n"}}
[debug] [2026-05-06T08:51:36.158Z] E0506 05:51:36.108895   15908 watch.go:40] Failed to load config from "c:\\Users\\claud\\OneDrive\\Documentos\\NeuroAds\\LP\\dataconnect": could not find dataconnect.yaml in `c:\Users\claud\OneDrive\Documentos\NeuroAds\LP\dataconnect`
 {"metadata":{"emulator":{"name":"dataconnect"},"message":"E0506 05:51:36.108895   15908 watch.go:40] Failed to load config from \"c:\\\\Users\\\\claud\\\\OneDrive\\\\Documentos\\\\NeuroAds\\\\LP\\\\dataconnect\": could not find dataconnect.yaml in `c:\\Users\\claud\\OneDrive\\Documentos\\NeuroAds\\LP\\dataconnect`\n"}}
[debug] [2026-05-06T08:51:46.366Z] E0506 05:51:46.108788   15908 watch.go:40] Failed to load config from "c:\\Users\\claud\\OneDrive\\Documentos\\NeuroAds\\LP\\dataconnect": could not find dataconnect.yaml in `c:\Users\claud\OneDrive\Documentos\NeuroAds\LP\dataconnect`
 {"metadata":{"emulator":{"name":"dataconnect"},"message":"E0506 05:51:46.108788   15908 watch.go:40] Failed to load config from \"c:\\\\Users\\\\claud\\\\OneDrive\\\\Documentos\\\\NeuroAds\\\\LP\\\\dataconnect\": could not find dataconnect.yaml in `c:\\Users\\claud\\OneDrive\\Documentos\\NeuroAds\\LP\\dataconnect`\n"}}
[debug] [2026-05-06T08:51:56.108Z] E0506 05:51:56.108117   15908 watch.go:40] Failed to load config from "c:\\Users\\claud\\OneDrive\\Documentos\\NeuroAds\\LP\\dataconnect": could not find dataconnect.yaml in `c:\Users\claud\OneDrive\Documentos\NeuroAds\LP\dataconnect`
 {"metadata":{"emulator":{"name":"dataconnect"},"message":"E0506 05:51:56.108117   15908 watch.go:40] Failed to load config from \"c:\\\\Users\\\\claud\\\\OneDrive\\\\Documentos\\\\NeuroAds\\\\LP\\\\dataconnect\": could not find dataconnect.yaml in `c:\\Users\\claud\\OneDrive\\Documentos\\NeuroAds\\LP\\dataconnect`\n"}}
[debug] [2026-05-06T08:52:06.343Z] E0506 05:52:06.108106   15908 watch.go:116] watchAllDir unable to walk dir `c:\Users\claud\OneDrive\Documentos\NeuroAds\LP\dataconnect`: GetFileAttributesEx c:\Users\claud\OneDrive\Documentos\NeuroAds\LP\dataconnect: The system cannot find the file specified.
E0506 05:52:06.109444   15908 watch.go:40] Failed to load config from "c:\\Users\\claud\\OneDrive\\Documentos\\NeuroAds\\LP\\dataconnect": could not find dataconnect.yaml in `c:\Users\claud\OneDrive\Documentos\NeuroAds\LP\dataconnect`
 {"metadata":{"emulator":{"name":"dataconnect"},"message":"E0506 05:52:06.108106   15908 watch.go:116] watchAllDir unable to walk dir `c:\\Users\\claud\\OneDrive\\Documentos\\NeuroAds\\LP\\dataconnect`: GetFileAttributesEx c:\\Users\\claud\\OneDrive\\Documentos\\NeuroAds\\LP\\dataconnect: The system cannot find the file specified.\nE0506 05:52:06.109444   15908 watch.go:40] Failed to load config from \"c:\\\\Users\\\\claud\\\\OneDrive\\\\Documentos\\\\NeuroAds\\\\LP\\\\dataconnect\": could not find dataconnect.yaml in `c:\\Users\\claud\\OneDrive\\Documentos\\NeuroAds\\LP\\dataconnect`\n"}}
[debug] [2026-05-06T08:52:16.592Z] E0506 05:52:16.109967   15908 watch.go:40] Failed to load config from "c:\\Users\\claud\\OneDrive\\Documentos\\NeuroAds\\LP\\dataconnect": could not find dataconnect.yaml in `c:\Users\claud\OneDrive\Documentos\NeuroAds\LP\dataconnect`
 {"metadata":{"emulator":{"name":"dataconnect"},"message":"E0506 05:52:16.109967   15908 watch.go:40] Failed to load config from \"c:\\\\Users\\\\claud\\\\OneDrive\\\\Documentos\\\\NeuroAds\\\\LP\\\\dataconnect\": could not find dataconnect.yaml in `c:\\Users\\claud\\OneDrive\\Documentos\\NeuroAds\\LP\\dataconnect`\n"}}
[debug] [2026-05-06T08:52:26.746Z] E0506 05:52:26.110035   15908 watch.go:40] Failed to load config from "c:\\Users\\claud\\OneDrive\\Documentos\\NeuroAds\\LP\\dataconnect": could not find dataconnect.yaml in `c:\Users\claud\OneDrive\Documentos\NeuroAds\LP\dataconnect`
 {"metadata":{"emulator":{"name":"dataconnect"},"message":"E0506 05:52:26.110035   15908 watch.go:40] Failed to load config from \"c:\\\\Users\\\\claud\\\\OneDrive\\\\Documentos\\\\NeuroAds\\\\LP\\\\dataconnect\": could not find dataconnect.yaml in `c:\\Users\\claud\\OneDrive\\Documentos\\NeuroAds\\LP\\dataconnect`\n"}}
[debug] [2026-05-06T08:52:36.284Z] E0506 05:52:36.109005   15908 watch.go:40] Failed to load config from "c:\\Users\\claud\\OneDrive\\Documentos\\NeuroAds\\LP\\dataconnect": could not find dataconnect.yaml in `c:\Users\claud\OneDrive\Documentos\NeuroAds\LP\dataconnect`
 {"metadata":{"emulator":{"name":"dataconnect"},"message":"E0506 05:52:36.109005   15908 watch.go:40] Failed to load config from \"c:\\\\Users\\\\claud\\\\OneDrive\\\\Documentos\\\\NeuroAds\\\\LP\\\\dataconnect\": could not find dataconnect.yaml in `c:\\Users\\claud\\OneDrive\\Documentos\\NeuroAds\\LP\\dataconnect`\n"}}
[debug] [2026-05-06T08:52:46.204Z] E0506 05:52:46.108402   15908 watch.go:40] Failed to load config from "c:\\Users\\claud\\OneDrive\\Documentos\\NeuroAds\\LP\\dataconnect": could not find dataconnect.yaml in `c:\Users\claud\OneDrive\Documentos\NeuroAds\LP\dataconnect`
 {"metadata":{"emulator":{"name":"dataconnect"},"message":"E0506 05:52:46.108402   15908 watch.go:40] Failed to load config from \"c:\\\\Users\\\\claud\\\\OneDrive\\\\Documentos\\\\NeuroAds\\\\LP\\\\dataconnect\": could not find dataconnect.yaml in `c:\\Users\\claud\\OneDrive\\Documentos\\NeuroAds\\LP\\dataconnect`\n"}}
[debug] [2026-05-06T08:52:56.407Z] E0506 05:52:56.108833   15908 watch.go:40] Failed to load config from "c:\\Users\\claud\\OneDrive\\Documentos\\NeuroAds\\LP\\dataconnect": could not find dataconnect.yaml in `c:\Users\claud\OneDrive\Documentos\NeuroAds\LP\dataconnect`
 {"metadata":{"emulator":{"name":"dataconnect"},"message":"E0506 05:52:56.108833   15908 watch.go:40] Failed to load config from \"c:\\\\Users\\\\claud\\\\OneDrive\\\\Documentos\\\\NeuroAds\\\\LP\\\\dataconnect\": could not find dataconnect.yaml in `c:\\Users\\claud\\OneDrive\\Documentos\\NeuroAds\\LP\\dataconnect`\n"}}
[debug] [2026-05-06T08:53:06.153Z] E0506 05:53:06.108048   15908 watch.go:116] watchAllDir unable to walk dir `c:\Users\claud\OneDrive\Documentos\NeuroAds\LP\dataconnect`: GetFileAttributesEx c:\Users\claud\OneDrive\Documentos\NeuroAds\LP\dataconnect: The system cannot find the file specified.
E0506 05:53:06.108048   15908 watch.go:40] Failed to load config from "c:\\Users\\claud\\OneDrive\\Documentos\\NeuroAds\\LP\\dataconnect": could not find dataconnect.yaml in `c:\Users\claud\OneDrive\Documentos\NeuroAds\LP\dataconnect`
 {"metadata":{"emulator":{"name":"dataconnect"},"message":"E0506 05:53:06.108048   15908 watch.go:116] watchAllDir unable to walk dir `c:\\Users\\claud\\OneDrive\\Documentos\\NeuroAds\\LP\\dataconnect`: GetFileAttributesEx c:\\Users\\claud\\OneDrive\\Documentos\\NeuroAds\\LP\\dataconnect: The system cannot find the file specified.\nE0506 05:53:06.108048   15908 watch.go:40] Failed to load config from \"c:\\\\Users\\\\claud\\\\OneDrive\\\\Documentos\\\\NeuroAds\\\\LP\\\\dataconnect\": could not find dataconnect.yaml in `c:\\Users\\claud\\OneDrive\\Documentos\\NeuroAds\\LP\\dataconnect`\n"}}
[debug] [2026-05-06T08:54:35.238Z] E0506 05:53:16.108916   15908 watch.go:40] Failed to load config from "c:\\Users\\claud\\OneDrive\\Documentos\\NeuroAds\\LP\\dataconnect": could not find dataconnect.yaml in `c:\Users\claud\OneDrive\Documentos\NeuroAds\LP\dataconnect`
E0506 05:53:26.109022   15908 watch.go:40] Failed to load config from "c:\\Users\\claud\\OneDrive\\Documentos\\NeuroAds\\LP\\dataconnect": could not find dataconnect.yaml in `c:\Users\claud\OneDrive\Documentos\NeuroAds\LP\dataconnect`
E0506 05:53:36.108660   15908 watch.go:40] Failed to load config from "c:\\Users\\claud\\OneDrive\\Documentos\\NeuroAds\\LP\\dataconnect": could not find dataconnect.yaml in `c:\Users\claud\OneDrive\Documentos\NeuroAds\LP\dataconnect`
E0506 05:53:46.108615   15908 watch.go:40] Failed to load config from "c:\\Users\\claud\\OneDrive\\Documentos\\NeuroAds\\LP\\dataconnect": could not find dataconnect.yaml in `c:\Users\claud\OneDrive\Documentos\NeuroAds\LP\dataconnect`
E0506 05:53:56.109351   15908 watch.go:40] Failed to load config from "c:\\Users\\claud\\OneDrive\\Documentos\\NeuroAds\\LP\\dataconnect": could not find dataconnect.yaml in `c:\Users\claud\OneDrive\Documentos\NeuroAds\LP\dataconnect`
E0506 05:54:06.108520   15908 watch.go:116] watchAllDir unable to walk dir `c:\Users\claud\OneDrive\Documentos\NeuroAds\LP\dataconnect`: GetFileAttributesEx c:\Users\claud\OneDrive\Documentos\NeuroAds\LP\dataconnect: The system cannot find the file specified.
E0506 05:54:06.109315   15908 watch.go:40] Failed to load config from "c:\\Users\\claud\\OneDrive\\Documentos\\NeuroAds\\LP\\dataconnect": could not find dataconnect.yaml in `c:\Users\claud\OneDrive\Documentos\NeuroAds\LP\dataconnect`
E0506 05:54:16.109682   15908 watch.go:40] Failed to load config from "c:\\Users\\claud\\OneDrive\\Documentos\\NeuroAds\\LP\\dataconnect": could not find dataconnect.yaml in `c:\Users\claud\OneDrive\Documentos\NeuroAds\LP\dataconnect`
E0506 05:54:26.108974   15908 watch.go:40] Failed to load config from "c:\\Users\\claud\\OneDrive\\Documentos\\NeuroAds\\LP\\dataconnect": could not find dataconnect.yaml in `c:\Users\claud\OneDrive\Documentos\NeuroAds\LP\dataconnect`
 {"metadata":{"emulator":{"name":"dataconnect"},"message":"E0506 05:53:16.108916   15908 watch.go:40] Failed to load config from \"c:\\\\Users\\\\claud\\\\OneDrive\\\\Documentos\\\\NeuroAds\\\\LP\\\\dataconnect\": could not find dataconnect.yaml in `c:\\Users\\claud\\OneDrive\\Documentos\\NeuroAds\\LP\\dataconnect`\nE0506 05:53:26.109022   15908 watch.go:40] Failed to load config from \"c:\\\\Users\\\\claud\\\\OneDrive\\\\Documentos\\\\NeuroAds\\\\LP\\\\dataconnect\": could not find dataconnect.yaml in `c:\\Users\\claud\\OneDrive\\Documentos\\NeuroAds\\LP\\dataconnect`\nE0506 05:53:36.108660   15908 watch.go:40] Failed to load config from \"c:\\\\Users\\\\claud\\\\OneDrive\\\\Documentos\\\\NeuroAds\\\\LP\\\\dataconnect\": could not find dataconnect.yaml in `c:\\Users\\claud\\OneDrive\\Documentos\\NeuroAds\\LP\\dataconnect`\nE0506 05:53:46.108615   15908 watch.go:40] Failed to load config from \"c:\\\\Users\\\\claud\\\\OneDrive\\\\Documentos\\\\NeuroAds\\\\LP\\\\dataconnect\": could not find dataconnect.yaml in `c:\\Users\\claud\\OneDrive\\Documentos\\NeuroAds\\LP\\dataconnect`\nE0506 05:53:56.109351   15908 watch.go:40] Failed to load config from \"c:\\\\Users\\\\claud\\\\OneDrive\\\\Documentos\\\\NeuroAds\\\\LP\\\\dataconnect\": could not find dataconnect.yaml in `c:\\Users\\claud\\OneDrive\\Documentos\\NeuroAds\\LP\\dataconnect`\nE0506 05:54:06.108520   15908 watch.go:116] watchAllDir unable to walk dir `c:\\Users\\claud\\OneDrive\\Documentos\\NeuroAds\\LP\\dataconnect`: GetFileAttributesEx c:\\Users\\claud\\OneDrive\\Documentos\\NeuroAds\\LP\\dataconnect: The system cannot find the file specified.\nE0506 05:54:06.109315   15908 watch.go:40] Failed to load config from \"c:\\\\Users\\\\claud\\\\OneDrive\\\\Documentos\\\\NeuroAds\\\\LP\\\\dataconnect\": could not find dataconnect.yaml in `c:\\Users\\claud\\OneDrive\\Documentos\\NeuroAds\\LP\\dataconnect`\nE0506 05:54:16.109682   15908 watch.go:40] Failed to load config from \"c:\\\\Users\\\\claud\\\\OneDrive\\\\Documentos\\\\NeuroAds\\\\LP\\\\dataconnect\": could not find dataconnect.yaml in `c:\\Users\\claud\\OneDrive\\Documentos\\NeuroAds\\LP\\dataconnect`\nE0506 05:54:26.108974   15908 watch.go:40] Failed to load config from \"c:\\\\Users\\\\claud\\\\OneDrive\\\\Documentos\\\\NeuroAds\\\\LP\\\\dataconnect\": could not find dataconnect.yaml in `c:\\Users\\claud\\OneDrive\\Documentos\\NeuroAds\\LP\\dataconnect`\n"}}
[debug] [2026-05-06T08:54:45.018Z] E0506 05:54:36.109277   15908 watch.go:40] Failed to load config from "c:\\Users\\claud\\OneDrive\\Documentos\\NeuroAds\\LP\\dataconnect": could not find dataconnect.yaml in `c:\Users\claud\OneDrive\Documentos\NeuroAds\LP\dataconnect`
 {"metadata":{"emulator":{"name":"dataconnect"},"message":"E0506 05:54:36.109277   15908 watch.go:40] Failed to load config from \"c:\\\\Users\\\\claud\\\\OneDrive\\\\Documentos\\\\NeuroAds\\\\LP\\\\dataconnect\": could not find dataconnect.yaml in `c:\\Users\\claud\\OneDrive\\Documentos\\NeuroAds\\LP\\dataconnect`\n"}}
[debug] [2026-05-06T08:54:46.311Z] E0506 05:54:46.109005   15908 watch.go:40] Failed to load config from "c:\\Users\\claud\\OneDrive\\Documentos\\NeuroAds\\LP\\dataconnect": could not find dataconnect.yaml in `c:\Users\claud\OneDrive\Documentos\NeuroAds\LP\dataconnect`
 {"metadata":{"emulator":{"name":"dataconnect"},"message":"E0506 05:54:46.109005   15908 watch.go:40] Failed to load config from \"c:\\\\Users\\\\claud\\\\OneDrive\\\\Documentos\\\\NeuroAds\\\\LP\\\\dataconnect\": could not find dataconnect.yaml in `c:\\Users\\claud\\OneDrive\\Documentos\\NeuroAds\\LP\\dataconnect`\n"}}
[debug] [2026-05-06T08:54:56.150Z] E0506 05:54:56.108593   15908 watch.go:40] Failed to load config from "c:\\Users\\claud\\OneDrive\\Documentos\\NeuroAds\\LP\\dataconnect": could not find dataconnect.yaml in `c:\Users\claud\OneDrive\Documentos\NeuroAds\LP\dataconnect`
 {"metadata":{"emulator":{"name":"dataconnect"},"message":"E0506 05:54:56.108593   15908 watch.go:40] Failed to load config from \"c:\\\\Users\\\\claud\\\\OneDrive\\\\Documentos\\\\NeuroAds\\\\LP\\\\dataconnect\": could not find dataconnect.yaml in `c:\\Users\\claud\\OneDrive\\Documentos\\NeuroAds\\LP\\dataconnect`\n"}}
[debug] [2026-05-06T08:55:06.118Z] E0506 05:55:06.108872   15908 watch.go:40] Failed to load config from "c:\\Users\\claud\\OneDrive\\Documentos\\NeuroAds\\LP\\dataconnect": could not find dataconnect.yaml in `c:\Users\claud\OneDrive\Documentos\NeuroAds\LP\dataconnect`
E0506 05:55:06.108120   15908 watch.go:116] watchAllDir unable to walk dir `c:\Users\claud\OneDrive\Documentos\NeuroAds\LP\dataconnect`: GetFileAttributesEx c:\Users\claud\OneDrive\Documentos\NeuroAds\LP\dataconnect: The system cannot find the file specified.
 {"metadata":{"emulator":{"name":"dataconnect"},"message":"E0506 05:55:06.108872   15908 watch.go:40] Failed to load config from \"c:\\\\Users\\\\claud\\\\OneDrive\\\\Documentos\\\\NeuroAds\\\\LP\\\\dataconnect\": could not find dataconnect.yaml in `c:\\Users\\claud\\OneDrive\\Documentos\\NeuroAds\\LP\\dataconnect`\nE0506 05:55:06.108120   15908 watch.go:116] watchAllDir unable to walk dir `c:\\Users\\claud\\OneDrive\\Documentos\\NeuroAds\\LP\\dataconnect`: GetFileAttributesEx c:\\Users\\claud\\OneDrive\\Documentos\\NeuroAds\\LP\\dataconnect: The system cannot find the file specified.\n"}}
[debug] [2026-05-06T08:55:16.131Z] E0506 05:55:16.108532   15908 watch.go:40] Failed to load config from "c:\\Users\\claud\\OneDrive\\Documentos\\NeuroAds\\LP\\dataconnect": could not find dataconnect.yaml in `c:\Users\claud\OneDrive\Documentos\NeuroAds\LP\dataconnect`
 {"metadata":{"emulator":{"name":"dataconnect"},"message":"E0506 05:55:16.108532   15908 watch.go:40] Failed to load config from \"c:\\\\Users\\\\claud\\\\OneDrive\\\\Documentos\\\\NeuroAds\\\\LP\\\\dataconnect\": could not find dataconnect.yaml in `c:\\Users\\claud\\OneDrive\\Documentos\\NeuroAds\\LP\\dataconnect`\n"}}
[debug] [2026-05-06T08:55:26.162Z] E0506 05:55:26.107978   15908 watch.go:40] Failed to load config from "c:\\Users\\claud\\OneDrive\\Documentos\\NeuroAds\\LP\\dataconnect": could not find dataconnect.yaml in `c:\Users\claud\OneDrive\Documentos\NeuroAds\LP\dataconnect`
 {"metadata":{"emulator":{"name":"dataconnect"},"message":"E0506 05:55:26.107978   15908 watch.go:40] Failed to load config from \"c:\\\\Users\\\\claud\\\\OneDrive\\\\Documentos\\\\NeuroAds\\\\LP\\\\dataconnect\": could not find dataconnect.yaml in `c:\\Users\\claud\\OneDrive\\Documentos\\NeuroAds\\LP\\dataconnect`\n"}}
[debug] [2026-05-06T08:55:36.474Z] E0506 05:55:36.109381   15908 watch.go:40] Failed to load config from "c:\\Users\\claud\\OneDrive\\Documentos\\NeuroAds\\LP\\dataconnect": could not find dataconnect.yaml in `c:\Users\claud\OneDrive\Documentos\NeuroAds\LP\dataconnect`
 {"metadata":{"emulator":{"name":"dataconnect"},"message":"E0506 05:55:36.109381   15908 watch.go:40] Failed to load config from \"c:\\\\Users\\\\claud\\\\OneDrive\\\\Documentos\\\\NeuroAds\\\\LP\\\\dataconnect\": could not find dataconnect.yaml in `c:\\Users\\claud\\OneDrive\\Documentos\\NeuroAds\\LP\\dataconnect`\n"}}
[debug] [2026-05-06T08:55:46.130Z] E0506 05:55:46.108557   15908 watch.go:40] Failed to load config from "c:\\Users\\claud\\OneDrive\\Documentos\\NeuroAds\\LP\\dataconnect": could not find dataconnect.yaml in `c:\Users\claud\OneDrive\Documentos\NeuroAds\LP\dataconnect`
 {"metadata":{"emulator":{"name":"dataconnect"},"message":"E0506 05:55:46.108557   15908 watch.go:40] Failed to load config from \"c:\\\\Users\\\\claud\\\\OneDrive\\\\Documentos\\\\NeuroAds\\\\LP\\\\dataconnect\": could not find dataconnect.yaml in `c:\\Users\\claud\\OneDrive\\Documentos\\NeuroAds\\LP\\dataconnect`\n"}}
[debug] [2026-05-06T08:55:56.176Z] E0506 05:55:56.109024   15908 watch.go:40] Failed to load config from "c:\\Users\\claud\\OneDrive\\Documentos\\NeuroAds\\LP\\dataconnect": could not find dataconnect.yaml in `c:\Users\claud\OneDrive\Documentos\NeuroAds\LP\dataconnect`
 {"metadata":{"emulator":{"name":"dataconnect"},"message":"E0506 05:55:56.109024   15908 watch.go:40] Failed to load config from \"c:\\\\Users\\\\claud\\\\OneDrive\\\\Documentos\\\\NeuroAds\\\\LP\\\\dataconnect\": could not find dataconnect.yaml in `c:\\Users\\claud\\OneDrive\\Documentos\\NeuroAds\\LP\\dataconnect`\n"}}
[debug] [2026-05-06T08:56:06.143Z] E0506 05:56:06.107819   15908 watch.go:116] watchAllDir unable to walk dir `c:\Users\claud\OneDrive\Documentos\NeuroAds\LP\dataconnect`: GetFileAttributesEx c:\Users\claud\OneDrive\Documentos\NeuroAds\LP\dataconnect: The system cannot find the file specified.
E0506 05:56:06.109597   15908 watch.go:40] Failed to load config from "c:\\Users\\claud\\OneDrive\\Documentos\\NeuroAds\\LP\\dataconnect": could not find dataconnect.yaml in `c:\Users\claud\OneDrive\Documentos\NeuroAds\LP\dataconnect`
 {"metadata":{"emulator":{"name":"dataconnect"},"message":"E0506 05:56:06.107819   15908 watch.go:116] watchAllDir unable to walk dir `c:\\Users\\claud\\OneDrive\\Documentos\\NeuroAds\\LP\\dataconnect`: GetFileAttributesEx c:\\Users\\claud\\OneDrive\\Documentos\\NeuroAds\\LP\\dataconnect: The system cannot find the file specified.\nE0506 05:56:06.109597   15908 watch.go:40] Failed to load config from \"c:\\\\Users\\\\claud\\\\OneDrive\\\\Documentos\\\\NeuroAds\\\\LP\\\\dataconnect\": could not find dataconnect.yaml in `c:\\Users\\claud\\OneDrive\\Documentos\\NeuroAds\\LP\\dataconnect`\n"}}
[debug] [2026-05-06T08:56:16.124Z] E0506 05:56:16.108633   15908 watch.go:40] Failed to load config from "c:\\Users\\claud\\OneDrive\\Documentos\\NeuroAds\\LP\\dataconnect": could not find dataconnect.yaml in `c:\Users\claud\OneDrive\Documentos\NeuroAds\LP\dataconnect`
 {"metadata":{"emulator":{"name":"dataconnect"},"message":"E0506 05:56:16.108633   15908 watch.go:40] Failed to load config from \"c:\\\\Users\\\\claud\\\\OneDrive\\\\Documentos\\\\NeuroAds\\\\LP\\\\dataconnect\": could not find dataconnect.yaml in `c:\\Users\\claud\\OneDrive\\Documentos\\NeuroAds\\LP\\dataconnect`\n"}}
[debug] [2026-05-06T08:56:26.113Z] E0506 05:56:26.108341   15908 watch.go:40] Failed to load config from "c:\\Users\\claud\\OneDrive\\Documentos\\NeuroAds\\LP\\dataconnect": could not find dataconnect.yaml in `c:\Users\claud\OneDrive\Documentos\NeuroAds\LP\dataconnect`
 {"metadata":{"emulator":{"name":"dataconnect"},"message":"E0506 05:56:26.108341   15908 watch.go:40] Failed to load config from \"c:\\\\Users\\\\claud\\\\OneDrive\\\\Documentos\\\\NeuroAds\\\\LP\\\\dataconnect\": could not find dataconnect.yaml in `c:\\Users\\claud\\OneDrive\\Documentos\\NeuroAds\\LP\\dataconnect`\n"}}
[debug] [2026-05-06T08:56:36.129Z] E0506 05:56:36.107943   15908 watch.go:40] Failed to load config from "c:\\Users\\claud\\OneDrive\\Documentos\\NeuroAds\\LP\\dataconnect": could not find dataconnect.yaml in `c:\Users\claud\OneDrive\Documentos\NeuroAds\LP\dataconnect`
 {"metadata":{"emulator":{"name":"dataconnect"},"message":"E0506 05:56:36.107943   15908 watch.go:40] Failed to load config from \"c:\\\\Users\\\\claud\\\\OneDrive\\\\Documentos\\\\NeuroAds\\\\LP\\\\dataconnect\": could not find dataconnect.yaml in `c:\\Users\\claud\\OneDrive\\Documentos\\NeuroAds\\LP\\dataconnect`\n"}}
[debug] [2026-05-06T08:56:52.638Z] E0506 05:56:46.108227   15908 watch.go:40] Failed to load config from "c:\\Users\\claud\\OneDrive\\Documentos\\NeuroAds\\LP\\dataconnect": could not find dataconnect.yaml in `c:\Users\claud\OneDrive\Documentos\NeuroAds\LP\dataconnect`
 {"metadata":{"emulator":{"name":"dataconnect"},"message":"E0506 05:56:46.108227   15908 watch.go:40] Failed to load config from \"c:\\\\Users\\\\claud\\\\OneDrive\\\\Documentos\\\\NeuroAds\\\\LP\\\\dataconnect\": could not find dataconnect.yaml in `c:\\Users\\claud\\OneDrive\\Documentos\\NeuroAds\\LP\\dataconnect`\n"}}
[debug] [2026-05-06T08:56:56.126Z] E0506 05:56:56.108282   15908 watch.go:40] Failed to load config from "c:\\Users\\claud\\OneDrive\\Documentos\\NeuroAds\\LP\\dataconnect": could not find dataconnect.yaml in `c:\Users\claud\OneDrive\Documentos\NeuroAds\LP\dataconnect`
 {"metadata":{"emulator":{"name":"dataconnect"},"message":"E0506 05:56:56.108282   15908 watch.go:40] Failed to load config from \"c:\\\\Users\\\\claud\\\\OneDrive\\\\Documentos\\\\NeuroAds\\\\LP\\\\dataconnect\": could not find dataconnect.yaml in `c:\\Users\\claud\\OneDrive\\Documentos\\NeuroAds\\LP\\dataconnect`\n"}}
[debug] [2026-05-06T08:57:06.108Z] E0506 05:57:06.108357   15908 watch.go:116] watchAllDir unable to walk dir `c:\Users\claud\OneDrive\Documentos\NeuroAds\LP\dataconnect`: GetFileAttributesEx c:\Users\claud\OneDrive\Documentos\NeuroAds\LP\dataconnect: The system cannot find the file specified.
 {"metadata":{"emulator":{"name":"dataconnect"},"message":"E0506 05:57:06.108357   15908 watch.go:116] watchAllDir unable to walk dir `c:\\Users\\claud\\OneDrive\\Documentos\\NeuroAds\\LP\\dataconnect`: GetFileAttributesEx c:\\Users\\claud\\OneDrive\\Documentos\\NeuroAds\\LP\\dataconnect: The system cannot find the file specified.\n"}}
[debug] [2026-05-06T08:57:06.108Z] E0506 05:57:06.109006   15908 watch.go:40] Failed to load config from "c:\\Users\\claud\\OneDrive\\Documentos\\NeuroAds\\LP\\dataconnect": could not find dataconnect.yaml in `c:\Users\claud\OneDrive\Documentos\NeuroAds\LP\dataconnect`
 {"metadata":{"emulator":{"name":"dataconnect"},"message":"E0506 05:57:06.109006   15908 watch.go:40] Failed to load config from \"c:\\\\Users\\\\claud\\\\OneDrive\\\\Documentos\\\\NeuroAds\\\\LP\\\\dataconnect\": could not find dataconnect.yaml in `c:\\Users\\claud\\OneDrive\\Documentos\\NeuroAds\\LP\\dataconnect`\n"}}
[debug] [2026-05-06T08:57:16.152Z] E0506 05:57:16.107986   15908 watch.go:40] Failed to load config from "c:\\Users\\claud\\OneDrive\\Documentos\\NeuroAds\\LP\\dataconnect": could not find dataconnect.yaml in `c:\Users\claud\OneDrive\Documentos\NeuroAds\LP\dataconnect`
 {"metadata":{"emulator":{"name":"dataconnect"},"message":"E0506 05:57:16.107986   15908 watch.go:40] Failed to load config from \"c:\\\\Users\\\\claud\\\\OneDrive\\\\Documentos\\\\NeuroAds\\\\LP\\\\dataconnect\": could not find dataconnect.yaml in `c:\\Users\\claud\\OneDrive\\Documentos\\NeuroAds\\LP\\dataconnect`\n"}}
[debug] [2026-05-06T08:57:26.142Z] E0506 05:57:26.108276   15908 watch.go:40] Failed to load config from "c:\\Users\\claud\\OneDrive\\Documentos\\NeuroAds\\LP\\dataconnect": could not find dataconnect.yaml in `c:\Users\claud\OneDrive\Documentos\NeuroAds\LP\dataconnect`
 {"metadata":{"emulator":{"name":"dataconnect"},"message":"E0506 05:57:26.108276   15908 watch.go:40] Failed to load config from \"c:\\\\Users\\\\claud\\\\OneDrive\\\\Documentos\\\\NeuroAds\\\\LP\\\\dataconnect\": could not find dataconnect.yaml in `c:\\Users\\claud\\OneDrive\\Documentos\\NeuroAds\\LP\\dataconnect`\n"}}
[debug] [2026-05-06T08:57:36.122Z] E0506 05:57:36.108856   15908 watch.go:40] Failed to load config from "c:\\Users\\claud\\OneDrive\\Documentos\\NeuroAds\\LP\\dataconnect": could not find dataconnect.yaml in `c:\Users\claud\OneDrive\Documentos\NeuroAds\LP\dataconnect`
 {"metadata":{"emulator":{"name":"dataconnect"},"message":"E0506 05:57:36.108856   15908 watch.go:40] Failed to load config from \"c:\\\\Users\\\\claud\\\\OneDrive\\\\Documentos\\\\NeuroAds\\\\LP\\\\dataconnect\": could not find dataconnect.yaml in `c:\\Users\\claud\\OneDrive\\Documentos\\NeuroAds\\LP\\dataconnect`\n"}}
[debug] [2026-05-06T08:57:46.132Z] E0506 05:57:46.108415   15908 watch.go:40] Failed to load config from "c:\\Users\\claud\\OneDrive\\Documentos\\NeuroAds\\LP\\dataconnect": could not find dataconnect.yaml in `c:\Users\claud\OneDrive\Documentos\NeuroAds\LP\dataconnect`
 {"metadata":{"emulator":{"name":"dataconnect"},"message":"E0506 05:57:46.108415   15908 watch.go:40] Failed to load config from \"c:\\\\Users\\\\claud\\\\OneDrive\\\\Documentos\\\\NeuroAds\\\\LP\\\\dataconnect\": could not find dataconnect.yaml in `c:\\Users\\claud\\OneDrive\\Documentos\\NeuroAds\\LP\\dataconnect`\n"}}
[debug] [2026-05-06T08:57:56.123Z] E0506 05:57:56.108006   15908 watch.go:40] Failed to load config from "c:\\Users\\claud\\OneDrive\\Documentos\\NeuroAds\\LP\\dataconnect": could not find dataconnect.yaml in `c:\Users\claud\OneDrive\Documentos\NeuroAds\LP\dataconnect`
 {"metadata":{"emulator":{"name":"dataconnect"},"message":"E0506 05:57:56.108006   15908 watch.go:40] Failed to load config from \"c:\\\\Users\\\\claud\\\\OneDrive\\\\Documentos\\\\NeuroAds\\\\LP\\\\dataconnect\": could not find dataconnect.yaml in `c:\\Users\\claud\\OneDrive\\Documentos\\NeuroAds\\LP\\dataconnect`\n"}}
[debug] [2026-05-06T08:58:06.107Z] E0506 05:58:06.107984   15908 watch.go:116] watchAllDir unable to walk dir `c:\Users\claud\OneDrive\Documentos\NeuroAds\LP\dataconnect`: GetFileAttributesEx c:\Users\claud\OneDrive\Documentos\NeuroAds\LP\dataconnect: The system cannot find the file specified.
E0506 05:58:06.107984   15908 watch.go:40] Failed to load config from "c:\\Users\\claud\\OneDrive\\Documentos\\NeuroAds\\LP\\dataconnect": could not find dataconnect.yaml in `c:\Users\claud\OneDrive\Documentos\NeuroAds\LP\dataconnect`
 {"metadata":{"emulator":{"name":"dataconnect"},"message":"E0506 05:58:06.107984   15908 watch.go:116] watchAllDir unable to walk dir `c:\\Users\\claud\\OneDrive\\Documentos\\NeuroAds\\LP\\dataconnect`: GetFileAttributesEx c:\\Users\\claud\\OneDrive\\Documentos\\NeuroAds\\LP\\dataconnect: The system cannot find the file specified.\nE0506 05:58:06.107984   15908 watch.go:40] Failed to load config from \"c:\\\\Users\\\\claud\\\\OneDrive\\\\Documentos\\\\NeuroAds\\\\LP\\\\dataconnect\": could not find dataconnect.yaml in `c:\\Users\\claud\\OneDrive\\Documentos\\NeuroAds\\LP\\dataconnect`\n"}}
[debug] [2026-05-06T08:58:16.108Z] E0506 05:58:16.108229   15908 watch.go:40] Failed to load config from "c:\\Users\\claud\\OneDrive\\Documentos\\NeuroAds\\LP\\dataconnect": could not find dataconnect.yaml in `c:\Users\claud\OneDrive\Documentos\NeuroAds\LP\dataconnect`
 {"metadata":{"emulator":{"name":"dataconnect"},"message":"E0506 05:58:16.108229   15908 watch.go:40] Failed to load config from \"c:\\\\Users\\\\claud\\\\OneDrive\\\\Documentos\\\\NeuroAds\\\\LP\\\\dataconnect\": could not find dataconnect.yaml in `c:\\Users\\claud\\OneDrive\\Documentos\\NeuroAds\\LP\\dataconnect`\n"}}
[debug] [2026-05-06T08:58:26.135Z] E0506 05:58:26.108106   15908 watch.go:40] Failed to load config from "c:\\Users\\claud\\OneDrive\\Documentos\\NeuroAds\\LP\\dataconnect": could not find dataconnect.yaml in `c:\Users\claud\OneDrive\Documentos\NeuroAds\LP\dataconnect`
 {"metadata":{"emulator":{"name":"dataconnect"},"message":"E0506 05:58:26.108106   15908 watch.go:40] Failed to load config from \"c:\\\\Users\\\\claud\\\\OneDrive\\\\Documentos\\\\NeuroAds\\\\LP\\\\dataconnect\": could not find dataconnect.yaml in `c:\\Users\\claud\\OneDrive\\Documentos\\NeuroAds\\LP\\dataconnect`\n"}}
[debug] [2026-05-06T08:58:36.136Z] E0506 05:58:36.108123   15908 watch.go:40] Failed to load config from "c:\\Users\\claud\\OneDrive\\Documentos\\NeuroAds\\LP\\dataconnect": could not find dataconnect.yaml in `c:\Users\claud\OneDrive\Documentos\NeuroAds\LP\dataconnect`
 {"metadata":{"emulator":{"name":"dataconnect"},"message":"E0506 05:58:36.108123   15908 watch.go:40] Failed to load config from \"c:\\\\Users\\\\claud\\\\OneDrive\\\\Documentos\\\\NeuroAds\\\\LP\\\\dataconnect\": could not find dataconnect.yaml in `c:\\Users\\claud\\OneDrive\\Documentos\\NeuroAds\\LP\\dataconnect`\n"}}
[debug] [2026-05-06T08:58:46.385Z] E0506 05:58:46.108054   15908 watch.go:40] Failed to load config from "c:\\Users\\claud\\OneDrive\\Documentos\\NeuroAds\\LP\\dataconnect": could not find dataconnect.yaml in `c:\Users\claud\OneDrive\Documentos\NeuroAds\LP\dataconnect`
 {"metadata":{"emulator":{"name":"dataconnect"},"message":"E0506 05:58:46.108054   15908 watch.go:40] Failed to load config from \"c:\\\\Users\\\\claud\\\\OneDrive\\\\Documentos\\\\NeuroAds\\\\LP\\\\dataconnect\": could not find dataconnect.yaml in `c:\\Users\\claud\\OneDrive\\Documentos\\NeuroAds\\LP\\dataconnect`\n"}}
[debug] [2026-05-06T08:58:56.143Z] E0506 05:58:56.108377   15908 watch.go:40] Failed to load config from "c:\\Users\\claud\\OneDrive\\Documentos\\NeuroAds\\LP\\dataconnect": could not find dataconnect.yaml in `c:\Users\claud\OneDrive\Documentos\NeuroAds\LP\dataconnect`
 {"metadata":{"emulator":{"name":"dataconnect"},"message":"E0506 05:58:56.108377   15908 watch.go:40] Failed to load config from \"c:\\\\Users\\\\claud\\\\OneDrive\\\\Documentos\\\\NeuroAds\\\\LP\\\\dataconnect\": could not find dataconnect.yaml in `c:\\Users\\claud\\OneDrive\\Documentos\\NeuroAds\\LP\\dataconnect`\n"}}
[debug] [2026-05-06T08:59:06.119Z] E0506 05:59:06.108219   15908 watch.go:116] watchAllDir unable to walk dir `c:\Users\claud\OneDrive\Documentos\NeuroAds\LP\dataconnect`: GetFileAttributesEx c:\Users\claud\OneDrive\Documentos\NeuroAds\LP\dataconnect: The system cannot find the file specified.
E0506 05:59:06.108219   15908 watch.go:40] Failed to load config from "c:\\Users\\claud\\OneDrive\\Documentos\\NeuroAds\\LP\\dataconnect": could not find dataconnect.yaml in `c:\Users\claud\OneDrive\Documentos\NeuroAds\LP\dataconnect`
 {"metadata":{"emulator":{"name":"dataconnect"},"message":"E0506 05:59:06.108219   15908 watch.go:116] watchAllDir unable to walk dir `c:\\Users\\claud\\OneDrive\\Documentos\\NeuroAds\\LP\\dataconnect`: GetFileAttributesEx c:\\Users\\claud\\OneDrive\\Documentos\\NeuroAds\\LP\\dataconnect: The system cannot find the file specified.\nE0506 05:59:06.108219   15908 watch.go:40] Failed to load config from \"c:\\\\Users\\\\claud\\\\OneDrive\\\\Documentos\\\\NeuroAds\\\\LP\\\\dataconnect\": could not find dataconnect.yaml in `c:\\Users\\claud\\OneDrive\\Documentos\\NeuroAds\\LP\\dataconnect`\n"}}
[debug] [2026-05-06T08:59:16.109Z] E0506 05:59:16.108461   15908 watch.go:40] Failed to load config from "c:\\Users\\claud\\OneDrive\\Documentos\\NeuroAds\\LP\\dataconnect": could not find dataconnect.yaml in `c:\Users\claud\OneDrive\Documentos\NeuroAds\LP\dataconnect`
 {"metadata":{"emulator":{"name":"dataconnect"},"message":"E0506 05:59:16.108461   15908 watch.go:40] Failed to load config from \"c:\\\\Users\\\\claud\\\\OneDrive\\\\Documentos\\\\NeuroAds\\\\LP\\\\dataconnect\": could not find dataconnect.yaml in `c:\\Users\\claud\\OneDrive\\Documentos\\NeuroAds\\LP\\dataconnect`\n"}}
[debug] [2026-05-06T08:59:26.143Z] E0506 05:59:26.108289   15908 watch.go:40] Failed to load config from "c:\\Users\\claud\\OneDrive\\Documentos\\NeuroAds\\LP\\dataconnect": could not find dataconnect.yaml in `c:\Users\claud\OneDrive\Documentos\NeuroAds\LP\dataconnect`
 {"metadata":{"emulator":{"name":"dataconnect"},"message":"E0506 05:59:26.108289   15908 watch.go:40] Failed to load config from \"c:\\\\Users\\\\claud\\\\OneDrive\\\\Documentos\\\\NeuroAds\\\\LP\\\\dataconnect\": could not find dataconnect.yaml in `c:\\Users\\claud\\OneDrive\\Documentos\\NeuroAds\\LP\\dataconnect`\n"}}
[debug] [2026-05-06T08:59:36.226Z] E0506 05:59:36.108242   15908 watch.go:40] Failed to load config from "c:\\Users\\claud\\OneDrive\\Documentos\\NeuroAds\\LP\\dataconnect": could not find dataconnect.yaml in `c:\Users\claud\OneDrive\Documentos\NeuroAds\LP\dataconnect`
 {"metadata":{"emulator":{"name":"dataconnect"},"message":"E0506 05:59:36.108242   15908 watch.go:40] Failed to load config from \"c:\\\\Users\\\\claud\\\\OneDrive\\\\Documentos\\\\NeuroAds\\\\LP\\\\dataconnect\": could not find dataconnect.yaml in `c:\\Users\\claud\\OneDrive\\Documentos\\NeuroAds\\LP\\dataconnect`\n"}}
[debug] [2026-05-06T08:59:46.129Z] E0506 05:59:46.110391   15908 watch.go:40] Failed to load config from "c:\\Users\\claud\\OneDrive\\Documentos\\NeuroAds\\LP\\dataconnect": could not find dataconnect.yaml in `c:\Users\claud\OneDrive\Documentos\NeuroAds\LP\dataconnect`
 {"metadata":{"emulator":{"name":"dataconnect"},"message":"E0506 05:59:46.110391   15908 watch.go:40] Failed to load config from \"c:\\\\Users\\\\claud\\\\OneDrive\\\\Documentos\\\\NeuroAds\\\\LP\\\\dataconnect\": could not find dataconnect.yaml in `c:\\Users\\claud\\OneDrive\\Documentos\\NeuroAds\\LP\\dataconnect`\n"}}
[debug] [2026-05-06T08:59:56.136Z] E0506 05:59:56.108224   15908 watch.go:40] Failed to load config from "c:\\Users\\claud\\OneDrive\\Documentos\\NeuroAds\\LP\\dataconnect": could not find dataconnect.yaml in `c:\Users\claud\OneDrive\Documentos\NeuroAds\LP\dataconnect`
 {"metadata":{"emulator":{"name":"dataconnect"},"message":"E0506 05:59:56.108224   15908 watch.go:40] Failed to load config from \"c:\\\\Users\\\\claud\\\\OneDrive\\\\Documentos\\\\NeuroAds\\\\LP\\\\dataconnect\": could not find dataconnect.yaml in `c:\\Users\\claud\\OneDrive\\Documentos\\NeuroAds\\LP\\dataconnect`\n"}}
[debug] [2026-05-06T09:00:06.108Z] E0506 06:00:06.108458   15908 watch.go:116] watchAllDir unable to walk dir `c:\Users\claud\OneDrive\Documentos\NeuroAds\LP\dataconnect`: GetFileAttributesEx c:\Users\claud\OneDrive\Documentos\NeuroAds\LP\dataconnect: The system cannot find the file specified.
 {"metadata":{"emulator":{"name":"dataconnect"},"message":"E0506 06:00:06.108458   15908 watch.go:116] watchAllDir unable to walk dir `c:\\Users\\claud\\OneDrive\\Documentos\\NeuroAds\\LP\\dataconnect`: GetFileAttributesEx c:\\Users\\claud\\OneDrive\\Documentos\\NeuroAds\\LP\\dataconnect: The system cannot find the file specified.\n"}}
[debug] [2026-05-06T09:00:06.109Z] E0506 06:00:06.108458   15908 watch.go:40] Failed to load config from "c:\\Users\\claud\\OneDrive\\Documentos\\NeuroAds\\LP\\dataconnect": could not find dataconnect.yaml in `c:\Users\claud\OneDrive\Documentos\NeuroAds\LP\dataconnect`
 {"metadata":{"emulator":{"name":"dataconnect"},"message":"E0506 06:00:06.108458   15908 watch.go:40] Failed to load config from \"c:\\\\Users\\\\claud\\\\OneDrive\\\\Documentos\\\\NeuroAds\\\\LP\\\\dataconnect\": could not find dataconnect.yaml in `c:\\Users\\claud\\OneDrive\\Documentos\\NeuroAds\\LP\\dataconnect`\n"}}
[debug] [2026-05-06T09:00:16.126Z] E0506 06:00:16.108349   15908 watch.go:40] Failed to load config from "c:\\Users\\claud\\OneDrive\\Documentos\\NeuroAds\\LP\\dataconnect": could not find dataconnect.yaml in `c:\Users\claud\OneDrive\Documentos\NeuroAds\LP\dataconnect`
 {"metadata":{"emulator":{"name":"dataconnect"},"message":"E0506 06:00:16.108349   15908 watch.go:40] Failed to load config from \"c:\\\\Users\\\\claud\\\\OneDrive\\\\Documentos\\\\NeuroAds\\\\LP\\\\dataconnect\": could not find dataconnect.yaml in `c:\\Users\\claud\\OneDrive\\Documentos\\NeuroAds\\LP\\dataconnect`\n"}}
[debug] [2026-05-06T09:00:26.129Z] E0506 06:00:26.108642   15908 watch.go:40] Failed to load config from "c:\\Users\\claud\\OneDrive\\Documentos\\NeuroAds\\LP\\dataconnect": could not find dataconnect.yaml in `c:\Users\claud\OneDrive\Documentos\NeuroAds\LP\dataconnect`
 {"metadata":{"emulator":{"name":"dataconnect"},"message":"E0506 06:00:26.108642   15908 watch.go:40] Failed to load config from \"c:\\\\Users\\\\claud\\\\OneDrive\\\\Documentos\\\\NeuroAds\\\\LP\\\\dataconnect\": could not find dataconnect.yaml in `c:\\Users\\claud\\OneDrive\\Documentos\\NeuroAds\\LP\\dataconnect`\n"}}
[debug] [2026-05-06T09:00:36.155Z] E0506 06:00:36.107997   15908 watch.go:40] Failed to load config from "c:\\Users\\claud\\OneDrive\\Documentos\\NeuroAds\\LP\\dataconnect": could not find dataconnect.yaml in `c:\Users\claud\OneDrive\Documentos\NeuroAds\LP\dataconnect`
 {"metadata":{"emulator":{"name":"dataconnect"},"message":"E0506 06:00:36.107997   15908 watch.go:40] Failed to load config from \"c:\\\\Users\\\\claud\\\\OneDrive\\\\Documentos\\\\NeuroAds\\\\LP\\\\dataconnect\": could not find dataconnect.yaml in `c:\\Users\\claud\\OneDrive\\Documentos\\NeuroAds\\LP\\dataconnect`\n"}}
[debug] [2026-05-06T09:00:46.124Z] E0506 06:00:46.108851   15908 watch.go:40] Failed to load config from "c:\\Users\\claud\\OneDrive\\Documentos\\NeuroAds\\LP\\dataconnect": could not find dataconnect.yaml in `c:\Users\claud\OneDrive\Documentos\NeuroAds\LP\dataconnect`
 {"metadata":{"emulator":{"name":"dataconnect"},"message":"E0506 06:00:46.108851   15908 watch.go:40] Failed to load config from \"c:\\\\Users\\\\claud\\\\OneDrive\\\\Documentos\\\\NeuroAds\\\\LP\\\\dataconnect\": could not find dataconnect.yaml in `c:\\Users\\claud\\OneDrive\\Documentos\\NeuroAds\\LP\\dataconnect`\n"}}
[debug] [2026-05-06T09:00:56.115Z] E0506 06:00:56.108386   15908 watch.go:40] Failed to load config from "c:\\Users\\claud\\OneDrive\\Documentos\\NeuroAds\\LP\\dataconnect": could not find dataconnect.yaml in `c:\Users\claud\OneDrive\Documentos\NeuroAds\LP\dataconnect`
 {"metadata":{"emulator":{"name":"dataconnect"},"message":"E0506 06:00:56.108386   15908 watch.go:40] Failed to load config from \"c:\\\\Users\\\\claud\\\\OneDrive\\\\Documentos\\\\NeuroAds\\\\LP\\\\dataconnect\": could not find dataconnect.yaml in `c:\\Users\\claud\\OneDrive\\Documentos\\NeuroAds\\LP\\dataconnect`\n"}}
[debug] [2026-05-06T09:01:06.134Z] E0506 06:01:06.108423   15908 watch.go:116] watchAllDir unable to walk dir `c:\Users\claud\OneDrive\Documentos\NeuroAds\LP\dataconnect`: GetFileAttributesEx c:\Users\claud\OneDrive\Documentos\NeuroAds\LP\dataconnect: The system cannot find the file specified.
E0506 06:01:06.108423   15908 watch.go:40] Failed to load config from "c:\\Users\\claud\\OneDrive\\Documentos\\NeuroAds\\LP\\dataconnect": could not find dataconnect.yaml in `c:\Users\claud\OneDrive\Documentos\NeuroAds\LP\dataconnect`
 {"metadata":{"emulator":{"name":"dataconnect"},"message":"E0506 06:01:06.108423   15908 watch.go:116] watchAllDir unable to walk dir `c:\\Users\\claud\\OneDrive\\Documentos\\NeuroAds\\LP\\dataconnect`: GetFileAttributesEx c:\\Users\\claud\\OneDrive\\Documentos\\NeuroAds\\LP\\dataconnect: The system cannot find the file specified.\nE0506 06:01:06.108423   15908 watch.go:40] Failed to load config from \"c:\\\\Users\\\\claud\\\\OneDrive\\\\Documentos\\\\NeuroAds\\\\LP\\\\dataconnect\": could not find dataconnect.yaml in `c:\\Users\\claud\\OneDrive\\Documentos\\NeuroAds\\LP\\dataconnect`\n"}}
[debug] [2026-05-06T09:01:16.112Z] E0506 06:01:16.109955   15908 watch.go:40] Failed to load config from "c:\\Users\\claud\\OneDrive\\Documentos\\NeuroAds\\LP\\dataconnect": could not find dataconnect.yaml in `c:\Users\claud\OneDrive\Documentos\NeuroAds\LP\dataconnect`
 {"metadata":{"emulator":{"name":"dataconnect"},"message":"E0506 06:01:16.109955   15908 watch.go:40] Failed to load config from \"c:\\\\Users\\\\claud\\\\OneDrive\\\\Documentos\\\\NeuroAds\\\\LP\\\\dataconnect\": could not find dataconnect.yaml in `c:\\Users\\claud\\OneDrive\\Documentos\\NeuroAds\\LP\\dataconnect`\n"}}
[debug] [2026-05-06T09:01:26.117Z] E0506 06:01:26.108801   15908 watch.go:40] Failed to load config from "c:\\Users\\claud\\OneDrive\\Documentos\\NeuroAds\\LP\\dataconnect": could not find dataconnect.yaml in `c:\Users\claud\OneDrive\Documentos\NeuroAds\LP\dataconnect`
 {"metadata":{"emulator":{"name":"dataconnect"},"message":"E0506 06:01:26.108801   15908 watch.go:40] Failed to load config from \"c:\\\\Users\\\\claud\\\\OneDrive\\\\Documentos\\\\NeuroAds\\\\LP\\\\dataconnect\": could not find dataconnect.yaml in `c:\\Users\\claud\\OneDrive\\Documentos\\NeuroAds\\LP\\dataconnect`\n"}}
[debug] [2026-05-06T09:01:36.144Z] E0506 06:01:36.107989   15908 watch.go:40] Failed to load config from "c:\\Users\\claud\\OneDrive\\Documentos\\NeuroAds\\LP\\dataconnect": could not find dataconnect.yaml in `c:\Users\claud\OneDrive\Documentos\NeuroAds\LP\dataconnect`
 {"metadata":{"emulator":{"name":"dataconnect"},"message":"E0506 06:01:36.107989   15908 watch.go:40] Failed to load config from \"c:\\\\Users\\\\claud\\\\OneDrive\\\\Documentos\\\\NeuroAds\\\\LP\\\\dataconnect\": could not find dataconnect.yaml in `c:\\Users\\claud\\OneDrive\\Documentos\\NeuroAds\\LP\\dataconnect`\n"}}
[debug] [2026-05-06T09:01:46.111Z] E0506 06:01:46.108230   15908 watch.go:40] Failed to load config from "c:\\Users\\claud\\OneDrive\\Documentos\\NeuroAds\\LP\\dataconnect": could not find dataconnect.yaml in `c:\Users\claud\OneDrive\Documentos\NeuroAds\LP\dataconnect`
 {"metadata":{"emulator":{"name":"dataconnect"},"message":"E0506 06:01:46.108230   15908 watch.go:40] Failed to load config from \"c:\\\\Users\\\\claud\\\\OneDrive\\\\Documentos\\\\NeuroAds\\\\LP\\\\dataconnect\": could not find dataconnect.yaml in `c:\\Users\\claud\\OneDrive\\Documentos\\NeuroAds\\LP\\dataconnect`\n"}}
[debug] [2026-05-06T09:01:56.118Z] E0506 06:01:56.107954   15908 watch.go:40] Failed to load config from "c:\\Users\\claud\\OneDrive\\Documentos\\NeuroAds\\LP\\dataconnect": could not find dataconnect.yaml in `c:\Users\claud\OneDrive\Documentos\NeuroAds\LP\dataconnect`
 {"metadata":{"emulator":{"name":"dataconnect"},"message":"E0506 06:01:56.107954   15908 watch.go:40] Failed to load config from \"c:\\\\Users\\\\claud\\\\OneDrive\\\\Documentos\\\\NeuroAds\\\\LP\\\\dataconnect\": could not find dataconnect.yaml in `c:\\Users\\claud\\OneDrive\\Documentos\\NeuroAds\\LP\\dataconnect`\n"}}
[debug] [2026-05-06T09:02:06.126Z] E0506 06:02:06.108292   15908 watch.go:116] watchAllDir unable to walk dir `c:\Users\claud\OneDrive\Documentos\NeuroAds\LP\dataconnect`: GetFileAttributesEx c:\Users\claud\OneDrive\Documentos\NeuroAds\LP\dataconnect: The system cannot find the file specified.
E0506 06:02:06.108292   15908 watch.go:40] Failed to load config from "c:\\Users\\claud\\OneDrive\\Documentos\\NeuroAds\\LP\\dataconnect": could not find dataconnect.yaml in `c:\Users\claud\OneDrive\Documentos\NeuroAds\LP\dataconnect`
 {"metadata":{"emulator":{"name":"dataconnect"},"message":"E0506 06:02:06.108292   15908 watch.go:116] watchAllDir unable to walk dir `c:\\Users\\claud\\OneDrive\\Documentos\\NeuroAds\\LP\\dataconnect`: GetFileAttributesEx c:\\Users\\claud\\OneDrive\\Documentos\\NeuroAds\\LP\\dataconnect: The system cannot find the file specified.\nE0506 06:02:06.108292   15908 watch.go:40] Failed to load config from \"c:\\\\Users\\\\claud\\\\OneDrive\\\\Documentos\\\\NeuroAds\\\\LP\\\\dataconnect\": could not find dataconnect.yaml in `c:\\Users\\claud\\OneDrive\\Documentos\\NeuroAds\\LP\\dataconnect`\n"}}
[debug] [2026-05-06T09:02:16.108Z] E0506 06:02:16.108245   15908 watch.go:40] Failed to load config from "c:\\Users\\claud\\OneDrive\\Documentos\\NeuroAds\\LP\\dataconnect": could not find dataconnect.yaml in `c:\Users\claud\OneDrive\Documentos\NeuroAds\LP\dataconnect`
 {"metadata":{"emulator":{"name":"dataconnect"},"message":"E0506 06:02:16.108245   15908 watch.go:40] Failed to load config from \"c:\\\\Users\\\\claud\\\\OneDrive\\\\Documentos\\\\NeuroAds\\\\LP\\\\dataconnect\": could not find dataconnect.yaml in `c:\\Users\\claud\\OneDrive\\Documentos\\NeuroAds\\LP\\dataconnect`\n"}}
[debug] [2026-05-06T09:02:26.133Z] E0506 06:02:26.108004   15908 watch.go:40] Failed to load config from "c:\\Users\\claud\\OneDrive\\Documentos\\NeuroAds\\LP\\dataconnect": could not find dataconnect.yaml in `c:\Users\claud\OneDrive\Documentos\NeuroAds\LP\dataconnect`
 {"metadata":{"emulator":{"name":"dataconnect"},"message":"E0506 06:02:26.108004   15908 watch.go:40] Failed to load config from \"c:\\\\Users\\\\claud\\\\OneDrive\\\\Documentos\\\\NeuroAds\\\\LP\\\\dataconnect\": could not find dataconnect.yaml in `c:\\Users\\claud\\OneDrive\\Documentos\\NeuroAds\\LP\\dataconnect`\n"}}
[debug] [2026-05-06T09:02:36.149Z] E0506 06:02:36.107937   15908 watch.go:40] Failed to load config from "c:\\Users\\claud\\OneDrive\\Documentos\\NeuroAds\\LP\\dataconnect": could not find dataconnect.yaml in `c:\Users\claud\OneDrive\Documentos\NeuroAds\LP\dataconnect`
 {"metadata":{"emulator":{"name":"dataconnect"},"message":"E0506 06:02:36.107937   15908 watch.go:40] Failed to load config from \"c:\\\\Users\\\\claud\\\\OneDrive\\\\Documentos\\\\NeuroAds\\\\LP\\\\dataconnect\": could not find dataconnect.yaml in `c:\\Users\\claud\\OneDrive\\Documentos\\NeuroAds\\LP\\dataconnect`\n"}}
[debug] [2026-05-06T09:02:46.113Z] E0506 06:02:46.108119   15908 watch.go:40] Failed to load config from "c:\\Users\\claud\\OneDrive\\Documentos\\NeuroAds\\LP\\dataconnect": could not find dataconnect.yaml in `c:\Users\claud\OneDrive\Documentos\NeuroAds\LP\dataconnect`
 {"metadata":{"emulator":{"name":"dataconnect"},"message":"E0506 06:02:46.108119   15908 watch.go:40] Failed to load config from \"c:\\\\Users\\\\claud\\\\OneDrive\\\\Documentos\\\\NeuroAds\\\\LP\\\\dataconnect\": could not find dataconnect.yaml in `c:\\Users\\claud\\OneDrive\\Documentos\\NeuroAds\\LP\\dataconnect`\n"}}
[debug] [2026-05-06T09:02:56.119Z] E0506 06:02:56.108165   15908 watch.go:40] Failed to load config from "c:\\Users\\claud\\OneDrive\\Documentos\\NeuroAds\\LP\\dataconnect": could not find dataconnect.yaml in `c:\Users\claud\OneDrive\Documentos\NeuroAds\LP\dataconnect`
 {"metadata":{"emulator":{"name":"dataconnect"},"message":"E0506 06:02:56.108165   15908 watch.go:40] Failed to load config from \"c:\\\\Users\\\\claud\\\\OneDrive\\\\Documentos\\\\NeuroAds\\\\LP\\\\dataconnect\": could not find dataconnect.yaml in `c:\\Users\\claud\\OneDrive\\Documentos\\NeuroAds\\LP\\dataconnect`\n"}}
[debug] [2026-05-06T09:03:06.154Z] E0506 06:03:06.108117   15908 watch.go:116] watchAllDir unable to walk dir `c:\Users\claud\OneDrive\Documentos\NeuroAds\LP\dataconnect`: GetFileAttributesEx c:\Users\claud\OneDrive\Documentos\NeuroAds\LP\dataconnect: The system cannot find the file specified.
E0506 06:03:06.108117   15908 watch.go:40] Failed to load config from "c:\\Users\\claud\\OneDrive\\Documentos\\NeuroAds\\LP\\dataconnect": could not find dataconnect.yaml in `c:\Users\claud\OneDrive\Documentos\NeuroAds\LP\dataconnect`
 {"metadata":{"emulator":{"name":"dataconnect"},"message":"E0506 06:03:06.108117   15908 watch.go:116] watchAllDir unable to walk dir `c:\\Users\\claud\\OneDrive\\Documentos\\NeuroAds\\LP\\dataconnect`: GetFileAttributesEx c:\\Users\\claud\\OneDrive\\Documentos\\NeuroAds\\LP\\dataconnect: The system cannot find the file specified.\nE0506 06:03:06.108117   15908 watch.go:40] Failed to load config from \"c:\\\\Users\\\\claud\\\\OneDrive\\\\Documentos\\\\NeuroAds\\\\LP\\\\dataconnect\": could not find dataconnect.yaml in `c:\\Users\\claud\\OneDrive\\Documentos\\NeuroAds\\LP\\dataconnect`\n"}}
[debug] [2026-05-06T09:03:16.134Z] E0506 06:03:16.108069   15908 watch.go:40] Failed to load config from "c:\\Users\\claud\\OneDrive\\Documentos\\NeuroAds\\LP\\dataconnect": could not find dataconnect.yaml in `c:\Users\claud\OneDrive\Documentos\NeuroAds\LP\dataconnect`
 {"metadata":{"emulator":{"name":"dataconnect"},"message":"E0506 06:03:16.108069   15908 watch.go:40] Failed to load config from \"c:\\\\Users\\\\claud\\\\OneDrive\\\\Documentos\\\\NeuroAds\\\\LP\\\\dataconnect\": could not find dataconnect.yaml in `c:\\Users\\claud\\OneDrive\\Documentos\\NeuroAds\\LP\\dataconnect`\n"}}
[debug] [2026-05-06T09:03:26.130Z] E0506 06:03:26.108372   15908 watch.go:40] Failed to load config from "c:\\Users\\claud\\OneDrive\\Documentos\\NeuroAds\\LP\\dataconnect": could not find dataconnect.yaml in `c:\Users\claud\OneDrive\Documentos\NeuroAds\LP\dataconnect`
 {"metadata":{"emulator":{"name":"dataconnect"},"message":"E0506 06:03:26.108372   15908 watch.go:40] Failed to load config from \"c:\\\\Users\\\\claud\\\\OneDrive\\\\Documentos\\\\NeuroAds\\\\LP\\\\dataconnect\": could not find dataconnect.yaml in `c:\\Users\\claud\\OneDrive\\Documentos\\NeuroAds\\LP\\dataconnect`\n"}}
[debug] [2026-05-06T09:03:36.115Z] E0506 06:03:36.108025   15908 watch.go:40] Failed to load config from "c:\\Users\\claud\\OneDrive\\Documentos\\NeuroAds\\LP\\dataconnect": could not find dataconnect.yaml in `c:\Users\claud\OneDrive\Documentos\NeuroAds\LP\dataconnect`
 {"metadata":{"emulator":{"name":"dataconnect"},"message":"E0506 06:03:36.108025   15908 watch.go:40] Failed to load config from \"c:\\\\Users\\\\claud\\\\OneDrive\\\\Documentos\\\\NeuroAds\\\\LP\\\\dataconnect\": could not find dataconnect.yaml in `c:\\Users\\claud\\OneDrive\\Documentos\\NeuroAds\\LP\\dataconnect`\n"}}
[debug] [2026-05-06T09:03:46.150Z] E0506 06:03:46.108045   15908 watch.go:40] Failed to load config from "c:\\Users\\claud\\OneDrive\\Documentos\\NeuroAds\\LP\\dataconnect": could not find dataconnect.yaml in `c:\Users\claud\OneDrive\Documentos\NeuroAds\LP\dataconnect`
 {"metadata":{"emulator":{"name":"dataconnect"},"message":"E0506 06:03:46.108045   15908 watch.go:40] Failed to load config from \"c:\\\\Users\\\\claud\\\\OneDrive\\\\Documentos\\\\NeuroAds\\\\LP\\\\dataconnect\": could not find dataconnect.yaml in `c:\\Users\\claud\\OneDrive\\Documentos\\NeuroAds\\LP\\dataconnect`\n"}}
[debug] [2026-05-06T09:03:56.132Z] E0506 06:03:56.108511   15908 watch.go:40] Failed to load config from "c:\\Users\\claud\\OneDrive\\Documentos\\NeuroAds\\LP\\dataconnect": could not find dataconnect.yaml in `c:\Users\claud\OneDrive\Documentos\NeuroAds\LP\dataconnect`
 {"metadata":{"emulator":{"name":"dataconnect"},"message":"E0506 06:03:56.108511   15908 watch.go:40] Failed to load config from \"c:\\\\Users\\\\claud\\\\OneDrive\\\\Documentos\\\\NeuroAds\\\\LP\\\\dataconnect\": could not find dataconnect.yaml in `c:\\Users\\claud\\OneDrive\\Documentos\\NeuroAds\\LP\\dataconnect`\n"}}
[debug] [2026-05-06T09:04:06.116Z] E0506 06:04:06.108381   15908 watch.go:116] watchAllDir unable to walk dir `c:\Users\claud\OneDrive\Documentos\NeuroAds\LP\dataconnect`: GetFileAttributesEx c:\Users\claud\OneDrive\Documentos\NeuroAds\LP\dataconnect: The system cannot find the file specified.
E0506 06:04:06.108381   15908 watch.go:40] Failed to load config from "c:\\Users\\claud\\OneDrive\\Documentos\\NeuroAds\\LP\\dataconnect": could not find dataconnect.yaml in `c:\Users\claud\OneDrive\Documentos\NeuroAds\LP\dataconnect`
 {"metadata":{"emulator":{"name":"dataconnect"},"message":"E0506 06:04:06.108381   15908 watch.go:116] watchAllDir unable to walk dir `c:\\Users\\claud\\OneDrive\\Documentos\\NeuroAds\\LP\\dataconnect`: GetFileAttributesEx c:\\Users\\claud\\OneDrive\\Documentos\\NeuroAds\\LP\\dataconnect: The system cannot find the file specified.\nE0506 06:04:06.108381   15908 watch.go:40] Failed to load config from \"c:\\\\Users\\\\claud\\\\OneDrive\\\\Documentos\\\\NeuroAds\\\\LP\\\\dataconnect\": could not find dataconnect.yaml in `c:\\Users\\claud\\OneDrive\\Documentos\\NeuroAds\\LP\\dataconnect`\n"}}
[debug] [2026-05-06T09:04:16.108Z] E0506 06:04:16.108089   15908 watch.go:40] Failed to load config from "c:\\Users\\claud\\OneDrive\\Documentos\\NeuroAds\\LP\\dataconnect": could not find dataconnect.yaml in `c:\Users\claud\OneDrive\Documentos\NeuroAds\LP\dataconnect`
 {"metadata":{"emulator":{"name":"dataconnect"},"message":"E0506 06:04:16.108089   15908 watch.go:40] Failed to load config from \"c:\\\\Users\\\\claud\\\\OneDrive\\\\Documentos\\\\NeuroAds\\\\LP\\\\dataconnect\": could not find dataconnect.yaml in `c:\\Users\\claud\\OneDrive\\Documentos\\NeuroAds\\LP\\dataconnect`\n"}}
[debug] [2026-05-06T09:04:26.149Z] E0506 06:04:26.108026   15908 watch.go:40] Failed to load config from "c:\\Users\\claud\\OneDrive\\Documentos\\NeuroAds\\LP\\dataconnect": could not find dataconnect.yaml in `c:\Users\claud\OneDrive\Documentos\NeuroAds\LP\dataconnect`
 {"metadata":{"emulator":{"name":"dataconnect"},"message":"E0506 06:04:26.108026   15908 watch.go:40] Failed to load config from \"c:\\\\Users\\\\claud\\\\OneDrive\\\\Documentos\\\\NeuroAds\\\\LP\\\\dataconnect\": could not find dataconnect.yaml in `c:\\Users\\claud\\OneDrive\\Documentos\\NeuroAds\\LP\\dataconnect`\n"}}
[debug] [2026-05-06T09:04:36.170Z] E0506 06:04:36.108208   15908 watch.go:40] Failed to load config from "c:\\Users\\claud\\OneDrive\\Documentos\\NeuroAds\\LP\\dataconnect": could not find dataconnect.yaml in `c:\Users\claud\OneDrive\Documentos\NeuroAds\LP\dataconnect`
 {"metadata":{"emulator":{"name":"dataconnect"},"message":"E0506 06:04:36.108208   15908 watch.go:40] Failed to load config from \"c:\\\\Users\\\\claud\\\\OneDrive\\\\Documentos\\\\NeuroAds\\\\LP\\\\dataconnect\": could not find dataconnect.yaml in `c:\\Users\\claud\\OneDrive\\Documentos\\NeuroAds\\LP\\dataconnect`\n"}}
[debug] [2026-05-06T09:04:46.148Z] E0506 06:04:46.108447   15908 watch.go:40] Failed to load config from "c:\\Users\\claud\\OneDrive\\Documentos\\NeuroAds\\LP\\dataconnect": could not find dataconnect.yaml in `c:\Users\claud\OneDrive\Documentos\NeuroAds\LP\dataconnect`
 {"metadata":{"emulator":{"name":"dataconnect"},"message":"E0506 06:04:46.108447   15908 watch.go:40] Failed to load config from \"c:\\\\Users\\\\claud\\\\OneDrive\\\\Documentos\\\\NeuroAds\\\\LP\\\\dataconnect\": could not find dataconnect.yaml in `c:\\Users\\claud\\OneDrive\\Documentos\\NeuroAds\\LP\\dataconnect`\n"}}
[debug] [2026-05-06T09:04:56.147Z] E0506 06:04:56.108423   15908 watch.go:40] Failed to load config from "c:\\Users\\claud\\OneDrive\\Documentos\\NeuroAds\\LP\\dataconnect": could not find dataconnect.yaml in `c:\Users\claud\OneDrive\Documentos\NeuroAds\LP\dataconnect`
 {"metadata":{"emulator":{"name":"dataconnect"},"message":"E0506 06:04:56.108423   15908 watch.go:40] Failed to load config from \"c:\\\\Users\\\\claud\\\\OneDrive\\\\Documentos\\\\NeuroAds\\\\LP\\\\dataconnect\": could not find dataconnect.yaml in `c:\\Users\\claud\\OneDrive\\Documentos\\NeuroAds\\LP\\dataconnect`\n"}}
[debug] [2026-05-06T09:05:06.124Z] E0506 06:05:06.108050   15908 watch.go:116] watchAllDir unable to walk dir `c:\Users\claud\OneDrive\Documentos\NeuroAds\LP\dataconnect`: GetFileAttributesEx c:\Users\claud\OneDrive\Documentos\NeuroAds\LP\dataconnect: The system cannot find the file specified.
E0506 06:05:06.108562   15908 watch.go:40] Failed to load config from "c:\\Users\\claud\\OneDrive\\Documentos\\NeuroAds\\LP\\dataconnect": could not find dataconnect.yaml in `c:\Users\claud\OneDrive\Documentos\NeuroAds\LP\dataconnect`
 {"metadata":{"emulator":{"name":"dataconnect"},"message":"E0506 06:05:06.108050   15908 watch.go:116] watchAllDir unable to walk dir `c:\\Users\\claud\\OneDrive\\Documentos\\NeuroAds\\LP\\dataconnect`: GetFileAttributesEx c:\\Users\\claud\\OneDrive\\Documentos\\NeuroAds\\LP\\dataconnect: The system cannot find the file specified.\nE0506 06:05:06.108562   15908 watch.go:40] Failed to load config from \"c:\\\\Users\\\\claud\\\\OneDrive\\\\Documentos\\\\NeuroAds\\\\LP\\\\dataconnect\": could not find dataconnect.yaml in `c:\\Users\\claud\\OneDrive\\Documentos\\NeuroAds\\LP\\dataconnect`\n"}}
[debug] [2026-05-06T09:05:16.135Z] E0506 06:05:16.108285   15908 watch.go:40] Failed to load config from "c:\\Users\\claud\\OneDrive\\Documentos\\NeuroAds\\LP\\dataconnect": could not find dataconnect.yaml in `c:\Users\claud\OneDrive\Documentos\NeuroAds\LP\dataconnect`
 {"metadata":{"emulator":{"name":"dataconnect"},"message":"E0506 06:05:16.108285   15908 watch.go:40] Failed to load config from \"c:\\\\Users\\\\claud\\\\OneDrive\\\\Documentos\\\\NeuroAds\\\\LP\\\\dataconnect\": could not find dataconnect.yaml in `c:\\Users\\claud\\OneDrive\\Documentos\\NeuroAds\\LP\\dataconnect`\n"}}
[debug] [2026-05-06T09:05:26.145Z] E0506 06:05:26.108249   15908 watch.go:40] Failed to load config from "c:\\Users\\claud\\OneDrive\\Documentos\\NeuroAds\\LP\\dataconnect": could not find dataconnect.yaml in `c:\Users\claud\OneDrive\Documentos\NeuroAds\LP\dataconnect`
 {"metadata":{"emulator":{"name":"dataconnect"},"message":"E0506 06:05:26.108249   15908 watch.go:40] Failed to load config from \"c:\\\\Users\\\\claud\\\\OneDrive\\\\Documentos\\\\NeuroAds\\\\LP\\\\dataconnect\": could not find dataconnect.yaml in `c:\\Users\\claud\\OneDrive\\Documentos\\NeuroAds\\LP\\dataconnect`\n"}}
[debug] [2026-05-06T09:05:36.152Z] E0506 06:05:36.108412   15908 watch.go:40] Failed to load config from "c:\\Users\\claud\\OneDrive\\Documentos\\NeuroAds\\LP\\dataconnect": could not find dataconnect.yaml in `c:\Users\claud\OneDrive\Documentos\NeuroAds\LP\dataconnect`
 {"metadata":{"emulator":{"name":"dataconnect"},"message":"E0506 06:05:36.108412   15908 watch.go:40] Failed to load config from \"c:\\\\Users\\\\claud\\\\OneDrive\\\\Documentos\\\\NeuroAds\\\\LP\\\\dataconnect\": could not find dataconnect.yaml in `c:\\Users\\claud\\OneDrive\\Documentos\\NeuroAds\\LP\\dataconnect`\n"}}
[debug] [2026-05-06T09:05:46.108Z] E0506 06:05:46.108062   15908 watch.go:40] Failed to load config from "c:\\Users\\claud\\OneDrive\\Documentos\\NeuroAds\\LP\\dataconnect": could not find dataconnect.yaml in `c:\Users\claud\OneDrive\Documentos\NeuroAds\LP\dataconnect`
 {"metadata":{"emulator":{"name":"dataconnect"},"message":"E0506 06:05:46.108062   15908 watch.go:40] Failed to load config from \"c:\\\\Users\\\\claud\\\\OneDrive\\\\Documentos\\\\NeuroAds\\\\LP\\\\dataconnect\": could not find dataconnect.yaml in `c:\\Users\\claud\\OneDrive\\Documentos\\NeuroAds\\LP\\dataconnect`\n"}}
[debug] [2026-05-06T09:05:56.114Z] E0506 06:05:56.108462   15908 watch.go:40] Failed to load config from "c:\\Users\\claud\\OneDrive\\Documentos\\NeuroAds\\LP\\dataconnect": could not find dataconnect.yaml in `c:\Users\claud\OneDrive\Documentos\NeuroAds\LP\dataconnect`
 {"metadata":{"emulator":{"name":"dataconnect"},"message":"E0506 06:05:56.108462   15908 watch.go:40] Failed to load config from \"c:\\\\Users\\\\claud\\\\OneDrive\\\\Documentos\\\\NeuroAds\\\\LP\\\\dataconnect\": could not find dataconnect.yaml in `c:\\Users\\claud\\OneDrive\\Documentos\\NeuroAds\\LP\\dataconnect`\n"}}
[debug] [2026-05-06T09:06:06.151Z] E0506 06:06:06.108785   15908 watch.go:116] watchAllDir unable to walk dir `c:\Users\claud\OneDrive\Documentos\NeuroAds\LP\dataconnect`: GetFileAttributesEx c:\Users\claud\OneDrive\Documentos\NeuroAds\LP\dataconnect: The system cannot find the file specified.
E0506 06:06:06.108785   15908 watch.go:40] Failed to load config from "c:\\Users\\claud\\OneDrive\\Documentos\\NeuroAds\\LP\\dataconnect": could not find dataconnect.yaml in `c:\Users\claud\OneDrive\Documentos\NeuroAds\LP\dataconnect`
 {"metadata":{"emulator":{"name":"dataconnect"},"message":"E0506 06:06:06.108785   15908 watch.go:116] watchAllDir unable to walk dir `c:\\Users\\claud\\OneDrive\\Documentos\\NeuroAds\\LP\\dataconnect`: GetFileAttributesEx c:\\Users\\claud\\OneDrive\\Documentos\\NeuroAds\\LP\\dataconnect: The system cannot find the file specified.\nE0506 06:06:06.108785   15908 watch.go:40] Failed to load config from \"c:\\\\Users\\\\claud\\\\OneDrive\\\\Documentos\\\\NeuroAds\\\\LP\\\\dataconnect\": could not find dataconnect.yaml in `c:\\Users\\claud\\OneDrive\\Documentos\\NeuroAds\\LP\\dataconnect`\n"}}
[debug] [2026-05-06T09:06:16.125Z] E0506 06:06:16.108956   15908 watch.go:40] Failed to load config from "c:\\Users\\claud\\OneDrive\\Documentos\\NeuroAds\\LP\\dataconnect": could not find dataconnect.yaml in `c:\Users\claud\OneDrive\Documentos\NeuroAds\LP\dataconnect`
 {"metadata":{"emulator":{"name":"dataconnect"},"message":"E0506 06:06:16.108956   15908 watch.go:40] Failed to load config from \"c:\\\\Users\\\\claud\\\\OneDrive\\\\Documentos\\\\NeuroAds\\\\LP\\\\dataconnect\": could not find dataconnect.yaml in `c:\\Users\\claud\\OneDrive\\Documentos\\NeuroAds\\LP\\dataconnect`\n"}}
[debug] [2026-05-06T09:06:26.120Z] E0506 06:06:26.108370   15908 watch.go:40] Failed to load config from "c:\\Users\\claud\\OneDrive\\Documentos\\NeuroAds\\LP\\dataconnect": could not find dataconnect.yaml in `c:\Users\claud\OneDrive\Documentos\NeuroAds\LP\dataconnect`
 {"metadata":{"emulator":{"name":"dataconnect"},"message":"E0506 06:06:26.108370   15908 watch.go:40] Failed to load config from \"c:\\\\Users\\\\claud\\\\OneDrive\\\\Documentos\\\\NeuroAds\\\\LP\\\\dataconnect\": could not find dataconnect.yaml in `c:\\Users\\claud\\OneDrive\\Documentos\\NeuroAds\\LP\\dataconnect`\n"}}
[debug] [2026-05-06T09:06:36.145Z] E0506 06:06:36.108062   15908 watch.go:40] Failed to load config from "c:\\Users\\claud\\OneDrive\\Documentos\\NeuroAds\\LP\\dataconnect": could not find dataconnect.yaml in `c:\Users\claud\OneDrive\Documentos\NeuroAds\LP\dataconnect`
 {"metadata":{"emulator":{"name":"dataconnect"},"message":"E0506 06:06:36.108062   15908 watch.go:40] Failed to load config from \"c:\\\\Users\\\\claud\\\\OneDrive\\\\Documentos\\\\NeuroAds\\\\LP\\\\dataconnect\": could not find dataconnect.yaml in `c:\\Users\\claud\\OneDrive\\Documentos\\NeuroAds\\LP\\dataconnect`\n"}}
[debug] [2026-05-06T09:06:46.114Z] E0506 06:06:46.109042   15908 watch.go:40] Failed to load config from "c:\\Users\\claud\\OneDrive\\Documentos\\NeuroAds\\LP\\dataconnect": could not find dataconnect.yaml in `c:\Users\claud\OneDrive\Documentos\NeuroAds\LP\dataconnect`
 {"metadata":{"emulator":{"name":"dataconnect"},"message":"E0506 06:06:46.109042   15908 watch.go:40] Failed to load config from \"c:\\\\Users\\\\claud\\\\OneDrive\\\\Documentos\\\\NeuroAds\\\\LP\\\\dataconnect\": could not find dataconnect.yaml in `c:\\Users\\claud\\OneDrive\\Documentos\\NeuroAds\\LP\\dataconnect`\n"}}
[debug] [2026-05-06T09:06:56.117Z] E0506 06:06:56.108267   15908 watch.go:40] Failed to load config from "c:\\Users\\claud\\OneDrive\\Documentos\\NeuroAds\\LP\\dataconnect": could not find dataconnect.yaml in `c:\Users\claud\OneDrive\Documentos\NeuroAds\LP\dataconnect`
 {"metadata":{"emulator":{"name":"dataconnect"},"message":"E0506 06:06:56.108267   15908 watch.go:40] Failed to load config from \"c:\\\\Users\\\\claud\\\\OneDrive\\\\Documentos\\\\NeuroAds\\\\LP\\\\dataconnect\": could not find dataconnect.yaml in `c:\\Users\\claud\\OneDrive\\Documentos\\NeuroAds\\LP\\dataconnect`\n"}}
[debug] [2026-05-06T09:07:06.123Z] E0506 06:07:06.108205   15908 watch.go:116] watchAllDir unable to walk dir `c:\Users\claud\OneDrive\Documentos\NeuroAds\LP\dataconnect`: GetFileAttributesEx c:\Users\claud\OneDrive\Documentos\NeuroAds\LP\dataconnect: The system cannot find the file specified.
E0506 06:07:06.108639   15908 watch.go:40] Failed to load config from "c:\\Users\\claud\\OneDrive\\Documentos\\NeuroAds\\LP\\dataconnect": could not find dataconnect.yaml in `c:\Users\claud\OneDrive\Documentos\NeuroAds\LP\dataconnect`
 {"metadata":{"emulator":{"name":"dataconnect"},"message":"E0506 06:07:06.108205   15908 watch.go:116] watchAllDir unable to walk dir `c:\\Users\\claud\\OneDrive\\Documentos\\NeuroAds\\LP\\dataconnect`: GetFileAttributesEx c:\\Users\\claud\\OneDrive\\Documentos\\NeuroAds\\LP\\dataconnect: The system cannot find the file specified.\nE0506 06:07:06.108639   15908 watch.go:40] Failed to load config from \"c:\\\\Users\\\\claud\\\\OneDrive\\\\Documentos\\\\NeuroAds\\\\LP\\\\dataconnect\": could not find dataconnect.yaml in `c:\\Users\\claud\\OneDrive\\Documentos\\NeuroAds\\LP\\dataconnect`\n"}}
[debug] [2026-05-06T09:07:16.146Z] E0506 06:07:16.108525   15908 watch.go:40] Failed to load config from "c:\\Users\\claud\\OneDrive\\Documentos\\NeuroAds\\LP\\dataconnect": could not find dataconnect.yaml in `c:\Users\claud\OneDrive\Documentos\NeuroAds\LP\dataconnect`
 {"metadata":{"emulator":{"name":"dataconnect"},"message":"E0506 06:07:16.108525   15908 watch.go:40] Failed to load config from \"c:\\\\Users\\\\claud\\\\OneDrive\\\\Documentos\\\\NeuroAds\\\\LP\\\\dataconnect\": could not find dataconnect.yaml in `c:\\Users\\claud\\OneDrive\\Documentos\\NeuroAds\\LP\\dataconnect`\n"}}
[debug] [2026-05-06T09:07:26.114Z] E0506 06:07:26.108112   15908 watch.go:40] Failed to load config from "c:\\Users\\claud\\OneDrive\\Documentos\\NeuroAds\\LP\\dataconnect": could not find dataconnect.yaml in `c:\Users\claud\OneDrive\Documentos\NeuroAds\LP\dataconnect`
 {"metadata":{"emulator":{"name":"dataconnect"},"message":"E0506 06:07:26.108112   15908 watch.go:40] Failed to load config from \"c:\\\\Users\\\\claud\\\\OneDrive\\\\Documentos\\\\NeuroAds\\\\LP\\\\dataconnect\": could not find dataconnect.yaml in `c:\\Users\\claud\\OneDrive\\Documentos\\NeuroAds\\LP\\dataconnect`\n"}}
[debug] [2026-05-06T09:07:36.133Z] E0506 06:07:36.108182   15908 watch.go:40] Failed to load config from "c:\\Users\\claud\\OneDrive\\Documentos\\NeuroAds\\LP\\dataconnect": could not find dataconnect.yaml in `c:\Users\claud\OneDrive\Documentos\NeuroAds\LP\dataconnect`
 {"metadata":{"emulator":{"name":"dataconnect"},"message":"E0506 06:07:36.108182   15908 watch.go:40] Failed to load config from \"c:\\\\Users\\\\claud\\\\OneDrive\\\\Documentos\\\\NeuroAds\\\\LP\\\\dataconnect\": could not find dataconnect.yaml in `c:\\Users\\claud\\OneDrive\\Documentos\\NeuroAds\\LP\\dataconnect`\n"}}
[debug] [2026-05-06T09:07:46.145Z] E0506 06:07:46.108151   15908 watch.go:40] Failed to load config from "c:\\Users\\claud\\OneDrive\\Documentos\\NeuroAds\\LP\\dataconnect": could not find dataconnect.yaml in `c:\Users\claud\OneDrive\Documentos\NeuroAds\LP\dataconnect`
 {"metadata":{"emulator":{"name":"dataconnect"},"message":"E0506 06:07:46.108151   15908 watch.go:40] Failed to load config from \"c:\\\\Users\\\\claud\\\\OneDrive\\\\Documentos\\\\NeuroAds\\\\LP\\\\dataconnect\": could not find dataconnect.yaml in `c:\\Users\\claud\\OneDrive\\Documentos\\NeuroAds\\LP\\dataconnect`\n"}}
[debug] [2026-05-06T09:07:56.125Z] E0506 06:07:56.108435   15908 watch.go:40] Failed to load config from "c:\\Users\\claud\\OneDrive\\Documentos\\NeuroAds\\LP\\dataconnect": could not find dataconnect.yaml in `c:\Users\claud\OneDrive\Documentos\NeuroAds\LP\dataconnect`
 {"metadata":{"emulator":{"name":"dataconnect"},"message":"E0506 06:07:56.108435   15908 watch.go:40] Failed to load config from \"c:\\\\Users\\\\claud\\\\OneDrive\\\\Documentos\\\\NeuroAds\\\\LP\\\\dataconnect\": could not find dataconnect.yaml in `c:\\Users\\claud\\OneDrive\\Documentos\\NeuroAds\\LP\\dataconnect`\n"}}
[debug] [2026-05-06T09:08:06.132Z] E0506 06:08:06.108451   15908 watch.go:116] watchAllDir unable to walk dir `c:\Users\claud\OneDrive\Documentos\NeuroAds\LP\dataconnect`: GetFileAttributesEx c:\Users\claud\OneDrive\Documentos\NeuroAds\LP\dataconnect: The system cannot find the file specified.
E0506 06:08:06.108451   15908 watch.go:40] Failed to load config from "c:\\Users\\claud\\OneDrive\\Documentos\\NeuroAds\\LP\\dataconnect": could not find dataconnect.yaml in `c:\Users\claud\OneDrive\Documentos\NeuroAds\LP\dataconnect`
 {"metadata":{"emulator":{"name":"dataconnect"},"message":"E0506 06:08:06.108451   15908 watch.go:116] watchAllDir unable to walk dir `c:\\Users\\claud\\OneDrive\\Documentos\\NeuroAds\\LP\\dataconnect`: GetFileAttributesEx c:\\Users\\claud\\OneDrive\\Documentos\\NeuroAds\\LP\\dataconnect: The system cannot find the file specified.\nE0506 06:08:06.108451   15908 watch.go:40] Failed to load config from \"c:\\\\Users\\\\claud\\\\OneDrive\\\\Documentos\\\\NeuroAds\\\\LP\\\\dataconnect\": could not find dataconnect.yaml in `c:\\Users\\claud\\OneDrive\\Documentos\\NeuroAds\\LP\\dataconnect`\n"}}
[debug] [2026-05-06T09:08:16.138Z] E0506 06:08:16.109078   15908 watch.go:40] Failed to load config from "c:\\Users\\claud\\OneDrive\\Documentos\\NeuroAds\\LP\\dataconnect": could not find dataconnect.yaml in `c:\Users\claud\OneDrive\Documentos\NeuroAds\LP\dataconnect`
 {"metadata":{"emulator":{"name":"dataconnect"},"message":"E0506 06:08:16.109078   15908 watch.go:40] Failed to load config from \"c:\\\\Users\\\\claud\\\\OneDrive\\\\Documentos\\\\NeuroAds\\\\LP\\\\dataconnect\": could not find dataconnect.yaml in `c:\\Users\\claud\\OneDrive\\Documentos\\NeuroAds\\LP\\dataconnect`\n"}}
[debug] [2026-05-06T09:08:26.116Z] E0506 06:08:26.108325   15908 watch.go:40] Failed to load config from "c:\\Users\\claud\\OneDrive\\Documentos\\NeuroAds\\LP\\dataconnect": could not find dataconnect.yaml in `c:\Users\claud\OneDrive\Documentos\NeuroAds\LP\dataconnect`
 {"metadata":{"emulator":{"name":"dataconnect"},"message":"E0506 06:08:26.108325   15908 watch.go:40] Failed to load config from \"c:\\\\Users\\\\claud\\\\OneDrive\\\\Documentos\\\\NeuroAds\\\\LP\\\\dataconnect\": could not find dataconnect.yaml in `c:\\Users\\claud\\OneDrive\\Documentos\\NeuroAds\\LP\\dataconnect`\n"}}
[debug] [2026-05-06T09:08:36.144Z] E0506 06:08:36.107956   15908 watch.go:40] Failed to load config from "c:\\Users\\claud\\OneDrive\\Documentos\\NeuroAds\\LP\\dataconnect": could not find dataconnect.yaml in `c:\Users\claud\OneDrive\Documentos\NeuroAds\LP\dataconnect`
 {"metadata":{"emulator":{"name":"dataconnect"},"message":"E0506 06:08:36.107956   15908 watch.go:40] Failed to load config from \"c:\\\\Users\\\\claud\\\\OneDrive\\\\Documentos\\\\NeuroAds\\\\LP\\\\dataconnect\": could not find dataconnect.yaml in `c:\\Users\\claud\\OneDrive\\Documentos\\NeuroAds\\LP\\dataconnect`\n"}}
[debug] [2026-05-06T09:08:46.122Z] E0506 06:08:46.108349   15908 watch.go:40] Failed to load config from "c:\\Users\\claud\\OneDrive\\Documentos\\NeuroAds\\LP\\dataconnect": could not find dataconnect.yaml in `c:\Users\claud\OneDrive\Documentos\NeuroAds\LP\dataconnect`
 {"metadata":{"emulator":{"name":"dataconnect"},"message":"E0506 06:08:46.108349   15908 watch.go:40] Failed to load config from \"c:\\\\Users\\\\claud\\\\OneDrive\\\\Documentos\\\\NeuroAds\\\\LP\\\\dataconnect\": could not find dataconnect.yaml in `c:\\Users\\claud\\OneDrive\\Documentos\\NeuroAds\\LP\\dataconnect`\n"}}
[debug] [2026-05-06T09:08:56.123Z] E0506 06:08:56.108093   15908 watch.go:40] Failed to load config from "c:\\Users\\claud\\OneDrive\\Documentos\\NeuroAds\\LP\\dataconnect": could not find dataconnect.yaml in `c:\Users\claud\OneDrive\Documentos\NeuroAds\LP\dataconnect`
 {"metadata":{"emulator":{"name":"dataconnect"},"message":"E0506 06:08:56.108093   15908 watch.go:40] Failed to load config from \"c:\\\\Users\\\\claud\\\\OneDrive\\\\Documentos\\\\NeuroAds\\\\LP\\\\dataconnect\": could not find dataconnect.yaml in `c:\\Users\\claud\\OneDrive\\Documentos\\NeuroAds\\LP\\dataconnect`\n"}}
[debug] [2026-05-06T09:09:06.146Z] E0506 06:09:06.108001   15908 watch.go:116] watchAllDir unable to walk dir `c:\Users\claud\OneDrive\Documentos\NeuroAds\LP\dataconnect`: GetFileAttributesEx c:\Users\claud\OneDrive\Documentos\NeuroAds\LP\dataconnect: The system cannot find the file specified.
E0506 06:09:06.108336   15908 watch.go:40] Failed to load config from "c:\\Users\\claud\\OneDrive\\Documentos\\NeuroAds\\LP\\dataconnect": could not find dataconnect.yaml in `c:\Users\claud\OneDrive\Documentos\NeuroAds\LP\dataconnect`
 {"metadata":{"emulator":{"name":"dataconnect"},"message":"E0506 06:09:06.108001   15908 watch.go:116] watchAllDir unable to walk dir `c:\\Users\\claud\\OneDrive\\Documentos\\NeuroAds\\LP\\dataconnect`: GetFileAttributesEx c:\\Users\\claud\\OneDrive\\Documentos\\NeuroAds\\LP\\dataconnect: The system cannot find the file specified.\nE0506 06:09:06.108336   15908 watch.go:40] Failed to load config from \"c:\\\\Users\\\\claud\\\\OneDrive\\\\Documentos\\\\NeuroAds\\\\LP\\\\dataconnect\": could not find dataconnect.yaml in `c:\\Users\\claud\\OneDrive\\Documentos\\NeuroAds\\LP\\dataconnect`\n"}}
[debug] [2026-05-06T09:09:16.108Z] E0506 06:09:16.108145   15908 watch.go:40] Failed to load config from "c:\\Users\\claud\\OneDrive\\Documentos\\NeuroAds\\LP\\dataconnect": could not find dataconnect.yaml in `c:\Users\claud\OneDrive\Documentos\NeuroAds\LP\dataconnect`
 {"metadata":{"emulator":{"name":"dataconnect"},"message":"E0506 06:09:16.108145   15908 watch.go:40] Failed to load config from \"c:\\\\Users\\\\claud\\\\OneDrive\\\\Documentos\\\\NeuroAds\\\\LP\\\\dataconnect\": could not find dataconnect.yaml in `c:\\Users\\claud\\OneDrive\\Documentos\\NeuroAds\\LP\\dataconnect`\n"}}
[debug] [2026-05-06T09:09:26.158Z] E0506 06:09:26.108155   15908 watch.go:40] Failed to load config from "c:\\Users\\claud\\OneDrive\\Documentos\\NeuroAds\\LP\\dataconnect": could not find dataconnect.yaml in `c:\Users\claud\OneDrive\Documentos\NeuroAds\LP\dataconnect`
 {"metadata":{"emulator":{"name":"dataconnect"},"message":"E0506 06:09:26.108155   15908 watch.go:40] Failed to load config from \"c:\\\\Users\\\\claud\\\\OneDrive\\\\Documentos\\\\NeuroAds\\\\LP\\\\dataconnect\": could not find dataconnect.yaml in `c:\\Users\\claud\\OneDrive\\Documentos\\NeuroAds\\LP\\dataconnect`\n"}}
[debug] [2026-05-06T09:09:36.114Z] E0506 06:09:36.108197   15908 watch.go:40] Failed to load config from "c:\\Users\\claud\\OneDrive\\Documentos\\NeuroAds\\LP\\dataconnect": could not find dataconnect.yaml in `c:\Users\claud\OneDrive\Documentos\NeuroAds\LP\dataconnect`
 {"metadata":{"emulator":{"name":"dataconnect"},"message":"E0506 06:09:36.108197   15908 watch.go:40] Failed to load config from \"c:\\\\Users\\\\claud\\\\OneDrive\\\\Documentos\\\\NeuroAds\\\\LP\\\\dataconnect\": could not find dataconnect.yaml in `c:\\Users\\claud\\OneDrive\\Documentos\\NeuroAds\\LP\\dataconnect`\n"}}
[debug] [2026-05-06T09:09:46.110Z] E0506 06:09:46.108252   15908 watch.go:40] Failed to load config from "c:\\Users\\claud\\OneDrive\\Documentos\\NeuroAds\\LP\\dataconnect": could not find dataconnect.yaml in `c:\Users\claud\OneDrive\Documentos\NeuroAds\LP\dataconnect`
 {"metadata":{"emulator":{"name":"dataconnect"},"message":"E0506 06:09:46.108252   15908 watch.go:40] Failed to load config from \"c:\\\\Users\\\\claud\\\\OneDrive\\\\Documentos\\\\NeuroAds\\\\LP\\\\dataconnect\": could not find dataconnect.yaml in `c:\\Users\\claud\\OneDrive\\Documentos\\NeuroAds\\LP\\dataconnect`\n"}}
[debug] [2026-05-06T09:09:56.113Z] E0506 06:09:56.108422   15908 watch.go:40] Failed to load config from "c:\\Users\\claud\\OneDrive\\Documentos\\NeuroAds\\LP\\dataconnect": could not find dataconnect.yaml in `c:\Users\claud\OneDrive\Documentos\NeuroAds\LP\dataconnect`
 {"metadata":{"emulator":{"name":"dataconnect"},"message":"E0506 06:09:56.108422   15908 watch.go:40] Failed to load config from \"c:\\\\Users\\\\claud\\\\OneDrive\\\\Documentos\\\\NeuroAds\\\\LP\\\\dataconnect\": could not find dataconnect.yaml in `c:\\Users\\claud\\OneDrive\\Documentos\\NeuroAds\\LP\\dataconnect`\n"}}
[debug] [2026-05-06T09:10:06.126Z] E0506 06:10:06.108163   15908 watch.go:116] watchAllDir unable to walk dir `c:\Users\claud\OneDrive\Documentos\NeuroAds\LP\dataconnect`: GetFileAttributesEx c:\Users\claud\OneDrive\Documentos\NeuroAds\LP\dataconnect: The system cannot find the file specified.
E0506 06:10:06.108163   15908 watch.go:40] Failed to load config from "c:\\Users\\claud\\OneDrive\\Documentos\\NeuroAds\\LP\\dataconnect": could not find dataconnect.yaml in `c:\Users\claud\OneDrive\Documentos\NeuroAds\LP\dataconnect`
 {"metadata":{"emulator":{"name":"dataconnect"},"message":"E0506 06:10:06.108163   15908 watch.go:116] watchAllDir unable to walk dir `c:\\Users\\claud\\OneDrive\\Documentos\\NeuroAds\\LP\\dataconnect`: GetFileAttributesEx c:\\Users\\claud\\OneDrive\\Documentos\\NeuroAds\\LP\\dataconnect: The system cannot find the file specified.\nE0506 06:10:06.108163   15908 watch.go:40] Failed to load config from \"c:\\\\Users\\\\claud\\\\OneDrive\\\\Documentos\\\\NeuroAds\\\\LP\\\\dataconnect\": could not find dataconnect.yaml in `c:\\Users\\claud\\OneDrive\\Documentos\\NeuroAds\\LP\\dataconnect`\n"}}
[debug] [2026-05-06T09:10:16.152Z] E0506 06:10:16.108154   15908 watch.go:40] Failed to load config from "c:\\Users\\claud\\OneDrive\\Documentos\\NeuroAds\\LP\\dataconnect": could not find dataconnect.yaml in `c:\Users\claud\OneDrive\Documentos\NeuroAds\LP\dataconnect`
 {"metadata":{"emulator":{"name":"dataconnect"},"message":"E0506 06:10:16.108154   15908 watch.go:40] Failed to load config from \"c:\\\\Users\\\\claud\\\\OneDrive\\\\Documentos\\\\NeuroAds\\\\LP\\\\dataconnect\": could not find dataconnect.yaml in `c:\\Users\\claud\\OneDrive\\Documentos\\NeuroAds\\LP\\dataconnect`\n"}}
[debug] [2026-05-06T09:10:26.127Z] E0506 06:10:26.108086   15908 watch.go:40] Failed to load config from "c:\\Users\\claud\\OneDrive\\Documentos\\NeuroAds\\LP\\dataconnect": could not find dataconnect.yaml in `c:\Users\claud\OneDrive\Documentos\NeuroAds\LP\dataconnect`
 {"metadata":{"emulator":{"name":"dataconnect"},"message":"E0506 06:10:26.108086   15908 watch.go:40] Failed to load config from \"c:\\\\Users\\\\claud\\\\OneDrive\\\\Documentos\\\\NeuroAds\\\\LP\\\\dataconnect\": could not find dataconnect.yaml in `c:\\Users\\claud\\OneDrive\\Documentos\\NeuroAds\\LP\\dataconnect`\n"}}
[debug] [2026-05-06T09:10:36.130Z] E0506 06:10:36.107988   15908 watch.go:40] Failed to load config from "c:\\Users\\claud\\OneDrive\\Documentos\\NeuroAds\\LP\\dataconnect": could not find dataconnect.yaml in `c:\Users\claud\OneDrive\Documentos\NeuroAds\LP\dataconnect`
 {"metadata":{"emulator":{"name":"dataconnect"},"message":"E0506 06:10:36.107988   15908 watch.go:40] Failed to load config from \"c:\\\\Users\\\\claud\\\\OneDrive\\\\Documentos\\\\NeuroAds\\\\LP\\\\dataconnect\": could not find dataconnect.yaml in `c:\\Users\\claud\\OneDrive\\Documentos\\NeuroAds\\LP\\dataconnect`\n"}}
[debug] [2026-05-06T09:10:46.113Z] E0506 06:10:46.108293   15908 watch.go:40] Failed to load config from "c:\\Users\\claud\\OneDrive\\Documentos\\NeuroAds\\LP\\dataconnect": could not find dataconnect.yaml in `c:\Users\claud\OneDrive\Documentos\NeuroAds\LP\dataconnect`
 {"metadata":{"emulator":{"name":"dataconnect"},"message":"E0506 06:10:46.108293   15908 watch.go:40] Failed to load config from \"c:\\\\Users\\\\claud\\\\OneDrive\\\\Documentos\\\\NeuroAds\\\\LP\\\\dataconnect\": could not find dataconnect.yaml in `c:\\Users\\claud\\OneDrive\\Documentos\\NeuroAds\\LP\\dataconnect`\n"}}
[debug] [2026-05-06T09:10:56.108Z] E0506 06:10:56.108043   15908 watch.go:40] Failed to load config from "c:\\Users\\claud\\OneDrive\\Documentos\\NeuroAds\\LP\\dataconnect": could not find dataconnect.yaml in `c:\Users\claud\OneDrive\Documentos\NeuroAds\LP\dataconnect`
 {"metadata":{"emulator":{"name":"dataconnect"},"message":"E0506 06:10:56.108043   15908 watch.go:40] Failed to load config from \"c:\\\\Users\\\\claud\\\\OneDrive\\\\Documentos\\\\NeuroAds\\\\LP\\\\dataconnect\": could not find dataconnect.yaml in `c:\\Users\\claud\\OneDrive\\Documentos\\NeuroAds\\LP\\dataconnect`\n"}}
[debug] [2026-05-06T09:11:06.147Z] E0506 06:11:06.108516   15908 watch.go:116] watchAllDir unable to walk dir `c:\Users\claud\OneDrive\Documentos\NeuroAds\LP\dataconnect`: GetFileAttributesEx c:\Users\claud\OneDrive\Documentos\NeuroAds\LP\dataconnect: The system cannot find the file specified.
E0506 06:11:06.108873   15908 watch.go:40] Failed to load config from "c:\\Users\\claud\\OneDrive\\Documentos\\NeuroAds\\LP\\dataconnect": could not find dataconnect.yaml in `c:\Users\claud\OneDrive\Documentos\NeuroAds\LP\dataconnect`
 {"metadata":{"emulator":{"name":"dataconnect"},"message":"E0506 06:11:06.108516   15908 watch.go:116] watchAllDir unable to walk dir `c:\\Users\\claud\\OneDrive\\Documentos\\NeuroAds\\LP\\dataconnect`: GetFileAttributesEx c:\\Users\\claud\\OneDrive\\Documentos\\NeuroAds\\LP\\dataconnect: The system cannot find the file specified.\nE0506 06:11:06.108873   15908 watch.go:40] Failed to load config from \"c:\\\\Users\\\\claud\\\\OneDrive\\\\Documentos\\\\NeuroAds\\\\LP\\\\dataconnect\": could not find dataconnect.yaml in `c:\\Users\\claud\\OneDrive\\Documentos\\NeuroAds\\LP\\dataconnect`\n"}}
[debug] [2026-05-06T09:11:16.110Z] E0506 06:11:16.108034   15908 watch.go:40] Failed to load config from "c:\\Users\\claud\\OneDrive\\Documentos\\NeuroAds\\LP\\dataconnect": could not find dataconnect.yaml in `c:\Users\claud\OneDrive\Documentos\NeuroAds\LP\dataconnect`
 {"metadata":{"emulator":{"name":"dataconnect"},"message":"E0506 06:11:16.108034   15908 watch.go:40] Failed to load config from \"c:\\\\Users\\\\claud\\\\OneDrive\\\\Documentos\\\\NeuroAds\\\\LP\\\\dataconnect\": could not find dataconnect.yaml in `c:\\Users\\claud\\OneDrive\\Documentos\\NeuroAds\\LP\\dataconnect`\n"}}
[debug] [2026-05-06T09:11:26.109Z] E0506 06:11:26.109161   15908 watch.go:40] Failed to load config from "c:\\Users\\claud\\OneDrive\\Documentos\\NeuroAds\\LP\\dataconnect": could not find dataconnect.yaml in `c:\Users\claud\OneDrive\Documentos\NeuroAds\LP\dataconnect`
 {"metadata":{"emulator":{"name":"dataconnect"},"message":"E0506 06:11:26.109161   15908 watch.go:40] Failed to load config from \"c:\\\\Users\\\\claud\\\\OneDrive\\\\Documentos\\\\NeuroAds\\\\LP\\\\dataconnect\": could not find dataconnect.yaml in `c:\\Users\\claud\\OneDrive\\Documentos\\NeuroAds\\LP\\dataconnect`\n"}}
[debug] [2026-05-06T09:11:36.124Z] E0506 06:11:36.108279   15908 watch.go:40] Failed to load config from "c:\\Users\\claud\\OneDrive\\Documentos\\NeuroAds\\LP\\dataconnect": could not find dataconnect.yaml in `c:\Users\claud\OneDrive\Documentos\NeuroAds\LP\dataconnect`
 {"metadata":{"emulator":{"name":"dataconnect"},"message":"E0506 06:11:36.108279   15908 watch.go:40] Failed to load config from \"c:\\\\Users\\\\claud\\\\OneDrive\\\\Documentos\\\\NeuroAds\\\\LP\\\\dataconnect\": could not find dataconnect.yaml in `c:\\Users\\claud\\OneDrive\\Documentos\\NeuroAds\\LP\\dataconnect`\n"}}
[debug] [2026-05-06T09:11:46.145Z] E0506 06:11:46.108213   15908 watch.go:40] Failed to load config from "c:\\Users\\claud\\OneDrive\\Documentos\\NeuroAds\\LP\\dataconnect": could not find dataconnect.yaml in `c:\Users\claud\OneDrive\Documentos\NeuroAds\LP\dataconnect`
 {"metadata":{"emulator":{"name":"dataconnect"},"message":"E0506 06:11:46.108213   15908 watch.go:40] Failed to load config from \"c:\\\\Users\\\\claud\\\\OneDrive\\\\Documentos\\\\NeuroAds\\\\LP\\\\dataconnect\": could not find dataconnect.yaml in `c:\\Users\\claud\\OneDrive\\Documentos\\NeuroAds\\LP\\dataconnect`\n"}}
[debug] [2026-05-06T09:11:56.137Z] E0506 06:11:56.108283   15908 watch.go:40] Failed to load config from "c:\\Users\\claud\\OneDrive\\Documentos\\NeuroAds\\LP\\dataconnect": could not find dataconnect.yaml in `c:\Users\claud\OneDrive\Documentos\NeuroAds\LP\dataconnect`
 {"metadata":{"emulator":{"name":"dataconnect"},"message":"E0506 06:11:56.108283   15908 watch.go:40] Failed to load config from \"c:\\\\Users\\\\claud\\\\OneDrive\\\\Documentos\\\\NeuroAds\\\\LP\\\\dataconnect\": could not find dataconnect.yaml in `c:\\Users\\claud\\OneDrive\\Documentos\\NeuroAds\\LP\\dataconnect`\n"}}
[debug] [2026-05-06T09:12:06.142Z] E0506 06:12:06.108274   15908 watch.go:116] watchAllDir unable to walk dir `c:\Users\claud\OneDrive\Documentos\NeuroAds\LP\dataconnect`: GetFileAttributesEx c:\Users\claud\OneDrive\Documentos\NeuroAds\LP\dataconnect: The system cannot find the file specified.
E0506 06:12:06.108274   15908 watch.go:40] Failed to load config from "c:\\Users\\claud\\OneDrive\\Documentos\\NeuroAds\\LP\\dataconnect": could not find dataconnect.yaml in `c:\Users\claud\OneDrive\Documentos\NeuroAds\LP\dataconnect`
 {"metadata":{"emulator":{"name":"dataconnect"},"message":"E0506 06:12:06.108274   15908 watch.go:116] watchAllDir unable to walk dir `c:\\Users\\claud\\OneDrive\\Documentos\\NeuroAds\\LP\\dataconnect`: GetFileAttributesEx c:\\Users\\claud\\OneDrive\\Documentos\\NeuroAds\\LP\\dataconnect: The system cannot find the file specified.\nE0506 06:12:06.108274   15908 watch.go:40] Failed to load config from \"c:\\\\Users\\\\claud\\\\OneDrive\\\\Documentos\\\\NeuroAds\\\\LP\\\\dataconnect\": could not find dataconnect.yaml in `c:\\Users\\claud\\OneDrive\\Documentos\\NeuroAds\\LP\\dataconnect`\n"}}
[debug] [2026-05-06T09:12:16.126Z] E0506 06:12:16.108158   15908 watch.go:40] Failed to load config from "c:\\Users\\claud\\OneDrive\\Documentos\\NeuroAds\\LP\\dataconnect": could not find dataconnect.yaml in `c:\Users\claud\OneDrive\Documentos\NeuroAds\LP\dataconnect`
 {"metadata":{"emulator":{"name":"dataconnect"},"message":"E0506 06:12:16.108158   15908 watch.go:40] Failed to load config from \"c:\\\\Users\\\\claud\\\\OneDrive\\\\Documentos\\\\NeuroAds\\\\LP\\\\dataconnect\": could not find dataconnect.yaml in `c:\\Users\\claud\\OneDrive\\Documentos\\NeuroAds\\LP\\dataconnect`\n"}}
[debug] [2026-05-06T09:12:26.117Z] E0506 06:12:26.108372   15908 watch.go:40] Failed to load config from "c:\\Users\\claud\\OneDrive\\Documentos\\NeuroAds\\LP\\dataconnect": could not find dataconnect.yaml in `c:\Users\claud\OneDrive\Documentos\NeuroAds\LP\dataconnect`
 {"metadata":{"emulator":{"name":"dataconnect"},"message":"E0506 06:12:26.108372   15908 watch.go:40] Failed to load config from \"c:\\\\Users\\\\claud\\\\OneDrive\\\\Documentos\\\\NeuroAds\\\\LP\\\\dataconnect\": could not find dataconnect.yaml in `c:\\Users\\claud\\OneDrive\\Documentos\\NeuroAds\\LP\\dataconnect`\n"}}
[debug] [2026-05-06T09:12:36.140Z] E0506 06:12:36.108217   15908 watch.go:40] Failed to load config from "c:\\Users\\claud\\OneDrive\\Documentos\\NeuroAds\\LP\\dataconnect": could not find dataconnect.yaml in `c:\Users\claud\OneDrive\Documentos\NeuroAds\LP\dataconnect`
 {"metadata":{"emulator":{"name":"dataconnect"},"message":"E0506 06:12:36.108217   15908 watch.go:40] Failed to load config from \"c:\\\\Users\\\\claud\\\\OneDrive\\\\Documentos\\\\NeuroAds\\\\LP\\\\dataconnect\": could not find dataconnect.yaml in `c:\\Users\\claud\\OneDrive\\Documentos\\NeuroAds\\LP\\dataconnect`\n"}}
[debug] [2026-05-06T09:12:46.117Z] E0506 06:12:46.108659   15908 watch.go:40] Failed to load config from "c:\\Users\\claud\\OneDrive\\Documentos\\NeuroAds\\LP\\dataconnect": could not find dataconnect.yaml in `c:\Users\claud\OneDrive\Documentos\NeuroAds\LP\dataconnect`
 {"metadata":{"emulator":{"name":"dataconnect"},"message":"E0506 06:12:46.108659   15908 watch.go:40] Failed to load config from \"c:\\\\Users\\\\claud\\\\OneDrive\\\\Documentos\\\\NeuroAds\\\\LP\\\\dataconnect\": could not find dataconnect.yaml in `c:\\Users\\claud\\OneDrive\\Documentos\\NeuroAds\\LP\\dataconnect`\n"}}
[debug] [2026-05-06T09:12:56.125Z] E0506 06:12:56.108443   15908 watch.go:40] Failed to load config from "c:\\Users\\claud\\OneDrive\\Documentos\\NeuroAds\\LP\\dataconnect": could not find dataconnect.yaml in `c:\Users\claud\OneDrive\Documentos\NeuroAds\LP\dataconnect`
 {"metadata":{"emulator":{"name":"dataconnect"},"message":"E0506 06:12:56.108443   15908 watch.go:40] Failed to load config from \"c:\\\\Users\\\\claud\\\\OneDrive\\\\Documentos\\\\NeuroAds\\\\LP\\\\dataconnect\": could not find dataconnect.yaml in `c:\\Users\\claud\\OneDrive\\Documentos\\NeuroAds\\LP\\dataconnect`\n"}}
[debug] [2026-05-06T09:13:06.113Z] E0506 06:13:06.108113   15908 watch.go:40] Failed to load config from "c:\\Users\\claud\\OneDrive\\Documentos\\NeuroAds\\LP\\dataconnect": could not find dataconnect.yaml in `c:\Users\claud\OneDrive\Documentos\NeuroAds\LP\dataconnect`
E0506 06:13:06.108837   15908 watch.go:116] watchAllDir unable to walk dir `c:\Users\claud\OneDrive\Documentos\NeuroAds\LP\dataconnect`: GetFileAttributesEx c:\Users\claud\OneDrive\Documentos\NeuroAds\LP\dataconnect: The system cannot find the file specified.
 {"metadata":{"emulator":{"name":"dataconnect"},"message":"E0506 06:13:06.108113   15908 watch.go:40] Failed to load config from \"c:\\\\Users\\\\claud\\\\OneDrive\\\\Documentos\\\\NeuroAds\\\\LP\\\\dataconnect\": could not find dataconnect.yaml in `c:\\Users\\claud\\OneDrive\\Documentos\\NeuroAds\\LP\\dataconnect`\nE0506 06:13:06.108837   15908 watch.go:116] watchAllDir unable to walk dir `c:\\Users\\claud\\OneDrive\\Documentos\\NeuroAds\\LP\\dataconnect`: GetFileAttributesEx c:\\Users\\claud\\OneDrive\\Documentos\\NeuroAds\\LP\\dataconnect: The system cannot find the file specified.\n"}}
[debug] [2026-05-06T09:13:16.124Z] E0506 06:13:16.108571   15908 watch.go:40] Failed to load config from "c:\\Users\\claud\\OneDrive\\Documentos\\NeuroAds\\LP\\dataconnect": could not find dataconnect.yaml in `c:\Users\claud\OneDrive\Documentos\NeuroAds\LP\dataconnect`
 {"metadata":{"emulator":{"name":"dataconnect"},"message":"E0506 06:13:16.108571   15908 watch.go:40] Failed to load config from \"c:\\\\Users\\\\claud\\\\OneDrive\\\\Documentos\\\\NeuroAds\\\\LP\\\\dataconnect\": could not find dataconnect.yaml in `c:\\Users\\claud\\OneDrive\\Documentos\\NeuroAds\\LP\\dataconnect`\n"}}
[debug] [2026-05-06T09:13:26.129Z] E0506 06:13:26.108154   15908 watch.go:40] Failed to load config from "c:\\Users\\claud\\OneDrive\\Documentos\\NeuroAds\\LP\\dataconnect": could not find dataconnect.yaml in `c:\Users\claud\OneDrive\Documentos\NeuroAds\LP\dataconnect`
 {"metadata":{"emulator":{"name":"dataconnect"},"message":"E0506 06:13:26.108154   15908 watch.go:40] Failed to load config from \"c:\\\\Users\\\\claud\\\\OneDrive\\\\Documentos\\\\NeuroAds\\\\LP\\\\dataconnect\": could not find dataconnect.yaml in `c:\\Users\\claud\\OneDrive\\Documentos\\NeuroAds\\LP\\dataconnect`\n"}}
[debug] [2026-05-06T09:13:36.116Z] E0506 06:13:36.108409   15908 watch.go:40] Failed to load config from "c:\\Users\\claud\\OneDrive\\Documentos\\NeuroAds\\LP\\dataconnect": could not find dataconnect.yaml in `c:\Users\claud\OneDrive\Documentos\NeuroAds\LP\dataconnect`
 {"metadata":{"emulator":{"name":"dataconnect"},"message":"E0506 06:13:36.108409   15908 watch.go:40] Failed to load config from \"c:\\\\Users\\\\claud\\\\OneDrive\\\\Documentos\\\\NeuroAds\\\\LP\\\\dataconnect\": could not find dataconnect.yaml in `c:\\Users\\claud\\OneDrive\\Documentos\\NeuroAds\\LP\\dataconnect`\n"}}
[debug] [2026-05-06T09:13:46.130Z] E0506 06:13:46.108064   15908 watch.go:40] Failed to load config from "c:\\Users\\claud\\OneDrive\\Documentos\\NeuroAds\\LP\\dataconnect": could not find dataconnect.yaml in `c:\Users\claud\OneDrive\Documentos\NeuroAds\LP\dataconnect`
 {"metadata":{"emulator":{"name":"dataconnect"},"message":"E0506 06:13:46.108064   15908 watch.go:40] Failed to load config from \"c:\\\\Users\\\\claud\\\\OneDrive\\\\Documentos\\\\NeuroAds\\\\LP\\\\dataconnect\": could not find dataconnect.yaml in `c:\\Users\\claud\\OneDrive\\Documentos\\NeuroAds\\LP\\dataconnect`\n"}}
[debug] [2026-05-06T09:13:56.145Z] E0506 06:13:56.108533   15908 watch.go:40] Failed to load config from "c:\\Users\\claud\\OneDrive\\Documentos\\NeuroAds\\LP\\dataconnect": could not find dataconnect.yaml in `c:\Users\claud\OneDrive\Documentos\NeuroAds\LP\dataconnect`
 {"metadata":{"emulator":{"name":"dataconnect"},"message":"E0506 06:13:56.108533   15908 watch.go:40] Failed to load config from \"c:\\\\Users\\\\claud\\\\OneDrive\\\\Documentos\\\\NeuroAds\\\\LP\\\\dataconnect\": could not find dataconnect.yaml in `c:\\Users\\claud\\OneDrive\\Documentos\\NeuroAds\\LP\\dataconnect`\n"}}
[debug] [2026-05-06T09:14:06.142Z] E0506 06:14:06.108227   15908 watch.go:116] watchAllDir unable to walk dir `c:\Users\claud\OneDrive\Documentos\NeuroAds\LP\dataconnect`: GetFileAttributesEx c:\Users\claud\OneDrive\Documentos\NeuroAds\LP\dataconnect: The system cannot find the file specified.
E0506 06:14:06.108227   15908 watch.go:40] Failed to load config from "c:\\Users\\claud\\OneDrive\\Documentos\\NeuroAds\\LP\\dataconnect": could not find dataconnect.yaml in `c:\Users\claud\OneDrive\Documentos\NeuroAds\LP\dataconnect`
 {"metadata":{"emulator":{"name":"dataconnect"},"message":"E0506 06:14:06.108227   15908 watch.go:116] watchAllDir unable to walk dir `c:\\Users\\claud\\OneDrive\\Documentos\\NeuroAds\\LP\\dataconnect`: GetFileAttributesEx c:\\Users\\claud\\OneDrive\\Documentos\\NeuroAds\\LP\\dataconnect: The system cannot find the file specified.\nE0506 06:14:06.108227   15908 watch.go:40] Failed to load config from \"c:\\\\Users\\\\claud\\\\OneDrive\\\\Documentos\\\\NeuroAds\\\\LP\\\\dataconnect\": could not find dataconnect.yaml in `c:\\Users\\claud\\OneDrive\\Documentos\\NeuroAds\\LP\\dataconnect`\n"}}
[debug] [2026-05-06T09:14:16.125Z] E0506 06:14:16.108071   15908 watch.go:40] Failed to load config from "c:\\Users\\claud\\OneDrive\\Documentos\\NeuroAds\\LP\\dataconnect": could not find dataconnect.yaml in `c:\Users\claud\OneDrive\Documentos\NeuroAds\LP\dataconnect`
 {"metadata":{"emulator":{"name":"dataconnect"},"message":"E0506 06:14:16.108071   15908 watch.go:40] Failed to load config from \"c:\\\\Users\\\\claud\\\\OneDrive\\\\Documentos\\\\NeuroAds\\\\LP\\\\dataconnect\": could not find dataconnect.yaml in `c:\\Users\\claud\\OneDrive\\Documentos\\NeuroAds\\LP\\dataconnect`\n"}}
[debug] [2026-05-06T09:14:26.118Z] E0506 06:14:26.109102   15908 watch.go:40] Failed to load config from "c:\\Users\\claud\\OneDrive\\Documentos\\NeuroAds\\LP\\dataconnect": could not find dataconnect.yaml in `c:\Users\claud\OneDrive\Documentos\NeuroAds\LP\dataconnect`
 {"metadata":{"emulator":{"name":"dataconnect"},"message":"E0506 06:14:26.109102   15908 watch.go:40] Failed to load config from \"c:\\\\Users\\\\claud\\\\OneDrive\\\\Documentos\\\\NeuroAds\\\\LP\\\\dataconnect\": could not find dataconnect.yaml in `c:\\Users\\claud\\OneDrive\\Documentos\\NeuroAds\\LP\\dataconnect`\n"}}
[debug] [2026-05-06T09:14:36.121Z] E0506 06:14:36.108321   15908 watch.go:40] Failed to load config from "c:\\Users\\claud\\OneDrive\\Documentos\\NeuroAds\\LP\\dataconnect": could not find dataconnect.yaml in `c:\Users\claud\OneDrive\Documentos\NeuroAds\LP\dataconnect`
 {"metadata":{"emulator":{"name":"dataconnect"},"message":"E0506 06:14:36.108321   15908 watch.go:40] Failed to load config from \"c:\\\\Users\\\\claud\\\\OneDrive\\\\Documentos\\\\NeuroAds\\\\LP\\\\dataconnect\": could not find dataconnect.yaml in `c:\\Users\\claud\\OneDrive\\Documentos\\NeuroAds\\LP\\dataconnect`\n"}}
[debug] [2026-05-06T09:14:46.117Z] E0506 06:14:46.108633   15908 watch.go:40] Failed to load config from "c:\\Users\\claud\\OneDrive\\Documentos\\NeuroAds\\LP\\dataconnect": could not find dataconnect.yaml in `c:\Users\claud\OneDrive\Documentos\NeuroAds\LP\dataconnect`
 {"metadata":{"emulator":{"name":"dataconnect"},"message":"E0506 06:14:46.108633   15908 watch.go:40] Failed to load config from \"c:\\\\Users\\\\claud\\\\OneDrive\\\\Documentos\\\\NeuroAds\\\\LP\\\\dataconnect\": could not find dataconnect.yaml in `c:\\Users\\claud\\OneDrive\\Documentos\\NeuroAds\\LP\\dataconnect`\n"}}
[debug] [2026-05-06T09:14:56.143Z] E0506 06:14:56.108658   15908 watch.go:40] Failed to load config from "c:\\Users\\claud\\OneDrive\\Documentos\\NeuroAds\\LP\\dataconnect": could not find dataconnect.yaml in `c:\Users\claud\OneDrive\Documentos\NeuroAds\LP\dataconnect`
 {"metadata":{"emulator":{"name":"dataconnect"},"message":"E0506 06:14:56.108658   15908 watch.go:40] Failed to load config from \"c:\\\\Users\\\\claud\\\\OneDrive\\\\Documentos\\\\NeuroAds\\\\LP\\\\dataconnect\": could not find dataconnect.yaml in `c:\\Users\\claud\\OneDrive\\Documentos\\NeuroAds\\LP\\dataconnect`\n"}}
[debug] [2026-05-06T09:15:06.107Z] E0506 06:15:06.108158   15908 watch.go:116] watchAllDir unable to walk dir `c:\Users\claud\OneDrive\Documentos\NeuroAds\LP\dataconnect`: GetFileAttributesEx c:\Users\claud\OneDrive\Documentos\NeuroAds\LP\dataconnect: The system cannot find the file specified.
 {"metadata":{"emulator":{"name":"dataconnect"},"message":"E0506 06:15:06.108158   15908 watch.go:116] watchAllDir unable to walk dir `c:\\Users\\claud\\OneDrive\\Documentos\\NeuroAds\\LP\\dataconnect`: GetFileAttributesEx c:\\Users\\claud\\OneDrive\\Documentos\\NeuroAds\\LP\\dataconnect: The system cannot find the file specified.\n"}}
[debug] [2026-05-06T09:15:06.108Z] E0506 06:15:06.108158   15908 watch.go:40] Failed to load config from "c:\\Users\\claud\\OneDrive\\Documentos\\NeuroAds\\LP\\dataconnect": could not find dataconnect.yaml in `c:\Users\claud\OneDrive\Documentos\NeuroAds\LP\dataconnect`
 {"metadata":{"emulator":{"name":"dataconnect"},"message":"E0506 06:15:06.108158   15908 watch.go:40] Failed to load config from \"c:\\\\Users\\\\claud\\\\OneDrive\\\\Documentos\\\\NeuroAds\\\\LP\\\\dataconnect\": could not find dataconnect.yaml in `c:\\Users\\claud\\OneDrive\\Documentos\\NeuroAds\\LP\\dataconnect`\n"}}
[debug] [2026-05-06T09:15:16.135Z] E0506 06:15:16.108546   15908 watch.go:40] Failed to load config from "c:\\Users\\claud\\OneDrive\\Documentos\\NeuroAds\\LP\\dataconnect": could not find dataconnect.yaml in `c:\Users\claud\OneDrive\Documentos\NeuroAds\LP\dataconnect`
 {"metadata":{"emulator":{"name":"dataconnect"},"message":"E0506 06:15:16.108546   15908 watch.go:40] Failed to load config from \"c:\\\\Users\\\\claud\\\\OneDrive\\\\Documentos\\\\NeuroAds\\\\LP\\\\dataconnect\": could not find dataconnect.yaml in `c:\\Users\\claud\\OneDrive\\Documentos\\NeuroAds\\LP\\dataconnect`\n"}}
[debug] [2026-05-06T09:15:26.111Z] E0506 06:15:26.108935   15908 watch.go:40] Failed to load config from "c:\\Users\\claud\\OneDrive\\Documentos\\NeuroAds\\LP\\dataconnect": could not find dataconnect.yaml in `c:\Users\claud\OneDrive\Documentos\NeuroAds\LP\dataconnect`
 {"metadata":{"emulator":{"name":"dataconnect"},"message":"E0506 06:15:26.108935   15908 watch.go:40] Failed to load config from \"c:\\\\Users\\\\claud\\\\OneDrive\\\\Documentos\\\\NeuroAds\\\\LP\\\\dataconnect\": could not find dataconnect.yaml in `c:\\Users\\claud\\OneDrive\\Documentos\\NeuroAds\\LP\\dataconnect`\n"}}
[debug] [2026-05-06T09:15:36.425Z] E0506 06:15:36.108363   15908 watch.go:40] Failed to load config from "c:\\Users\\claud\\OneDrive\\Documentos\\NeuroAds\\LP\\dataconnect": could not find dataconnect.yaml in `c:\Users\claud\OneDrive\Documentos\NeuroAds\LP\dataconnect`
 {"metadata":{"emulator":{"name":"dataconnect"},"message":"E0506 06:15:36.108363   15908 watch.go:40] Failed to load config from \"c:\\\\Users\\\\claud\\\\OneDrive\\\\Documentos\\\\NeuroAds\\\\LP\\\\dataconnect\": could not find dataconnect.yaml in `c:\\Users\\claud\\OneDrive\\Documentos\\NeuroAds\\LP\\dataconnect`\n"}}
[debug] [2026-05-06T09:15:46.110Z] E0506 06:15:46.108931   15908 watch.go:40] Failed to load config from "c:\\Users\\claud\\OneDrive\\Documentos\\NeuroAds\\LP\\dataconnect": could not find dataconnect.yaml in `c:\Users\claud\OneDrive\Documentos\NeuroAds\LP\dataconnect`
 {"metadata":{"emulator":{"name":"dataconnect"},"message":"E0506 06:15:46.108931   15908 watch.go:40] Failed to load config from \"c:\\\\Users\\\\claud\\\\OneDrive\\\\Documentos\\\\NeuroAds\\\\LP\\\\dataconnect\": could not find dataconnect.yaml in `c:\\Users\\claud\\OneDrive\\Documentos\\NeuroAds\\LP\\dataconnect`\n"}}
[debug] [2026-05-06T09:15:56.145Z] E0506 06:15:56.108428   15908 watch.go:40] Failed to load config from "c:\\Users\\claud\\OneDrive\\Documentos\\NeuroAds\\LP\\dataconnect": could not find dataconnect.yaml in `c:\Users\claud\OneDrive\Documentos\NeuroAds\LP\dataconnect`
 {"metadata":{"emulator":{"name":"dataconnect"},"message":"E0506 06:15:56.108428   15908 watch.go:40] Failed to load config from \"c:\\\\Users\\\\claud\\\\OneDrive\\\\Documentos\\\\NeuroAds\\\\LP\\\\dataconnect\": could not find dataconnect.yaml in `c:\\Users\\claud\\OneDrive\\Documentos\\NeuroAds\\LP\\dataconnect`\n"}}
[debug] [2026-05-06T09:16:06.139Z] E0506 06:16:06.108307   15908 watch.go:116] watchAllDir unable to walk dir `c:\Users\claud\OneDrive\Documentos\NeuroAds\LP\dataconnect`: GetFileAttributesEx c:\Users\claud\OneDrive\Documentos\NeuroAds\LP\dataconnect: The system cannot find the file specified.
E0506 06:16:06.108823   15908 watch.go:40] Failed to load config from "c:\\Users\\claud\\OneDrive\\Documentos\\NeuroAds\\LP\\dataconnect": could not find dataconnect.yaml in `c:\Users\claud\OneDrive\Documentos\NeuroAds\LP\dataconnect`
 {"metadata":{"emulator":{"name":"dataconnect"},"message":"E0506 06:16:06.108307   15908 watch.go:116] watchAllDir unable to walk dir `c:\\Users\\claud\\OneDrive\\Documentos\\NeuroAds\\LP\\dataconnect`: GetFileAttributesEx c:\\Users\\claud\\OneDrive\\Documentos\\NeuroAds\\LP\\dataconnect: The system cannot find the file specified.\nE0506 06:16:06.108823   15908 watch.go:40] Failed to load config from \"c:\\\\Users\\\\claud\\\\OneDrive\\\\Documentos\\\\NeuroAds\\\\LP\\\\dataconnect\": could not find dataconnect.yaml in `c:\\Users\\claud\\OneDrive\\Documentos\\NeuroAds\\LP\\dataconnect`\n"}}
[debug] [2026-05-06T09:16:16.134Z] E0506 06:16:16.108143   15908 watch.go:40] Failed to load config from "c:\\Users\\claud\\OneDrive\\Documentos\\NeuroAds\\LP\\dataconnect": could not find dataconnect.yaml in `c:\Users\claud\OneDrive\Documentos\NeuroAds\LP\dataconnect`
 {"metadata":{"emulator":{"name":"dataconnect"},"message":"E0506 06:16:16.108143   15908 watch.go:40] Failed to load config from \"c:\\\\Users\\\\claud\\\\OneDrive\\\\Documentos\\\\NeuroAds\\\\LP\\\\dataconnect\": could not find dataconnect.yaml in `c:\\Users\\claud\\OneDrive\\Documentos\\NeuroAds\\LP\\dataconnect`\n"}}
[debug] [2026-05-06T09:16:26.152Z] E0506 06:16:26.108110   15908 watch.go:40] Failed to load config from "c:\\Users\\claud\\OneDrive\\Documentos\\NeuroAds\\LP\\dataconnect": could not find dataconnect.yaml in `c:\Users\claud\OneDrive\Documentos\NeuroAds\LP\dataconnect`
 {"metadata":{"emulator":{"name":"dataconnect"},"message":"E0506 06:16:26.108110   15908 watch.go:40] Failed to load config from \"c:\\\\Users\\\\claud\\\\OneDrive\\\\Documentos\\\\NeuroAds\\\\LP\\\\dataconnect\": could not find dataconnect.yaml in `c:\\Users\\claud\\OneDrive\\Documentos\\NeuroAds\\LP\\dataconnect`\n"}}
[debug] [2026-05-06T09:16:36.137Z] E0506 06:16:36.107966   15908 watch.go:40] Failed to load config from "c:\\Users\\claud\\OneDrive\\Documentos\\NeuroAds\\LP\\dataconnect": could not find dataconnect.yaml in `c:\Users\claud\OneDrive\Documentos\NeuroAds\LP\dataconnect`
 {"metadata":{"emulator":{"name":"dataconnect"},"message":"E0506 06:16:36.107966   15908 watch.go:40] Failed to load config from \"c:\\\\Users\\\\claud\\\\OneDrive\\\\Documentos\\\\NeuroAds\\\\LP\\\\dataconnect\": could not find dataconnect.yaml in `c:\\Users\\claud\\OneDrive\\Documentos\\NeuroAds\\LP\\dataconnect`\n"}}
[debug] [2026-05-06T09:16:46.131Z] E0506 06:16:46.108456   15908 watch.go:40] Failed to load config from "c:\\Users\\claud\\OneDrive\\Documentos\\NeuroAds\\LP\\dataconnect": could not find dataconnect.yaml in `c:\Users\claud\OneDrive\Documentos\NeuroAds\LP\dataconnect`
 {"metadata":{"emulator":{"name":"dataconnect"},"message":"E0506 06:16:46.108456   15908 watch.go:40] Failed to load config from \"c:\\\\Users\\\\claud\\\\OneDrive\\\\Documentos\\\\NeuroAds\\\\LP\\\\dataconnect\": could not find dataconnect.yaml in `c:\\Users\\claud\\OneDrive\\Documentos\\NeuroAds\\LP\\dataconnect`\n"}}
[debug] [2026-05-06T09:16:56.140Z] E0506 06:16:56.108135   15908 watch.go:40] Failed to load config from "c:\\Users\\claud\\OneDrive\\Documentos\\NeuroAds\\LP\\dataconnect": could not find dataconnect.yaml in `c:\Users\claud\OneDrive\Documentos\NeuroAds\LP\dataconnect`
 {"metadata":{"emulator":{"name":"dataconnect"},"message":"E0506 06:16:56.108135   15908 watch.go:40] Failed to load config from \"c:\\\\Users\\\\claud\\\\OneDrive\\\\Documentos\\\\NeuroAds\\\\LP\\\\dataconnect\": could not find dataconnect.yaml in `c:\\Users\\claud\\OneDrive\\Documentos\\NeuroAds\\LP\\dataconnect`\n"}}
[debug] [2026-05-06T09:17:06.125Z] E0506 06:17:06.108439   15908 watch.go:116] watchAllDir unable to walk dir `c:\Users\claud\OneDrive\Documentos\NeuroAds\LP\dataconnect`: GetFileAttributesEx c:\Users\claud\OneDrive\Documentos\NeuroAds\LP\dataconnect: The system cannot find the file specified.
E0506 06:17:06.108439   15908 watch.go:40] Failed to load config from "c:\\Users\\claud\\OneDrive\\Documentos\\NeuroAds\\LP\\dataconnect": could not find dataconnect.yaml in `c:\Users\claud\OneDrive\Documentos\NeuroAds\LP\dataconnect`
 {"metadata":{"emulator":{"name":"dataconnect"},"message":"E0506 06:17:06.108439   15908 watch.go:116] watchAllDir unable to walk dir `c:\\Users\\claud\\OneDrive\\Documentos\\NeuroAds\\LP\\dataconnect`: GetFileAttributesEx c:\\Users\\claud\\OneDrive\\Documentos\\NeuroAds\\LP\\dataconnect: The system cannot find the file specified.\nE0506 06:17:06.108439   15908 watch.go:40] Failed to load config from \"c:\\\\Users\\\\claud\\\\OneDrive\\\\Documentos\\\\NeuroAds\\\\LP\\\\dataconnect\": could not find dataconnect.yaml in `c:\\Users\\claud\\OneDrive\\Documentos\\NeuroAds\\LP\\dataconnect`\n"}}
[debug] [2026-05-06T09:17:16.143Z] E0506 06:17:16.108070   15908 watch.go:40] Failed to load config from "c:\\Users\\claud\\OneDrive\\Documentos\\NeuroAds\\LP\\dataconnect": could not find dataconnect.yaml in `c:\Users\claud\OneDrive\Documentos\NeuroAds\LP\dataconnect`
 {"metadata":{"emulator":{"name":"dataconnect"},"message":"E0506 06:17:16.108070   15908 watch.go:40] Failed to load config from \"c:\\\\Users\\\\claud\\\\OneDrive\\\\Documentos\\\\NeuroAds\\\\LP\\\\dataconnect\": could not find dataconnect.yaml in `c:\\Users\\claud\\OneDrive\\Documentos\\NeuroAds\\LP\\dataconnect`\n"}}
[debug] [2026-05-06T09:17:26.112Z] E0506 06:17:26.108230   15908 watch.go:40] Failed to load config from "c:\\Users\\claud\\OneDrive\\Documentos\\NeuroAds\\LP\\dataconnect": could not find dataconnect.yaml in `c:\Users\claud\OneDrive\Documentos\NeuroAds\LP\dataconnect`
 {"metadata":{"emulator":{"name":"dataconnect"},"message":"E0506 06:17:26.108230   15908 watch.go:40] Failed to load config from \"c:\\\\Users\\\\claud\\\\OneDrive\\\\Documentos\\\\NeuroAds\\\\LP\\\\dataconnect\": could not find dataconnect.yaml in `c:\\Users\\claud\\OneDrive\\Documentos\\NeuroAds\\LP\\dataconnect`\n"}}
[debug] [2026-05-06T09:17:36.144Z] E0506 06:17:36.108076   15908 watch.go:40] Failed to load config from "c:\\Users\\claud\\OneDrive\\Documentos\\NeuroAds\\LP\\dataconnect": could not find dataconnect.yaml in `c:\Users\claud\OneDrive\Documentos\NeuroAds\LP\dataconnect`
 {"metadata":{"emulator":{"name":"dataconnect"},"message":"E0506 06:17:36.108076   15908 watch.go:40] Failed to load config from \"c:\\\\Users\\\\claud\\\\OneDrive\\\\Documentos\\\\NeuroAds\\\\LP\\\\dataconnect\": could not find dataconnect.yaml in `c:\\Users\\claud\\OneDrive\\Documentos\\NeuroAds\\LP\\dataconnect`\n"}}
[debug] [2026-05-06T09:17:46.112Z] E0506 06:17:46.108119   15908 watch.go:40] Failed to load config from "c:\\Users\\claud\\OneDrive\\Documentos\\NeuroAds\\LP\\dataconnect": could not find dataconnect.yaml in `c:\Users\claud\OneDrive\Documentos\NeuroAds\LP\dataconnect`
 {"metadata":{"emulator":{"name":"dataconnect"},"message":"E0506 06:17:46.108119   15908 watch.go:40] Failed to load config from \"c:\\\\Users\\\\claud\\\\OneDrive\\\\Documentos\\\\NeuroAds\\\\LP\\\\dataconnect\": could not find dataconnect.yaml in `c:\\Users\\claud\\OneDrive\\Documentos\\NeuroAds\\LP\\dataconnect`\n"}}
[debug] [2026-05-06T09:17:56.160Z] E0506 06:17:56.108365   15908 watch.go:40] Failed to load config from "c:\\Users\\claud\\OneDrive\\Documentos\\NeuroAds\\LP\\dataconnect": could not find dataconnect.yaml in `c:\Users\claud\OneDrive\Documentos\NeuroAds\LP\dataconnect`
 {"metadata":{"emulator":{"name":"dataconnect"},"message":"E0506 06:17:56.108365   15908 watch.go:40] Failed to load config from \"c:\\\\Users\\\\claud\\\\OneDrive\\\\Documentos\\\\NeuroAds\\\\LP\\\\dataconnect\": could not find dataconnect.yaml in `c:\\Users\\claud\\OneDrive\\Documentos\\NeuroAds\\LP\\dataconnect`\n"}}
[debug] [2026-05-06T09:18:06.128Z] E0506 06:18:06.107986   15908 watch.go:116] watchAllDir unable to walk dir `c:\Users\claud\OneDrive\Documentos\NeuroAds\LP\dataconnect`: GetFileAttributesEx c:\Users\claud\OneDrive\Documentos\NeuroAds\LP\dataconnect: The system cannot find the file specified.
E0506 06:18:06.107986   15908 watch.go:40] Failed to load config from "c:\\Users\\claud\\OneDrive\\Documentos\\NeuroAds\\LP\\dataconnect": could not find dataconnect.yaml in `c:\Users\claud\OneDrive\Documentos\NeuroAds\LP\dataconnect`
 {"metadata":{"emulator":{"name":"dataconnect"},"message":"E0506 06:18:06.107986   15908 watch.go:116] watchAllDir unable to walk dir `c:\\Users\\claud\\OneDrive\\Documentos\\NeuroAds\\LP\\dataconnect`: GetFileAttributesEx c:\\Users\\claud\\OneDrive\\Documentos\\NeuroAds\\LP\\dataconnect: The system cannot find the file specified.\nE0506 06:18:06.107986   15908 watch.go:40] Failed to load config from \"c:\\\\Users\\\\claud\\\\OneDrive\\\\Documentos\\\\NeuroAds\\\\LP\\\\dataconnect\": could not find dataconnect.yaml in `c:\\Users\\claud\\OneDrive\\Documentos\\NeuroAds\\LP\\dataconnect`\n"}}
[debug] [2026-05-06T09:18:16.146Z] E0506 06:18:16.108711   15908 watch.go:40] Failed to load config from "c:\\Users\\claud\\OneDrive\\Documentos\\NeuroAds\\LP\\dataconnect": could not find dataconnect.yaml in `c:\Users\claud\OneDrive\Documentos\NeuroAds\LP\dataconnect`
 {"metadata":{"emulator":{"name":"dataconnect"},"message":"E0506 06:18:16.108711   15908 watch.go:40] Failed to load config from \"c:\\\\Users\\\\claud\\\\OneDrive\\\\Documentos\\\\NeuroAds\\\\LP\\\\dataconnect\": could not find dataconnect.yaml in `c:\\Users\\claud\\OneDrive\\Documentos\\NeuroAds\\LP\\dataconnect`\n"}}
[debug] [2026-05-06T09:18:26.125Z] E0506 06:18:26.108255   15908 watch.go:40] Failed to load config from "c:\\Users\\claud\\OneDrive\\Documentos\\NeuroAds\\LP\\dataconnect": could not find dataconnect.yaml in `c:\Users\claud\OneDrive\Documentos\NeuroAds\LP\dataconnect`
 {"metadata":{"emulator":{"name":"dataconnect"},"message":"E0506 06:18:26.108255   15908 watch.go:40] Failed to load config from \"c:\\\\Users\\\\claud\\\\OneDrive\\\\Documentos\\\\NeuroAds\\\\LP\\\\dataconnect\": could not find dataconnect.yaml in `c:\\Users\\claud\\OneDrive\\Documentos\\NeuroAds\\LP\\dataconnect`\n"}}
[debug] [2026-05-06T09:18:36.139Z] E0506 06:18:36.108121   15908 watch.go:40] Failed to load config from "c:\\Users\\claud\\OneDrive\\Documentos\\NeuroAds\\LP\\dataconnect": could not find dataconnect.yaml in `c:\Users\claud\OneDrive\Documentos\NeuroAds\LP\dataconnect`
 {"metadata":{"emulator":{"name":"dataconnect"},"message":"E0506 06:18:36.108121   15908 watch.go:40] Failed to load config from \"c:\\\\Users\\\\claud\\\\OneDrive\\\\Documentos\\\\NeuroAds\\\\LP\\\\dataconnect\": could not find dataconnect.yaml in `c:\\Users\\claud\\OneDrive\\Documentos\\NeuroAds\\LP\\dataconnect`\n"}}
[debug] [2026-05-06T09:18:46.137Z] E0506 06:18:46.108327   15908 watch.go:40] Failed to load config from "c:\\Users\\claud\\OneDrive\\Documentos\\NeuroAds\\LP\\dataconnect": could not find dataconnect.yaml in `c:\Users\claud\OneDrive\Documentos\NeuroAds\LP\dataconnect`
 {"metadata":{"emulator":{"name":"dataconnect"},"message":"E0506 06:18:46.108327   15908 watch.go:40] Failed to load config from \"c:\\\\Users\\\\claud\\\\OneDrive\\\\Documentos\\\\NeuroAds\\\\LP\\\\dataconnect\": could not find dataconnect.yaml in `c:\\Users\\claud\\OneDrive\\Documentos\\NeuroAds\\LP\\dataconnect`\n"}}
[debug] [2026-05-06T09:18:56.115Z] E0506 06:18:56.112536   15908 watch.go:40] Failed to load config from "c:\\Users\\claud\\OneDrive\\Documentos\\NeuroAds\\LP\\dataconnect": could not find dataconnect.yaml in `c:\Users\claud\OneDrive\Documentos\NeuroAds\LP\dataconnect`
 {"metadata":{"emulator":{"name":"dataconnect"},"message":"E0506 06:18:56.112536   15908 watch.go:40] Failed to load config from \"c:\\\\Users\\\\claud\\\\OneDrive\\\\Documentos\\\\NeuroAds\\\\LP\\\\dataconnect\": could not find dataconnect.yaml in `c:\\Users\\claud\\OneDrive\\Documentos\\NeuroAds\\LP\\dataconnect`\n"}}
[debug] [2026-05-06T09:19:06.205Z] E0506 06:19:06.204210   15908 watch.go:116] watchAllDir unable to walk dir `c:\Users\claud\OneDrive\Documentos\NeuroAds\LP\dataconnect`: GetFileAttributesEx c:\Users\claud\OneDrive\Documentos\NeuroAds\LP\dataconnect: The system cannot find the file specified.
 {"metadata":{"emulator":{"name":"dataconnect"},"message":"E0506 06:19:06.204210   15908 watch.go:116] watchAllDir unable to walk dir `c:\\Users\\claud\\OneDrive\\Documentos\\NeuroAds\\LP\\dataconnect`: GetFileAttributesEx c:\\Users\\claud\\OneDrive\\Documentos\\NeuroAds\\LP\\dataconnect: The system cannot find the file specified.\n"}}
[debug] [2026-05-06T09:19:06.214Z] E0506 06:19:06.213778   15908 watch.go:40] Failed to load config from "c:\\Users\\claud\\OneDrive\\Documentos\\NeuroAds\\LP\\dataconnect": could not find dataconnect.yaml in `c:\Users\claud\OneDrive\Documentos\NeuroAds\LP\dataconnect`
 {"metadata":{"emulator":{"name":"dataconnect"},"message":"E0506 06:19:06.213778   15908 watch.go:40] Failed to load config from \"c:\\\\Users\\\\claud\\\\OneDrive\\\\Documentos\\\\NeuroAds\\\\LP\\\\dataconnect\": could not find dataconnect.yaml in `c:\\Users\\claud\\OneDrive\\Documentos\\NeuroAds\\LP\\dataconnect`\n"}}
[debug] [2026-05-06T09:19:16.391Z] E0506 06:19:16.113495   15908 watch.go:40] Failed to load config from "c:\\Users\\claud\\OneDrive\\Documentos\\NeuroAds\\LP\\dataconnect": could not find dataconnect.yaml in `c:\Users\claud\OneDrive\Documentos\NeuroAds\LP\dataconnect`
 {"metadata":{"emulator":{"name":"dataconnect"},"message":"E0506 06:19:16.113495   15908 watch.go:40] Failed to load config from \"c:\\\\Users\\\\claud\\\\OneDrive\\\\Documentos\\\\NeuroAds\\\\LP\\\\dataconnect\": could not find dataconnect.yaml in `c:\\Users\\claud\\OneDrive\\Documentos\\NeuroAds\\LP\\dataconnect`\n"}}
[debug] [2026-05-06T09:19:26.140Z] E0506 06:19:26.110250   15908 watch.go:40] Failed to load config from "c:\\Users\\claud\\OneDrive\\Documentos\\NeuroAds\\LP\\dataconnect": could not find dataconnect.yaml in `c:\Users\claud\OneDrive\Documentos\NeuroAds\LP\dataconnect`
 {"metadata":{"emulator":{"name":"dataconnect"},"message":"E0506 06:19:26.110250   15908 watch.go:40] Failed to load config from \"c:\\\\Users\\\\claud\\\\OneDrive\\\\Documentos\\\\NeuroAds\\\\LP\\\\dataconnect\": could not find dataconnect.yaml in `c:\\Users\\claud\\OneDrive\\Documentos\\NeuroAds\\LP\\dataconnect`\n"}}
[debug] [2026-05-06T09:19:36.221Z] E0506 06:19:36.109027   15908 watch.go:40] Failed to load config from "c:\\Users\\claud\\OneDrive\\Documentos\\NeuroAds\\LP\\dataconnect": could not find dataconnect.yaml in `c:\Users\claud\OneDrive\Documentos\NeuroAds\LP\dataconnect`
 {"metadata":{"emulator":{"name":"dataconnect"},"message":"E0506 06:19:36.109027   15908 watch.go:40] Failed to load config from \"c:\\\\Users\\\\claud\\\\OneDrive\\\\Documentos\\\\NeuroAds\\\\LP\\\\dataconnect\": could not find dataconnect.yaml in `c:\\Users\\claud\\OneDrive\\Documentos\\NeuroAds\\LP\\dataconnect`\n"}}
[debug] [2026-05-06T09:19:46.192Z] E0506 06:19:46.108507   15908 watch.go:40] Failed to load config from "c:\\Users\\claud\\OneDrive\\Documentos\\NeuroAds\\LP\\dataconnect": could not find dataconnect.yaml in `c:\Users\claud\OneDrive\Documentos\NeuroAds\LP\dataconnect`
 {"metadata":{"emulator":{"name":"dataconnect"},"message":"E0506 06:19:46.108507   15908 watch.go:40] Failed to load config from \"c:\\\\Users\\\\claud\\\\OneDrive\\\\Documentos\\\\NeuroAds\\\\LP\\\\dataconnect\": could not find dataconnect.yaml in `c:\\Users\\claud\\OneDrive\\Documentos\\NeuroAds\\LP\\dataconnect`\n"}}
[debug] [2026-05-06T09:19:56.120Z] E0506 06:19:56.108730   15908 watch.go:40] Failed to load config from "c:\\Users\\claud\\OneDrive\\Documentos\\NeuroAds\\LP\\dataconnect": could not find dataconnect.yaml in `c:\Users\claud\OneDrive\Documentos\NeuroAds\LP\dataconnect`
 {"metadata":{"emulator":{"name":"dataconnect"},"message":"E0506 06:19:56.108730   15908 watch.go:40] Failed to load config from \"c:\\\\Users\\\\claud\\\\OneDrive\\\\Documentos\\\\NeuroAds\\\\LP\\\\dataconnect\": could not find dataconnect.yaml in `c:\\Users\\claud\\OneDrive\\Documentos\\NeuroAds\\LP\\dataconnect`\n"}}
[debug] [2026-05-06T09:20:06.128Z] E0506 06:20:06.108681   15908 watch.go:116] watchAllDir unable to walk dir `c:\Users\claud\OneDrive\Documentos\NeuroAds\LP\dataconnect`: GetFileAttributesEx c:\Users\claud\OneDrive\Documentos\NeuroAds\LP\dataconnect: The system cannot find the file specified.
E0506 06:20:06.109021   15908 watch.go:40] Failed to load config from "c:\\Users\\claud\\OneDrive\\Documentos\\NeuroAds\\LP\\dataconnect": could not find dataconnect.yaml in `c:\Users\claud\OneDrive\Documentos\NeuroAds\LP\dataconnect`
 {"metadata":{"emulator":{"name":"dataconnect"},"message":"E0506 06:20:06.108681   15908 watch.go:116] watchAllDir unable to walk dir `c:\\Users\\claud\\OneDrive\\Documentos\\NeuroAds\\LP\\dataconnect`: GetFileAttributesEx c:\\Users\\claud\\OneDrive\\Documentos\\NeuroAds\\LP\\dataconnect: The system cannot find the file specified.\nE0506 06:20:06.109021   15908 watch.go:40] Failed to load config from \"c:\\\\Users\\\\claud\\\\OneDrive\\\\Documentos\\\\NeuroAds\\\\LP\\\\dataconnect\": could not find dataconnect.yaml in `c:\\Users\\claud\\OneDrive\\Documentos\\NeuroAds\\LP\\dataconnect`\n"}}
[debug] [2026-05-06T09:20:16.113Z] E0506 06:20:16.107987   15908 watch.go:40] Failed to load config from "c:\\Users\\claud\\OneDrive\\Documentos\\NeuroAds\\LP\\dataconnect": could not find dataconnect.yaml in `c:\Users\claud\OneDrive\Documentos\NeuroAds\LP\dataconnect`
 {"metadata":{"emulator":{"name":"dataconnect"},"message":"E0506 06:20:16.107987   15908 watch.go:40] Failed to load config from \"c:\\\\Users\\\\claud\\\\OneDrive\\\\Documentos\\\\NeuroAds\\\\LP\\\\dataconnect\": could not find dataconnect.yaml in `c:\\Users\\claud\\OneDrive\\Documentos\\NeuroAds\\LP\\dataconnect`\n"}}
[debug] [2026-05-06T09:20:26.112Z] E0506 06:20:26.108335   15908 watch.go:40] Failed to load config from "c:\\Users\\claud\\OneDrive\\Documentos\\NeuroAds\\LP\\dataconnect": could not find dataconnect.yaml in `c:\Users\claud\OneDrive\Documentos\NeuroAds\LP\dataconnect`
 {"metadata":{"emulator":{"name":"dataconnect"},"message":"E0506 06:20:26.108335   15908 watch.go:40] Failed to load config from \"c:\\\\Users\\\\claud\\\\OneDrive\\\\Documentos\\\\NeuroAds\\\\LP\\\\dataconnect\": could not find dataconnect.yaml in `c:\\Users\\claud\\OneDrive\\Documentos\\NeuroAds\\LP\\dataconnect`\n"}}
[debug] [2026-05-06T09:20:36.412Z] E0506 06:20:36.111116   15908 watch.go:40] Failed to load config from "c:\\Users\\claud\\OneDrive\\Documentos\\NeuroAds\\LP\\dataconnect": could not find dataconnect.yaml in `c:\Users\claud\OneDrive\Documentos\NeuroAds\LP\dataconnect`
 {"metadata":{"emulator":{"name":"dataconnect"},"message":"E0506 06:20:36.111116   15908 watch.go:40] Failed to load config from \"c:\\\\Users\\\\claud\\\\OneDrive\\\\Documentos\\\\NeuroAds\\\\LP\\\\dataconnect\": could not find dataconnect.yaml in `c:\\Users\\claud\\OneDrive\\Documentos\\NeuroAds\\LP\\dataconnect`\n"}}
[debug] [2026-05-06T09:20:46.247Z] E0506 06:20:46.246824   15908 watch.go:40] Failed to load config from "c:\\Users\\claud\\OneDrive\\Documentos\\NeuroAds\\LP\\dataconnect": could not find dataconnect.yaml in `c:\Users\claud\OneDrive\Documentos\NeuroAds\LP\dataconnect`
 {"metadata":{"emulator":{"name":"dataconnect"},"message":"E0506 06:20:46.246824   15908 watch.go:40] Failed to load config from \"c:\\\\Users\\\\claud\\\\OneDrive\\\\Documentos\\\\NeuroAds\\\\LP\\\\dataconnect\": could not find dataconnect.yaml in `c:\\Users\\claud\\OneDrive\\Documentos\\NeuroAds\\LP\\dataconnect`\n"}}
[debug] [2026-05-06T09:20:56.288Z] E0506 06:20:56.109690   15908 watch.go:40] Failed to load config from "c:\\Users\\claud\\OneDrive\\Documentos\\NeuroAds\\LP\\dataconnect": could not find dataconnect.yaml in `c:\Users\claud\OneDrive\Documentos\NeuroAds\LP\dataconnect`
 {"metadata":{"emulator":{"name":"dataconnect"},"message":"E0506 06:20:56.109690   15908 watch.go:40] Failed to load config from \"c:\\\\Users\\\\claud\\\\OneDrive\\\\Documentos\\\\NeuroAds\\\\LP\\\\dataconnect\": could not find dataconnect.yaml in `c:\\Users\\claud\\OneDrive\\Documentos\\NeuroAds\\LP\\dataconnect`\n"}}
[debug] [2026-05-06T09:21:06.149Z] E0506 06:21:06.108276   15908 watch.go:116] watchAllDir unable to walk dir `c:\Users\claud\OneDrive\Documentos\NeuroAds\LP\dataconnect`: GetFileAttributesEx c:\Users\claud\OneDrive\Documentos\NeuroAds\LP\dataconnect: The system cannot find the file specified.
E0506 06:21:06.109280   15908 watch.go:40] Failed to load config from "c:\\Users\\claud\\OneDrive\\Documentos\\NeuroAds\\LP\\dataconnect": could not find dataconnect.yaml in `c:\Users\claud\OneDrive\Documentos\NeuroAds\LP\dataconnect`
 {"metadata":{"emulator":{"name":"dataconnect"},"message":"E0506 06:21:06.108276   15908 watch.go:116] watchAllDir unable to walk dir `c:\\Users\\claud\\OneDrive\\Documentos\\NeuroAds\\LP\\dataconnect`: GetFileAttributesEx c:\\Users\\claud\\OneDrive\\Documentos\\NeuroAds\\LP\\dataconnect: The system cannot find the file specified.\nE0506 06:21:06.109280   15908 watch.go:40] Failed to load config from \"c:\\\\Users\\\\claud\\\\OneDrive\\\\Documentos\\\\NeuroAds\\\\LP\\\\dataconnect\": could not find dataconnect.yaml in `c:\\Users\\claud\\OneDrive\\Documentos\\NeuroAds\\LP\\dataconnect`\n"}}
[debug] [2026-05-06T09:21:16.254Z] E0506 06:21:16.108708   15908 watch.go:40] Failed to load config from "c:\\Users\\claud\\OneDrive\\Documentos\\NeuroAds\\LP\\dataconnect": could not find dataconnect.yaml in `c:\Users\claud\OneDrive\Documentos\NeuroAds\LP\dataconnect`
 {"metadata":{"emulator":{"name":"dataconnect"},"message":"E0506 06:21:16.108708   15908 watch.go:40] Failed to load config from \"c:\\\\Users\\\\claud\\\\OneDrive\\\\Documentos\\\\NeuroAds\\\\LP\\\\dataconnect\": could not find dataconnect.yaml in `c:\\Users\\claud\\OneDrive\\Documentos\\NeuroAds\\LP\\dataconnect`\n"}}
[debug] [2026-05-06T09:21:26.120Z] E0506 06:21:26.109136   15908 watch.go:40] Failed to load config from "c:\\Users\\claud\\OneDrive\\Documentos\\NeuroAds\\LP\\dataconnect": could not find dataconnect.yaml in `c:\Users\claud\OneDrive\Documentos\NeuroAds\LP\dataconnect`
 {"metadata":{"emulator":{"name":"dataconnect"},"message":"E0506 06:21:26.109136   15908 watch.go:40] Failed to load config from \"c:\\\\Users\\\\claud\\\\OneDrive\\\\Documentos\\\\NeuroAds\\\\LP\\\\dataconnect\": could not find dataconnect.yaml in `c:\\Users\\claud\\OneDrive\\Documentos\\NeuroAds\\LP\\dataconnect`\n"}}
[debug] [2026-05-06T09:21:36.200Z] E0506 06:21:36.109317   15908 watch.go:40] Failed to load config from "c:\\Users\\claud\\OneDrive\\Documentos\\NeuroAds\\LP\\dataconnect": could not find dataconnect.yaml in `c:\Users\claud\OneDrive\Documentos\NeuroAds\LP\dataconnect`
 {"metadata":{"emulator":{"name":"dataconnect"},"message":"E0506 06:21:36.109317   15908 watch.go:40] Failed to load config from \"c:\\\\Users\\\\claud\\\\OneDrive\\\\Documentos\\\\NeuroAds\\\\LP\\\\dataconnect\": could not find dataconnect.yaml in `c:\\Users\\claud\\OneDrive\\Documentos\\NeuroAds\\LP\\dataconnect`\n"}}
[debug] [2026-05-06T09:21:46.121Z] E0506 06:21:46.108496   15908 watch.go:40] Failed to load config from "c:\\Users\\claud\\OneDrive\\Documentos\\NeuroAds\\LP\\dataconnect": could not find dataconnect.yaml in `c:\Users\claud\OneDrive\Documentos\NeuroAds\LP\dataconnect`
 {"metadata":{"emulator":{"name":"dataconnect"},"message":"E0506 06:21:46.108496   15908 watch.go:40] Failed to load config from \"c:\\\\Users\\\\claud\\\\OneDrive\\\\Documentos\\\\NeuroAds\\\\LP\\\\dataconnect\": could not find dataconnect.yaml in `c:\\Users\\claud\\OneDrive\\Documentos\\NeuroAds\\LP\\dataconnect`\n"}}
[debug] [2026-05-06T09:21:56.162Z] E0506 06:21:56.108197   15908 watch.go:40] Failed to load config from "c:\\Users\\claud\\OneDrive\\Documentos\\NeuroAds\\LP\\dataconnect": could not find dataconnect.yaml in `c:\Users\claud\OneDrive\Documentos\NeuroAds\LP\dataconnect`
 {"metadata":{"emulator":{"name":"dataconnect"},"message":"E0506 06:21:56.108197   15908 watch.go:40] Failed to load config from \"c:\\\\Users\\\\claud\\\\OneDrive\\\\Documentos\\\\NeuroAds\\\\LP\\\\dataconnect\": could not find dataconnect.yaml in `c:\\Users\\claud\\OneDrive\\Documentos\\NeuroAds\\LP\\dataconnect`\n"}}
[debug] [2026-05-06T09:22:06.156Z] E0506 06:22:06.108288   15908 watch.go:116] watchAllDir unable to walk dir `c:\Users\claud\OneDrive\Documentos\NeuroAds\LP\dataconnect`: GetFileAttributesEx c:\Users\claud\OneDrive\Documentos\NeuroAds\LP\dataconnect: The system cannot find the file specified.
E0506 06:22:06.108288   15908 watch.go:40] Failed to load config from "c:\\Users\\claud\\OneDrive\\Documentos\\NeuroAds\\LP\\dataconnect": could not find dataconnect.yaml in `c:\Users\claud\OneDrive\Documentos\NeuroAds\LP\dataconnect`
 {"metadata":{"emulator":{"name":"dataconnect"},"message":"E0506 06:22:06.108288   15908 watch.go:116] watchAllDir unable to walk dir `c:\\Users\\claud\\OneDrive\\Documentos\\NeuroAds\\LP\\dataconnect`: GetFileAttributesEx c:\\Users\\claud\\OneDrive\\Documentos\\NeuroAds\\LP\\dataconnect: The system cannot find the file specified.\nE0506 06:22:06.108288   15908 watch.go:40] Failed to load config from \"c:\\\\Users\\\\claud\\\\OneDrive\\\\Documentos\\\\NeuroAds\\\\LP\\\\dataconnect\": could not find dataconnect.yaml in `c:\\Users\\claud\\OneDrive\\Documentos\\NeuroAds\\LP\\dataconnect`\n"}}
[debug] [2026-05-06T09:22:16.166Z] E0506 06:22:16.108063   15908 watch.go:40] Failed to load config from "c:\\Users\\claud\\OneDrive\\Documentos\\NeuroAds\\LP\\dataconnect": could not find dataconnect.yaml in `c:\Users\claud\OneDrive\Documentos\NeuroAds\LP\dataconnect`
 {"metadata":{"emulator":{"name":"dataconnect"},"message":"E0506 06:22:16.108063   15908 watch.go:40] Failed to load config from \"c:\\\\Users\\\\claud\\\\OneDrive\\\\Documentos\\\\NeuroAds\\\\LP\\\\dataconnect\": could not find dataconnect.yaml in `c:\\Users\\claud\\OneDrive\\Documentos\\NeuroAds\\LP\\dataconnect`\n"}}
[debug] [2026-05-06T09:22:26.127Z] E0506 06:22:26.108282   15908 watch.go:40] Failed to load config from "c:\\Users\\claud\\OneDrive\\Documentos\\NeuroAds\\LP\\dataconnect": could not find dataconnect.yaml in `c:\Users\claud\OneDrive\Documentos\NeuroAds\LP\dataconnect`
 {"metadata":{"emulator":{"name":"dataconnect"},"message":"E0506 06:22:26.108282   15908 watch.go:40] Failed to load config from \"c:\\\\Users\\\\claud\\\\OneDrive\\\\Documentos\\\\NeuroAds\\\\LP\\\\dataconnect\": could not find dataconnect.yaml in `c:\\Users\\claud\\OneDrive\\Documentos\\NeuroAds\\LP\\dataconnect`\n"}}
[debug] [2026-05-06T09:22:36.135Z] E0506 06:22:36.108801   15908 watch.go:40] Failed to load config from "c:\\Users\\claud\\OneDrive\\Documentos\\NeuroAds\\LP\\dataconnect": could not find dataconnect.yaml in `c:\Users\claud\OneDrive\Documentos\NeuroAds\LP\dataconnect`
 {"metadata":{"emulator":{"name":"dataconnect"},"message":"E0506 06:22:36.108801   15908 watch.go:40] Failed to load config from \"c:\\\\Users\\\\claud\\\\OneDrive\\\\Documentos\\\\NeuroAds\\\\LP\\\\dataconnect\": could not find dataconnect.yaml in `c:\\Users\\claud\\OneDrive\\Documentos\\NeuroAds\\LP\\dataconnect`\n"}}
[debug] [2026-05-06T09:22:46.143Z] E0506 06:22:46.108820   15908 watch.go:40] Failed to load config from "c:\\Users\\claud\\OneDrive\\Documentos\\NeuroAds\\LP\\dataconnect": could not find dataconnect.yaml in `c:\Users\claud\OneDrive\Documentos\NeuroAds\LP\dataconnect`
 {"metadata":{"emulator":{"name":"dataconnect"},"message":"E0506 06:22:46.108820   15908 watch.go:40] Failed to load config from \"c:\\\\Users\\\\claud\\\\OneDrive\\\\Documentos\\\\NeuroAds\\\\LP\\\\dataconnect\": could not find dataconnect.yaml in `c:\\Users\\claud\\OneDrive\\Documentos\\NeuroAds\\LP\\dataconnect`\n"}}
[debug] [2026-05-06T09:22:56.141Z] E0506 06:22:56.109237   15908 watch.go:40] Failed to load config from "c:\\Users\\claud\\OneDrive\\Documentos\\NeuroAds\\LP\\dataconnect": could not find dataconnect.yaml in `c:\Users\claud\OneDrive\Documentos\NeuroAds\LP\dataconnect`
 {"metadata":{"emulator":{"name":"dataconnect"},"message":"E0506 06:22:56.109237   15908 watch.go:40] Failed to load config from \"c:\\\\Users\\\\claud\\\\OneDrive\\\\Documentos\\\\NeuroAds\\\\LP\\\\dataconnect\": could not find dataconnect.yaml in `c:\\Users\\claud\\OneDrive\\Documentos\\NeuroAds\\LP\\dataconnect`\n"}}
[debug] [2026-05-06T09:23:06.235Z] E0506 06:23:06.108267   15908 watch.go:116] watchAllDir unable to walk dir `c:\Users\claud\OneDrive\Documentos\NeuroAds\LP\dataconnect`: GetFileAttributesEx c:\Users\claud\OneDrive\Documentos\NeuroAds\LP\dataconnect: The system cannot find the file specified.
E0506 06:23:06.109079   15908 watch.go:40] Failed to load config from "c:\\Users\\claud\\OneDrive\\Documentos\\NeuroAds\\LP\\dataconnect": could not find dataconnect.yaml in `c:\Users\claud\OneDrive\Documentos\NeuroAds\LP\dataconnect`
 {"metadata":{"emulator":{"name":"dataconnect"},"message":"E0506 06:23:06.108267   15908 watch.go:116] watchAllDir unable to walk dir `c:\\Users\\claud\\OneDrive\\Documentos\\NeuroAds\\LP\\dataconnect`: GetFileAttributesEx c:\\Users\\claud\\OneDrive\\Documentos\\NeuroAds\\LP\\dataconnect: The system cannot find the file specified.\nE0506 06:23:06.109079   15908 watch.go:40] Failed to load config from \"c:\\\\Users\\\\claud\\\\OneDrive\\\\Documentos\\\\NeuroAds\\\\LP\\\\dataconnect\": could not find dataconnect.yaml in `c:\\Users\\claud\\OneDrive\\Documentos\\NeuroAds\\LP\\dataconnect`\n"}}
[debug] [2026-05-06T09:23:16.196Z] E0506 06:23:16.109212   15908 watch.go:40] Failed to load config from "c:\\Users\\claud\\OneDrive\\Documentos\\NeuroAds\\LP\\dataconnect": could not find dataconnect.yaml in `c:\Users\claud\OneDrive\Documentos\NeuroAds\LP\dataconnect`
 {"metadata":{"emulator":{"name":"dataconnect"},"message":"E0506 06:23:16.109212   15908 watch.go:40] Failed to load config from \"c:\\\\Users\\\\claud\\\\OneDrive\\\\Documentos\\\\NeuroAds\\\\LP\\\\dataconnect\": could not find dataconnect.yaml in `c:\\Users\\claud\\OneDrive\\Documentos\\NeuroAds\\LP\\dataconnect`\n"}}
[debug] [2026-05-06T09:23:26.251Z] E0506 06:23:26.109083   15908 watch.go:40] Failed to load config from "c:\\Users\\claud\\OneDrive\\Documentos\\NeuroAds\\LP\\dataconnect": could not find dataconnect.yaml in `c:\Users\claud\OneDrive\Documentos\NeuroAds\LP\dataconnect`
 {"metadata":{"emulator":{"name":"dataconnect"},"message":"E0506 06:23:26.109083   15908 watch.go:40] Failed to load config from \"c:\\\\Users\\\\claud\\\\OneDrive\\\\Documentos\\\\NeuroAds\\\\LP\\\\dataconnect\": could not find dataconnect.yaml in `c:\\Users\\claud\\OneDrive\\Documentos\\NeuroAds\\LP\\dataconnect`\n"}}
[debug] [2026-05-06T09:23:36.298Z] E0506 06:23:36.109169   15908 watch.go:40] Failed to load config from "c:\\Users\\claud\\OneDrive\\Documentos\\NeuroAds\\LP\\dataconnect": could not find dataconnect.yaml in `c:\Users\claud\OneDrive\Documentos\NeuroAds\LP\dataconnect`
 {"metadata":{"emulator":{"name":"dataconnect"},"message":"E0506 06:23:36.109169   15908 watch.go:40] Failed to load config from \"c:\\\\Users\\\\claud\\\\OneDrive\\\\Documentos\\\\NeuroAds\\\\LP\\\\dataconnect\": could not find dataconnect.yaml in `c:\\Users\\claud\\OneDrive\\Documentos\\NeuroAds\\LP\\dataconnect`\n"}}
[debug] [2026-05-06T09:23:46.138Z] E0506 06:23:46.108204   15908 watch.go:40] Failed to load config from "c:\\Users\\claud\\OneDrive\\Documentos\\NeuroAds\\LP\\dataconnect": could not find dataconnect.yaml in `c:\Users\claud\OneDrive\Documentos\NeuroAds\LP\dataconnect`
 {"metadata":{"emulator":{"name":"dataconnect"},"message":"E0506 06:23:46.108204   15908 watch.go:40] Failed to load config from \"c:\\\\Users\\\\claud\\\\OneDrive\\\\Documentos\\\\NeuroAds\\\\LP\\\\dataconnect\": could not find dataconnect.yaml in `c:\\Users\\claud\\OneDrive\\Documentos\\NeuroAds\\LP\\dataconnect`\n"}}
[debug] [2026-05-06T09:23:56.109Z] E0506 06:23:56.108714   15908 watch.go:40] Failed to load config from "c:\\Users\\claud\\OneDrive\\Documentos\\NeuroAds\\LP\\dataconnect": could not find dataconnect.yaml in `c:\Users\claud\OneDrive\Documentos\NeuroAds\LP\dataconnect`
 {"metadata":{"emulator":{"name":"dataconnect"},"message":"E0506 06:23:56.108714   15908 watch.go:40] Failed to load config from \"c:\\\\Users\\\\claud\\\\OneDrive\\\\Documentos\\\\NeuroAds\\\\LP\\\\dataconnect\": could not find dataconnect.yaml in `c:\\Users\\claud\\OneDrive\\Documentos\\NeuroAds\\LP\\dataconnect`\n"}}
[debug] [2026-05-06T09:24:06.165Z] E0506 06:24:06.108638   15908 watch.go:116] watchAllDir unable to walk dir `c:\Users\claud\OneDrive\Documentos\NeuroAds\LP\dataconnect`: GetFileAttributesEx c:\Users\claud\OneDrive\Documentos\NeuroAds\LP\dataconnect: The system cannot find the file specified.
E0506 06:24:06.109418   15908 watch.go:40] Failed to load config from "c:\\Users\\claud\\OneDrive\\Documentos\\NeuroAds\\LP\\dataconnect": could not find dataconnect.yaml in `c:\Users\claud\OneDrive\Documentos\NeuroAds\LP\dataconnect`
 {"metadata":{"emulator":{"name":"dataconnect"},"message":"E0506 06:24:06.108638   15908 watch.go:116] watchAllDir unable to walk dir `c:\\Users\\claud\\OneDrive\\Documentos\\NeuroAds\\LP\\dataconnect`: GetFileAttributesEx c:\\Users\\claud\\OneDrive\\Documentos\\NeuroAds\\LP\\dataconnect: The system cannot find the file specified.\nE0506 06:24:06.109418   15908 watch.go:40] Failed to load config from \"c:\\\\Users\\\\claud\\\\OneDrive\\\\Documentos\\\\NeuroAds\\\\LP\\\\dataconnect\": could not find dataconnect.yaml in `c:\\Users\\claud\\OneDrive\\Documentos\\NeuroAds\\LP\\dataconnect`\n"}}
[debug] [2026-05-06T09:24:16.109Z] E0506 06:24:16.108499   15908 watch.go:40] Failed to load config from "c:\\Users\\claud\\OneDrive\\Documentos\\NeuroAds\\LP\\dataconnect": could not find dataconnect.yaml in `c:\Users\claud\OneDrive\Documentos\NeuroAds\LP\dataconnect`
 {"metadata":{"emulator":{"name":"dataconnect"},"message":"E0506 06:24:16.108499   15908 watch.go:40] Failed to load config from \"c:\\\\Users\\\\claud\\\\OneDrive\\\\Documentos\\\\NeuroAds\\\\LP\\\\dataconnect\": could not find dataconnect.yaml in `c:\\Users\\claud\\OneDrive\\Documentos\\NeuroAds\\LP\\dataconnect`\n"}}
[debug] [2026-05-06T09:24:26.216Z] E0506 06:24:26.108755   15908 watch.go:40] Failed to load config from "c:\\Users\\claud\\OneDrive\\Documentos\\NeuroAds\\LP\\dataconnect": could not find dataconnect.yaml in `c:\Users\claud\OneDrive\Documentos\NeuroAds\LP\dataconnect`
 {"metadata":{"emulator":{"name":"dataconnect"},"message":"E0506 06:24:26.108755   15908 watch.go:40] Failed to load config from \"c:\\\\Users\\\\claud\\\\OneDrive\\\\Documentos\\\\NeuroAds\\\\LP\\\\dataconnect\": could not find dataconnect.yaml in `c:\\Users\\claud\\OneDrive\\Documentos\\NeuroAds\\LP\\dataconnect`\n"}}
[debug] [2026-05-06T09:24:36.158Z] E0506 06:24:36.108057   15908 watch.go:40] Failed to load config from "c:\\Users\\claud\\OneDrive\\Documentos\\NeuroAds\\LP\\dataconnect": could not find dataconnect.yaml in `c:\Users\claud\OneDrive\Documentos\NeuroAds\LP\dataconnect`
 {"metadata":{"emulator":{"name":"dataconnect"},"message":"E0506 06:24:36.108057   15908 watch.go:40] Failed to load config from \"c:\\\\Users\\\\claud\\\\OneDrive\\\\Documentos\\\\NeuroAds\\\\LP\\\\dataconnect\": could not find dataconnect.yaml in `c:\\Users\\claud\\OneDrive\\Documentos\\NeuroAds\\LP\\dataconnect`\n"}}
[debug] [2026-05-06T09:24:46.157Z] E0506 06:24:46.108700   15908 watch.go:40] Failed to load config from "c:\\Users\\claud\\OneDrive\\Documentos\\NeuroAds\\LP\\dataconnect": could not find dataconnect.yaml in `c:\Users\claud\OneDrive\Documentos\NeuroAds\LP\dataconnect`
 {"metadata":{"emulator":{"name":"dataconnect"},"message":"E0506 06:24:46.108700   15908 watch.go:40] Failed to load config from \"c:\\\\Users\\\\claud\\\\OneDrive\\\\Documentos\\\\NeuroAds\\\\LP\\\\dataconnect\": could not find dataconnect.yaml in `c:\\Users\\claud\\OneDrive\\Documentos\\NeuroAds\\LP\\dataconnect`\n"}}
[debug] [2026-05-06T09:24:56.143Z] E0506 06:24:56.108094   15908 watch.go:40] Failed to load config from "c:\\Users\\claud\\OneDrive\\Documentos\\NeuroAds\\LP\\dataconnect": could not find dataconnect.yaml in `c:\Users\claud\OneDrive\Documentos\NeuroAds\LP\dataconnect`
 {"metadata":{"emulator":{"name":"dataconnect"},"message":"E0506 06:24:56.108094   15908 watch.go:40] Failed to load config from \"c:\\\\Users\\\\claud\\\\OneDrive\\\\Documentos\\\\NeuroAds\\\\LP\\\\dataconnect\": could not find dataconnect.yaml in `c:\\Users\\claud\\OneDrive\\Documentos\\NeuroAds\\LP\\dataconnect`\n"}}
[debug] [2026-05-06T09:25:06.337Z] E0506 06:25:06.108727   15908 watch.go:116] watchAllDir unable to walk dir `c:\Users\claud\OneDrive\Documentos\NeuroAds\LP\dataconnect`: GetFileAttributesEx c:\Users\claud\OneDrive\Documentos\NeuroAds\LP\dataconnect: The system cannot find the file specified.
E0506 06:25:06.116461   15908 watch.go:40] Failed to load config from "c:\\Users\\claud\\OneDrive\\Documentos\\NeuroAds\\LP\\dataconnect": could not find dataconnect.yaml in `c:\Users\claud\OneDrive\Documentos\NeuroAds\LP\dataconnect`
 {"metadata":{"emulator":{"name":"dataconnect"},"message":"E0506 06:25:06.108727   15908 watch.go:116] watchAllDir unable to walk dir `c:\\Users\\claud\\OneDrive\\Documentos\\NeuroAds\\LP\\dataconnect`: GetFileAttributesEx c:\\Users\\claud\\OneDrive\\Documentos\\NeuroAds\\LP\\dataconnect: The system cannot find the file specified.\nE0506 06:25:06.116461   15908 watch.go:40] Failed to load config from \"c:\\\\Users\\\\claud\\\\OneDrive\\\\Documentos\\\\NeuroAds\\\\LP\\\\dataconnect\": could not find dataconnect.yaml in `c:\\Users\\claud\\OneDrive\\Documentos\\NeuroAds\\LP\\dataconnect`\n"}}
[debug] [2026-05-06T09:25:16.140Z] E0506 06:25:16.134700   15908 watch.go:40] Failed to load config from "c:\\Users\\claud\\OneDrive\\Documentos\\NeuroAds\\LP\\dataconnect": could not find dataconnect.yaml in `c:\Users\claud\OneDrive\Documentos\NeuroAds\LP\dataconnect`
 {"metadata":{"emulator":{"name":"dataconnect"},"message":"E0506 06:25:16.134700   15908 watch.go:40] Failed to load config from \"c:\\\\Users\\\\claud\\\\OneDrive\\\\Documentos\\\\NeuroAds\\\\LP\\\\dataconnect\": could not find dataconnect.yaml in `c:\\Users\\claud\\OneDrive\\Documentos\\NeuroAds\\LP\\dataconnect`\n"}}
[debug] [2026-05-06T09:25:26.301Z] E0506 06:25:26.111317   15908 watch.go:40] Failed to load config from "c:\\Users\\claud\\OneDrive\\Documentos\\NeuroAds\\LP\\dataconnect": could not find dataconnect.yaml in `c:\Users\claud\OneDrive\Documentos\NeuroAds\LP\dataconnect`
 {"metadata":{"emulator":{"name":"dataconnect"},"message":"E0506 06:25:26.111317   15908 watch.go:40] Failed to load config from \"c:\\\\Users\\\\claud\\\\OneDrive\\\\Documentos\\\\NeuroAds\\\\LP\\\\dataconnect\": could not find dataconnect.yaml in `c:\\Users\\claud\\OneDrive\\Documentos\\NeuroAds\\LP\\dataconnect`\n"}}
[debug] [2026-05-06T09:25:36.187Z] E0506 06:25:36.109279   15908 watch.go:40] Failed to load config from "c:\\Users\\claud\\OneDrive\\Documentos\\NeuroAds\\LP\\dataconnect": could not find dataconnect.yaml in `c:\Users\claud\OneDrive\Documentos\NeuroAds\LP\dataconnect`
 {"metadata":{"emulator":{"name":"dataconnect"},"message":"E0506 06:25:36.109279   15908 watch.go:40] Failed to load config from \"c:\\\\Users\\\\claud\\\\OneDrive\\\\Documentos\\\\NeuroAds\\\\LP\\\\dataconnect\": could not find dataconnect.yaml in `c:\\Users\\claud\\OneDrive\\Documentos\\NeuroAds\\LP\\dataconnect`\n"}}
[debug] [2026-05-06T09:25:46.166Z] E0506 06:25:46.108951   15908 watch.go:40] Failed to load config from "c:\\Users\\claud\\OneDrive\\Documentos\\NeuroAds\\LP\\dataconnect": could not find dataconnect.yaml in `c:\Users\claud\OneDrive\Documentos\NeuroAds\LP\dataconnect`
 {"metadata":{"emulator":{"name":"dataconnect"},"message":"E0506 06:25:46.108951   15908 watch.go:40] Failed to load config from \"c:\\\\Users\\\\claud\\\\OneDrive\\\\Documentos\\\\NeuroAds\\\\LP\\\\dataconnect\": could not find dataconnect.yaml in `c:\\Users\\claud\\OneDrive\\Documentos\\NeuroAds\\LP\\dataconnect`\n"}}
[debug] [2026-05-06T09:25:56.126Z] E0506 06:25:56.108451   15908 watch.go:40] Failed to load config from "c:\\Users\\claud\\OneDrive\\Documentos\\NeuroAds\\LP\\dataconnect": could not find dataconnect.yaml in `c:\Users\claud\OneDrive\Documentos\NeuroAds\LP\dataconnect`
 {"metadata":{"emulator":{"name":"dataconnect"},"message":"E0506 06:25:56.108451   15908 watch.go:40] Failed to load config from \"c:\\\\Users\\\\claud\\\\OneDrive\\\\Documentos\\\\NeuroAds\\\\LP\\\\dataconnect\": could not find dataconnect.yaml in `c:\\Users\\claud\\OneDrive\\Documentos\\NeuroAds\\LP\\dataconnect`\n"}}
[debug] [2026-05-06T09:26:06.128Z] E0506 06:26:06.108259   15908 watch.go:116] watchAllDir unable to walk dir `c:\Users\claud\OneDrive\Documentos\NeuroAds\LP\dataconnect`: GetFileAttributesEx c:\Users\claud\OneDrive\Documentos\NeuroAds\LP\dataconnect: The system cannot find the file specified.
E0506 06:26:06.109055   15908 watch.go:40] Failed to load config from "c:\\Users\\claud\\OneDrive\\Documentos\\NeuroAds\\LP\\dataconnect": could not find dataconnect.yaml in `c:\Users\claud\OneDrive\Documentos\NeuroAds\LP\dataconnect`
 {"metadata":{"emulator":{"name":"dataconnect"},"message":"E0506 06:26:06.108259   15908 watch.go:116] watchAllDir unable to walk dir `c:\\Users\\claud\\OneDrive\\Documentos\\NeuroAds\\LP\\dataconnect`: GetFileAttributesEx c:\\Users\\claud\\OneDrive\\Documentos\\NeuroAds\\LP\\dataconnect: The system cannot find the file specified.\nE0506 06:26:06.109055   15908 watch.go:40] Failed to load config from \"c:\\\\Users\\\\claud\\\\OneDrive\\\\Documentos\\\\NeuroAds\\\\LP\\\\dataconnect\": could not find dataconnect.yaml in `c:\\Users\\claud\\OneDrive\\Documentos\\NeuroAds\\LP\\dataconnect`\n"}}
[debug] [2026-05-06T09:26:16.113Z] E0506 06:26:16.108271   15908 watch.go:40] Failed to load config from "c:\\Users\\claud\\OneDrive\\Documentos\\NeuroAds\\LP\\dataconnect": could not find dataconnect.yaml in `c:\Users\claud\OneDrive\Documentos\NeuroAds\LP\dataconnect`
 {"metadata":{"emulator":{"name":"dataconnect"},"message":"E0506 06:26:16.108271   15908 watch.go:40] Failed to load config from \"c:\\\\Users\\\\claud\\\\OneDrive\\\\Documentos\\\\NeuroAds\\\\LP\\\\dataconnect\": could not find dataconnect.yaml in `c:\\Users\\claud\\OneDrive\\Documentos\\NeuroAds\\LP\\dataconnect`\n"}}
[debug] [2026-05-06T09:26:26.144Z] E0506 06:26:26.108529   15908 watch.go:40] Failed to load config from "c:\\Users\\claud\\OneDrive\\Documentos\\NeuroAds\\LP\\dataconnect": could not find dataconnect.yaml in `c:\Users\claud\OneDrive\Documentos\NeuroAds\LP\dataconnect`
 {"metadata":{"emulator":{"name":"dataconnect"},"message":"E0506 06:26:26.108529   15908 watch.go:40] Failed to load config from \"c:\\\\Users\\\\claud\\\\OneDrive\\\\Documentos\\\\NeuroAds\\\\LP\\\\dataconnect\": could not find dataconnect.yaml in `c:\\Users\\claud\\OneDrive\\Documentos\\NeuroAds\\LP\\dataconnect`\n"}}
[debug] [2026-05-06T09:26:36.138Z] E0506 06:26:36.108434   15908 watch.go:40] Failed to load config from "c:\\Users\\claud\\OneDrive\\Documentos\\NeuroAds\\LP\\dataconnect": could not find dataconnect.yaml in `c:\Users\claud\OneDrive\Documentos\NeuroAds\LP\dataconnect`
 {"metadata":{"emulator":{"name":"dataconnect"},"message":"E0506 06:26:36.108434   15908 watch.go:40] Failed to load config from \"c:\\\\Users\\\\claud\\\\OneDrive\\\\Documentos\\\\NeuroAds\\\\LP\\\\dataconnect\": could not find dataconnect.yaml in `c:\\Users\\claud\\OneDrive\\Documentos\\NeuroAds\\LP\\dataconnect`\n"}}
[debug] [2026-05-06T09:26:46.151Z] E0506 06:26:46.108348   15908 watch.go:40] Failed to load config from "c:\\Users\\claud\\OneDrive\\Documentos\\NeuroAds\\LP\\dataconnect": could not find dataconnect.yaml in `c:\Users\claud\OneDrive\Documentos\NeuroAds\LP\dataconnect`
 {"metadata":{"emulator":{"name":"dataconnect"},"message":"E0506 06:26:46.108348   15908 watch.go:40] Failed to load config from \"c:\\\\Users\\\\claud\\\\OneDrive\\\\Documentos\\\\NeuroAds\\\\LP\\\\dataconnect\": could not find dataconnect.yaml in `c:\\Users\\claud\\OneDrive\\Documentos\\NeuroAds\\LP\\dataconnect`\n"}}
[debug] [2026-05-06T09:26:56.108Z] E0506 06:26:56.108917   15908 watch.go:40] Failed to load config from "c:\\Users\\claud\\OneDrive\\Documentos\\NeuroAds\\LP\\dataconnect": could not find dataconnect.yaml in `c:\Users\claud\OneDrive\Documentos\NeuroAds\LP\dataconnect`
 {"metadata":{"emulator":{"name":"dataconnect"},"message":"E0506 06:26:56.108917   15908 watch.go:40] Failed to load config from \"c:\\\\Users\\\\claud\\\\OneDrive\\\\Documentos\\\\NeuroAds\\\\LP\\\\dataconnect\": could not find dataconnect.yaml in `c:\\Users\\claud\\OneDrive\\Documentos\\NeuroAds\\LP\\dataconnect`\n"}}
[debug] [2026-05-06T09:27:06.107Z] E0506 06:27:06.108269   15908 watch.go:116] watchAllDir unable to walk dir `c:\Users\claud\OneDrive\Documentos\NeuroAds\LP\dataconnect`: GetFileAttributesEx c:\Users\claud\OneDrive\Documentos\NeuroAds\LP\dataconnect: The system cannot find the file specified.
E0506 06:27:06.108269   15908 watch.go:40] Failed to load config from "c:\\Users\\claud\\OneDrive\\Documentos\\NeuroAds\\LP\\dataconnect": could not find dataconnect.yaml in `c:\Users\claud\OneDrive\Documentos\NeuroAds\LP\dataconnect`
 {"metadata":{"emulator":{"name":"dataconnect"},"message":"E0506 06:27:06.108269   15908 watch.go:116] watchAllDir unable to walk dir `c:\\Users\\claud\\OneDrive\\Documentos\\NeuroAds\\LP\\dataconnect`: GetFileAttributesEx c:\\Users\\claud\\OneDrive\\Documentos\\NeuroAds\\LP\\dataconnect: The system cannot find the file specified.\nE0506 06:27:06.108269   15908 watch.go:40] Failed to load config from \"c:\\\\Users\\\\claud\\\\OneDrive\\\\Documentos\\\\NeuroAds\\\\LP\\\\dataconnect\": could not find dataconnect.yaml in `c:\\Users\\claud\\OneDrive\\Documentos\\NeuroAds\\LP\\dataconnect`\n"}}
[debug] [2026-05-06T09:27:16.167Z] E0506 06:27:16.109112   15908 watch.go:40] Failed to load config from "c:\\Users\\claud\\OneDrive\\Documentos\\NeuroAds\\LP\\dataconnect": could not find dataconnect.yaml in `c:\Users\claud\OneDrive\Documentos\NeuroAds\LP\dataconnect`
 {"metadata":{"emulator":{"name":"dataconnect"},"message":"E0506 06:27:16.109112   15908 watch.go:40] Failed to load config from \"c:\\\\Users\\\\claud\\\\OneDrive\\\\Documentos\\\\NeuroAds\\\\LP\\\\dataconnect\": could not find dataconnect.yaml in `c:\\Users\\claud\\OneDrive\\Documentos\\NeuroAds\\LP\\dataconnect`\n"}}
[debug] [2026-05-06T09:27:26.107Z] E0506 06:27:26.108867   15908 watch.go:40] Failed to load config from "c:\\Users\\claud\\OneDrive\\Documentos\\NeuroAds\\LP\\dataconnect": could not find dataconnect.yaml in `c:\Users\claud\OneDrive\Documentos\NeuroAds\LP\dataconnect`
 {"metadata":{"emulator":{"name":"dataconnect"},"message":"E0506 06:27:26.108867   15908 watch.go:40] Failed to load config from \"c:\\\\Users\\\\claud\\\\OneDrive\\\\Documentos\\\\NeuroAds\\\\LP\\\\dataconnect\": could not find dataconnect.yaml in `c:\\Users\\claud\\OneDrive\\Documentos\\NeuroAds\\LP\\dataconnect`\n"}}
[debug] [2026-05-06T09:27:36.169Z] E0506 06:27:36.108236   15908 watch.go:40] Failed to load config from "c:\\Users\\claud\\OneDrive\\Documentos\\NeuroAds\\LP\\dataconnect": could not find dataconnect.yaml in `c:\Users\claud\OneDrive\Documentos\NeuroAds\LP\dataconnect`
 {"metadata":{"emulator":{"name":"dataconnect"},"message":"E0506 06:27:36.108236   15908 watch.go:40] Failed to load config from \"c:\\\\Users\\\\claud\\\\OneDrive\\\\Documentos\\\\NeuroAds\\\\LP\\\\dataconnect\": could not find dataconnect.yaml in `c:\\Users\\claud\\OneDrive\\Documentos\\NeuroAds\\LP\\dataconnect`\n"}}
[debug] [2026-05-06T09:27:46.161Z] E0506 06:27:46.108759   15908 watch.go:40] Failed to load config from "c:\\Users\\claud\\OneDrive\\Documentos\\NeuroAds\\LP\\dataconnect": could not find dataconnect.yaml in `c:\Users\claud\OneDrive\Documentos\NeuroAds\LP\dataconnect`
 {"metadata":{"emulator":{"name":"dataconnect"},"message":"E0506 06:27:46.108759   15908 watch.go:40] Failed to load config from \"c:\\\\Users\\\\claud\\\\OneDrive\\\\Documentos\\\\NeuroAds\\\\LP\\\\dataconnect\": could not find dataconnect.yaml in `c:\\Users\\claud\\OneDrive\\Documentos\\NeuroAds\\LP\\dataconnect`\n"}}
[debug] [2026-05-06T09:27:56.118Z] E0506 06:27:56.108713   15908 watch.go:40] Failed to load config from "c:\\Users\\claud\\OneDrive\\Documentos\\NeuroAds\\LP\\dataconnect": could not find dataconnect.yaml in `c:\Users\claud\OneDrive\Documentos\NeuroAds\LP\dataconnect`
 {"metadata":{"emulator":{"name":"dataconnect"},"message":"E0506 06:27:56.108713   15908 watch.go:40] Failed to load config from \"c:\\\\Users\\\\claud\\\\OneDrive\\\\Documentos\\\\NeuroAds\\\\LP\\\\dataconnect\": could not find dataconnect.yaml in `c:\\Users\\claud\\OneDrive\\Documentos\\NeuroAds\\LP\\dataconnect`\n"}}
[debug] [2026-05-06T09:28:06.132Z] E0506 06:28:06.108575   15908 watch.go:116] watchAllDir unable to walk dir `c:\Users\claud\OneDrive\Documentos\NeuroAds\LP\dataconnect`: GetFileAttributesEx c:\Users\claud\OneDrive\Documentos\NeuroAds\LP\dataconnect: The system cannot find the file specified.
E0506 06:28:06.108575   15908 watch.go:40] Failed to load config from "c:\\Users\\claud\\OneDrive\\Documentos\\NeuroAds\\LP\\dataconnect": could not find dataconnect.yaml in `c:\Users\claud\OneDrive\Documentos\NeuroAds\LP\dataconnect`
 {"metadata":{"emulator":{"name":"dataconnect"},"message":"E0506 06:28:06.108575   15908 watch.go:116] watchAllDir unable to walk dir `c:\\Users\\claud\\OneDrive\\Documentos\\NeuroAds\\LP\\dataconnect`: GetFileAttributesEx c:\\Users\\claud\\OneDrive\\Documentos\\NeuroAds\\LP\\dataconnect: The system cannot find the file specified.\nE0506 06:28:06.108575   15908 watch.go:40] Failed to load config from \"c:\\\\Users\\\\claud\\\\OneDrive\\\\Documentos\\\\NeuroAds\\\\LP\\\\dataconnect\": could not find dataconnect.yaml in `c:\\Users\\claud\\OneDrive\\Documentos\\NeuroAds\\LP\\dataconnect`\n"}}
[debug] [2026-05-06T09:28:16.164Z] E0506 06:28:16.108131   15908 watch.go:40] Failed to load config from "c:\\Users\\claud\\OneDrive\\Documentos\\NeuroAds\\LP\\dataconnect": could not find dataconnect.yaml in `c:\Users\claud\OneDrive\Documentos\NeuroAds\LP\dataconnect`
 {"metadata":{"emulator":{"name":"dataconnect"},"message":"E0506 06:28:16.108131   15908 watch.go:40] Failed to load config from \"c:\\\\Users\\\\claud\\\\OneDrive\\\\Documentos\\\\NeuroAds\\\\LP\\\\dataconnect\": could not find dataconnect.yaml in `c:\\Users\\claud\\OneDrive\\Documentos\\NeuroAds\\LP\\dataconnect`\n"}}
[debug] [2026-05-06T09:28:26.161Z] E0506 06:28:26.108254   15908 watch.go:40] Failed to load config from "c:\\Users\\claud\\OneDrive\\Documentos\\NeuroAds\\LP\\dataconnect": could not find dataconnect.yaml in `c:\Users\claud\OneDrive\Documentos\NeuroAds\LP\dataconnect`
 {"metadata":{"emulator":{"name":"dataconnect"},"message":"E0506 06:28:26.108254   15908 watch.go:40] Failed to load config from \"c:\\\\Users\\\\claud\\\\OneDrive\\\\Documentos\\\\NeuroAds\\\\LP\\\\dataconnect\": could not find dataconnect.yaml in `c:\\Users\\claud\\OneDrive\\Documentos\\NeuroAds\\LP\\dataconnect`\n"}}
[debug] [2026-05-06T09:28:36.109Z] E0506 06:28:36.108552   15908 watch.go:40] Failed to load config from "c:\\Users\\claud\\OneDrive\\Documentos\\NeuroAds\\LP\\dataconnect": could not find dataconnect.yaml in `c:\Users\claud\OneDrive\Documentos\NeuroAds\LP\dataconnect`
 {"metadata":{"emulator":{"name":"dataconnect"},"message":"E0506 06:28:36.108552   15908 watch.go:40] Failed to load config from \"c:\\\\Users\\\\claud\\\\OneDrive\\\\Documentos\\\\NeuroAds\\\\LP\\\\dataconnect\": could not find dataconnect.yaml in `c:\\Users\\claud\\OneDrive\\Documentos\\NeuroAds\\LP\\dataconnect`\n"}}
[debug] [2026-05-06T09:28:46.203Z] E0506 06:28:46.108680   15908 watch.go:40] Failed to load config from "c:\\Users\\claud\\OneDrive\\Documentos\\NeuroAds\\LP\\dataconnect": could not find dataconnect.yaml in `c:\Users\claud\OneDrive\Documentos\NeuroAds\LP\dataconnect`
 {"metadata":{"emulator":{"name":"dataconnect"},"message":"E0506 06:28:46.108680   15908 watch.go:40] Failed to load config from \"c:\\\\Users\\\\claud\\\\OneDrive\\\\Documentos\\\\NeuroAds\\\\LP\\\\dataconnect\": could not find dataconnect.yaml in `c:\\Users\\claud\\OneDrive\\Documentos\\NeuroAds\\LP\\dataconnect`\n"}}
[debug] [2026-05-06T09:28:56.172Z] E0506 06:28:56.108638   15908 watch.go:40] Failed to load config from "c:\\Users\\claud\\OneDrive\\Documentos\\NeuroAds\\LP\\dataconnect": could not find dataconnect.yaml in `c:\Users\claud\OneDrive\Documentos\NeuroAds\LP\dataconnect`
 {"metadata":{"emulator":{"name":"dataconnect"},"message":"E0506 06:28:56.108638   15908 watch.go:40] Failed to load config from \"c:\\\\Users\\\\claud\\\\OneDrive\\\\Documentos\\\\NeuroAds\\\\LP\\\\dataconnect\": could not find dataconnect.yaml in `c:\\Users\\claud\\OneDrive\\Documentos\\NeuroAds\\LP\\dataconnect`\n"}}
[debug] [2026-05-06T09:29:06.152Z] E0506 06:29:06.108227   15908 watch.go:116] watchAllDir unable to walk dir `c:\Users\claud\OneDrive\Documentos\NeuroAds\LP\dataconnect`: GetFileAttributesEx c:\Users\claud\OneDrive\Documentos\NeuroAds\LP\dataconnect: The system cannot find the file specified.
E0506 06:29:06.108227   15908 watch.go:40] Failed to load config from "c:\\Users\\claud\\OneDrive\\Documentos\\NeuroAds\\LP\\dataconnect": could not find dataconnect.yaml in `c:\Users\claud\OneDrive\Documentos\NeuroAds\LP\dataconnect`
 {"metadata":{"emulator":{"name":"dataconnect"},"message":"E0506 06:29:06.108227   15908 watch.go:116] watchAllDir unable to walk dir `c:\\Users\\claud\\OneDrive\\Documentos\\NeuroAds\\LP\\dataconnect`: GetFileAttributesEx c:\\Users\\claud\\OneDrive\\Documentos\\NeuroAds\\LP\\dataconnect: The system cannot find the file specified.\nE0506 06:29:06.108227   15908 watch.go:40] Failed to load config from \"c:\\\\Users\\\\claud\\\\OneDrive\\\\Documentos\\\\NeuroAds\\\\LP\\\\dataconnect\": could not find dataconnect.yaml in `c:\\Users\\claud\\OneDrive\\Documentos\\NeuroAds\\LP\\dataconnect`\n"}}
[debug] [2026-05-06T09:29:16.121Z] E0506 06:29:16.108673   15908 watch.go:40] Failed to load config from "c:\\Users\\claud\\OneDrive\\Documentos\\NeuroAds\\LP\\dataconnect": could not find dataconnect.yaml in `c:\Users\claud\OneDrive\Documentos\NeuroAds\LP\dataconnect`
 {"metadata":{"emulator":{"name":"dataconnect"},"message":"E0506 06:29:16.108673   15908 watch.go:40] Failed to load config from \"c:\\\\Users\\\\claud\\\\OneDrive\\\\Documentos\\\\NeuroAds\\\\LP\\\\dataconnect\": could not find dataconnect.yaml in `c:\\Users\\claud\\OneDrive\\Documentos\\NeuroAds\\LP\\dataconnect`\n"}}
[debug] [2026-05-06T09:29:26.149Z] E0506 06:29:26.108490   15908 watch.go:40] Failed to load config from "c:\\Users\\claud\\OneDrive\\Documentos\\NeuroAds\\LP\\dataconnect": could not find dataconnect.yaml in `c:\Users\claud\OneDrive\Documentos\NeuroAds\LP\dataconnect`
 {"metadata":{"emulator":{"name":"dataconnect"},"message":"E0506 06:29:26.108490   15908 watch.go:40] Failed to load config from \"c:\\\\Users\\\\claud\\\\OneDrive\\\\Documentos\\\\NeuroAds\\\\LP\\\\dataconnect\": could not find dataconnect.yaml in `c:\\Users\\claud\\OneDrive\\Documentos\\NeuroAds\\LP\\dataconnect`\n"}}
[debug] [2026-05-06T09:29:36.157Z] E0506 06:29:36.107981   15908 watch.go:40] Failed to load config from "c:\\Users\\claud\\OneDrive\\Documentos\\NeuroAds\\LP\\dataconnect": could not find dataconnect.yaml in `c:\Users\claud\OneDrive\Documentos\NeuroAds\LP\dataconnect`
 {"metadata":{"emulator":{"name":"dataconnect"},"message":"E0506 06:29:36.107981   15908 watch.go:40] Failed to load config from \"c:\\\\Users\\\\claud\\\\OneDrive\\\\Documentos\\\\NeuroAds\\\\LP\\\\dataconnect\": could not find dataconnect.yaml in `c:\\Users\\claud\\OneDrive\\Documentos\\NeuroAds\\LP\\dataconnect`\n"}}
[debug] [2026-05-06T09:29:46.126Z] E0506 06:29:46.109736   15908 watch.go:40] Failed to load config from "c:\\Users\\claud\\OneDrive\\Documentos\\NeuroAds\\LP\\dataconnect": could not find dataconnect.yaml in `c:\Users\claud\OneDrive\Documentos\NeuroAds\LP\dataconnect`
 {"metadata":{"emulator":{"name":"dataconnect"},"message":"E0506 06:29:46.109736   15908 watch.go:40] Failed to load config from \"c:\\\\Users\\\\claud\\\\OneDrive\\\\Documentos\\\\NeuroAds\\\\LP\\\\dataconnect\": could not find dataconnect.yaml in `c:\\Users\\claud\\OneDrive\\Documentos\\NeuroAds\\LP\\dataconnect`\n"}}
[debug] [2026-05-06T09:29:56.122Z] E0506 06:29:56.108174   15908 watch.go:40] Failed to load config from "c:\\Users\\claud\\OneDrive\\Documentos\\NeuroAds\\LP\\dataconnect": could not find dataconnect.yaml in `c:\Users\claud\OneDrive\Documentos\NeuroAds\LP\dataconnect`
 {"metadata":{"emulator":{"name":"dataconnect"},"message":"E0506 06:29:56.108174   15908 watch.go:40] Failed to load config from \"c:\\\\Users\\\\claud\\\\OneDrive\\\\Documentos\\\\NeuroAds\\\\LP\\\\dataconnect\": could not find dataconnect.yaml in `c:\\Users\\claud\\OneDrive\\Documentos\\NeuroAds\\LP\\dataconnect`\n"}}
[debug] [2026-05-06T09:30:06.165Z] E0506 06:30:06.108212   15908 watch.go:116] watchAllDir unable to walk dir `c:\Users\claud\OneDrive\Documentos\NeuroAds\LP\dataconnect`: GetFileAttributesEx c:\Users\claud\OneDrive\Documentos\NeuroAds\LP\dataconnect: The system cannot find the file specified.
E0506 06:30:06.108212   15908 watch.go:40] Failed to load config from "c:\\Users\\claud\\OneDrive\\Documentos\\NeuroAds\\LP\\dataconnect": could not find dataconnect.yaml in `c:\Users\claud\OneDrive\Documentos\NeuroAds\LP\dataconnect`
 {"metadata":{"emulator":{"name":"dataconnect"},"message":"E0506 06:30:06.108212   15908 watch.go:116] watchAllDir unable to walk dir `c:\\Users\\claud\\OneDrive\\Documentos\\NeuroAds\\LP\\dataconnect`: GetFileAttributesEx c:\\Users\\claud\\OneDrive\\Documentos\\NeuroAds\\LP\\dataconnect: The system cannot find the file specified.\nE0506 06:30:06.108212   15908 watch.go:40] Failed to load config from \"c:\\\\Users\\\\claud\\\\OneDrive\\\\Documentos\\\\NeuroAds\\\\LP\\\\dataconnect\": could not find dataconnect.yaml in `c:\\Users\\claud\\OneDrive\\Documentos\\NeuroAds\\LP\\dataconnect`\n"}}
[debug] [2026-05-06T09:30:16.161Z] E0506 06:30:16.116797   15908 watch.go:40] Failed to load config from "c:\\Users\\claud\\OneDrive\\Documentos\\NeuroAds\\LP\\dataconnect": could not find dataconnect.yaml in `c:\Users\claud\OneDrive\Documentos\NeuroAds\LP\dataconnect`
 {"metadata":{"emulator":{"name":"dataconnect"},"message":"E0506 06:30:16.116797   15908 watch.go:40] Failed to load config from \"c:\\\\Users\\\\claud\\\\OneDrive\\\\Documentos\\\\NeuroAds\\\\LP\\\\dataconnect\": could not find dataconnect.yaml in `c:\\Users\\claud\\OneDrive\\Documentos\\NeuroAds\\LP\\dataconnect`\n"}}
[debug] [2026-05-06T09:30:26.129Z] E0506 06:30:26.108595   15908 watch.go:40] Failed to load config from "c:\\Users\\claud\\OneDrive\\Documentos\\NeuroAds\\LP\\dataconnect": could not find dataconnect.yaml in `c:\Users\claud\OneDrive\Documentos\NeuroAds\LP\dataconnect`
 {"metadata":{"emulator":{"name":"dataconnect"},"message":"E0506 06:30:26.108595   15908 watch.go:40] Failed to load config from \"c:\\\\Users\\\\claud\\\\OneDrive\\\\Documentos\\\\NeuroAds\\\\LP\\\\dataconnect\": could not find dataconnect.yaml in `c:\\Users\\claud\\OneDrive\\Documentos\\NeuroAds\\LP\\dataconnect`\n"}}
[debug] [2026-05-06T09:30:36.112Z] E0506 06:30:36.111269   15908 watch.go:40] Failed to load config from "c:\\Users\\claud\\OneDrive\\Documentos\\NeuroAds\\LP\\dataconnect": could not find dataconnect.yaml in `c:\Users\claud\OneDrive\Documentos\NeuroAds\LP\dataconnect`
 {"metadata":{"emulator":{"name":"dataconnect"},"message":"E0506 06:30:36.111269   15908 watch.go:40] Failed to load config from \"c:\\\\Users\\\\claud\\\\OneDrive\\\\Documentos\\\\NeuroAds\\\\LP\\\\dataconnect\": could not find dataconnect.yaml in `c:\\Users\\claud\\OneDrive\\Documentos\\NeuroAds\\LP\\dataconnect`\n"}}
[debug] [2026-05-06T09:30:46.207Z] E0506 06:30:46.109356   15908 watch.go:40] Failed to load config from "c:\\Users\\claud\\OneDrive\\Documentos\\NeuroAds\\LP\\dataconnect": could not find dataconnect.yaml in `c:\Users\claud\OneDrive\Documentos\NeuroAds\LP\dataconnect`
 {"metadata":{"emulator":{"name":"dataconnect"},"message":"E0506 06:30:46.109356   15908 watch.go:40] Failed to load config from \"c:\\\\Users\\\\claud\\\\OneDrive\\\\Documentos\\\\NeuroAds\\\\LP\\\\dataconnect\": could not find dataconnect.yaml in `c:\\Users\\claud\\OneDrive\\Documentos\\NeuroAds\\LP\\dataconnect`\n"}}
[debug] [2026-05-06T09:30:56.161Z] E0506 06:30:56.109011   15908 watch.go:40] Failed to load config from "c:\\Users\\claud\\OneDrive\\Documentos\\NeuroAds\\LP\\dataconnect": could not find dataconnect.yaml in `c:\Users\claud\OneDrive\Documentos\NeuroAds\LP\dataconnect`
 {"metadata":{"emulator":{"name":"dataconnect"},"message":"E0506 06:30:56.109011   15908 watch.go:40] Failed to load config from \"c:\\\\Users\\\\claud\\\\OneDrive\\\\Documentos\\\\NeuroAds\\\\LP\\\\dataconnect\": could not find dataconnect.yaml in `c:\\Users\\claud\\OneDrive\\Documentos\\NeuroAds\\LP\\dataconnect`\n"}}
[debug] [2026-05-06T09:31:06.128Z] E0506 06:31:06.108437   15908 watch.go:116] watchAllDir unable to walk dir `c:\Users\claud\OneDrive\Documentos\NeuroAds\LP\dataconnect`: GetFileAttributesEx c:\Users\claud\OneDrive\Documentos\NeuroAds\LP\dataconnect: The system cannot find the file specified.
E0506 06:31:06.109109   15908 watch.go:40] Failed to load config from "c:\\Users\\claud\\OneDrive\\Documentos\\NeuroAds\\LP\\dataconnect": could not find dataconnect.yaml in `c:\Users\claud\OneDrive\Documentos\NeuroAds\LP\dataconnect`
 {"metadata":{"emulator":{"name":"dataconnect"},"message":"E0506 06:31:06.108437   15908 watch.go:116] watchAllDir unable to walk dir `c:\\Users\\claud\\OneDrive\\Documentos\\NeuroAds\\LP\\dataconnect`: GetFileAttributesEx c:\\Users\\claud\\OneDrive\\Documentos\\NeuroAds\\LP\\dataconnect: The system cannot find the file specified.\nE0506 06:31:06.109109   15908 watch.go:40] Failed to load config from \"c:\\\\Users\\\\claud\\\\OneDrive\\\\Documentos\\\\NeuroAds\\\\LP\\\\dataconnect\": could not find dataconnect.yaml in `c:\\Users\\claud\\OneDrive\\Documentos\\NeuroAds\\LP\\dataconnect`\n"}}
[debug] [2026-05-06T09:31:16.133Z] E0506 06:31:16.108602   15908 watch.go:40] Failed to load config from "c:\\Users\\claud\\OneDrive\\Documentos\\NeuroAds\\LP\\dataconnect": could not find dataconnect.yaml in `c:\Users\claud\OneDrive\Documentos\NeuroAds\LP\dataconnect`
 {"metadata":{"emulator":{"name":"dataconnect"},"message":"E0506 06:31:16.108602   15908 watch.go:40] Failed to load config from \"c:\\\\Users\\\\claud\\\\OneDrive\\\\Documentos\\\\NeuroAds\\\\LP\\\\dataconnect\": could not find dataconnect.yaml in `c:\\Users\\claud\\OneDrive\\Documentos\\NeuroAds\\LP\\dataconnect`\n"}}
[debug] [2026-05-06T09:31:26.108Z] E0506 06:31:26.108258   15908 watch.go:40] Failed to load config from "c:\\Users\\claud\\OneDrive\\Documentos\\NeuroAds\\LP\\dataconnect": could not find dataconnect.yaml in `c:\Users\claud\OneDrive\Documentos\NeuroAds\LP\dataconnect`
 {"metadata":{"emulator":{"name":"dataconnect"},"message":"E0506 06:31:26.108258   15908 watch.go:40] Failed to load config from \"c:\\\\Users\\\\claud\\\\OneDrive\\\\Documentos\\\\NeuroAds\\\\LP\\\\dataconnect\": could not find dataconnect.yaml in `c:\\Users\\claud\\OneDrive\\Documentos\\NeuroAds\\LP\\dataconnect`\n"}}
[debug] [2026-05-06T09:31:36.155Z] E0506 06:31:36.108069   15908 watch.go:40] Failed to load config from "c:\\Users\\claud\\OneDrive\\Documentos\\NeuroAds\\LP\\dataconnect": could not find dataconnect.yaml in `c:\Users\claud\OneDrive\Documentos\NeuroAds\LP\dataconnect`
 {"metadata":{"emulator":{"name":"dataconnect"},"message":"E0506 06:31:36.108069   15908 watch.go:40] Failed to load config from \"c:\\\\Users\\\\claud\\\\OneDrive\\\\Documentos\\\\NeuroAds\\\\LP\\\\dataconnect\": could not find dataconnect.yaml in `c:\\Users\\claud\\OneDrive\\Documentos\\NeuroAds\\LP\\dataconnect`\n"}}
[debug] [2026-05-06T09:31:46.150Z] E0506 06:31:46.108758   15908 watch.go:40] Failed to load config from "c:\\Users\\claud\\OneDrive\\Documentos\\NeuroAds\\LP\\dataconnect": could not find dataconnect.yaml in `c:\Users\claud\OneDrive\Documentos\NeuroAds\LP\dataconnect`
 {"metadata":{"emulator":{"name":"dataconnect"},"message":"E0506 06:31:46.108758   15908 watch.go:40] Failed to load config from \"c:\\\\Users\\\\claud\\\\OneDrive\\\\Documentos\\\\NeuroAds\\\\LP\\\\dataconnect\": could not find dataconnect.yaml in `c:\\Users\\claud\\OneDrive\\Documentos\\NeuroAds\\LP\\dataconnect`\n"}}
[debug] [2026-05-06T09:31:56.160Z] E0506 06:31:56.108634   15908 watch.go:40] Failed to load config from "c:\\Users\\claud\\OneDrive\\Documentos\\NeuroAds\\LP\\dataconnect": could not find dataconnect.yaml in `c:\Users\claud\OneDrive\Documentos\NeuroAds\LP\dataconnect`
 {"metadata":{"emulator":{"name":"dataconnect"},"message":"E0506 06:31:56.108634   15908 watch.go:40] Failed to load config from \"c:\\\\Users\\\\claud\\\\OneDrive\\\\Documentos\\\\NeuroAds\\\\LP\\\\dataconnect\": could not find dataconnect.yaml in `c:\\Users\\claud\\OneDrive\\Documentos\\NeuroAds\\LP\\dataconnect`\n"}}
[debug] [2026-05-06T09:32:06.108Z] E0506 06:32:06.108472   15908 watch.go:116] watchAllDir unable to walk dir `c:\Users\claud\OneDrive\Documentos\NeuroAds\LP\dataconnect`: GetFileAttributesEx c:\Users\claud\OneDrive\Documentos\NeuroAds\LP\dataconnect: The system cannot find the file specified.
 {"metadata":{"emulator":{"name":"dataconnect"},"message":"E0506 06:32:06.108472   15908 watch.go:116] watchAllDir unable to walk dir `c:\\Users\\claud\\OneDrive\\Documentos\\NeuroAds\\LP\\dataconnect`: GetFileAttributesEx c:\\Users\\claud\\OneDrive\\Documentos\\NeuroAds\\LP\\dataconnect: The system cannot find the file specified.\n"}}
[debug] [2026-05-06T09:32:06.109Z] E0506 06:32:06.108472   15908 watch.go:40] Failed to load config from "c:\\Users\\claud\\OneDrive\\Documentos\\NeuroAds\\LP\\dataconnect": could not find dataconnect.yaml in `c:\Users\claud\OneDrive\Documentos\NeuroAds\LP\dataconnect`
 {"metadata":{"emulator":{"name":"dataconnect"},"message":"E0506 06:32:06.108472   15908 watch.go:40] Failed to load config from \"c:\\\\Users\\\\claud\\\\OneDrive\\\\Documentos\\\\NeuroAds\\\\LP\\\\dataconnect\": could not find dataconnect.yaml in `c:\\Users\\claud\\OneDrive\\Documentos\\NeuroAds\\LP\\dataconnect`\n"}}
[debug] [2026-05-06T09:32:16.131Z] E0506 06:32:16.108124   15908 watch.go:40] Failed to load config from "c:\\Users\\claud\\OneDrive\\Documentos\\NeuroAds\\LP\\dataconnect": could not find dataconnect.yaml in `c:\Users\claud\OneDrive\Documentos\NeuroAds\LP\dataconnect`
 {"metadata":{"emulator":{"name":"dataconnect"},"message":"E0506 06:32:16.108124   15908 watch.go:40] Failed to load config from \"c:\\\\Users\\\\claud\\\\OneDrive\\\\Documentos\\\\NeuroAds\\\\LP\\\\dataconnect\": could not find dataconnect.yaml in `c:\\Users\\claud\\OneDrive\\Documentos\\NeuroAds\\LP\\dataconnect`\n"}}
[debug] [2026-05-06T09:32:26.126Z] E0506 06:32:26.108338   15908 watch.go:40] Failed to load config from "c:\\Users\\claud\\OneDrive\\Documentos\\NeuroAds\\LP\\dataconnect": could not find dataconnect.yaml in `c:\Users\claud\OneDrive\Documentos\NeuroAds\LP\dataconnect`
 {"metadata":{"emulator":{"name":"dataconnect"},"message":"E0506 06:32:26.108338   15908 watch.go:40] Failed to load config from \"c:\\\\Users\\\\claud\\\\OneDrive\\\\Documentos\\\\NeuroAds\\\\LP\\\\dataconnect\": could not find dataconnect.yaml in `c:\\Users\\claud\\OneDrive\\Documentos\\NeuroAds\\LP\\dataconnect`\n"}}
[debug] [2026-05-06T09:32:36.124Z] E0506 06:32:36.108605   15908 watch.go:40] Failed to load config from "c:\\Users\\claud\\OneDrive\\Documentos\\NeuroAds\\LP\\dataconnect": could not find dataconnect.yaml in `c:\Users\claud\OneDrive\Documentos\NeuroAds\LP\dataconnect`
 {"metadata":{"emulator":{"name":"dataconnect"},"message":"E0506 06:32:36.108605   15908 watch.go:40] Failed to load config from \"c:\\\\Users\\\\claud\\\\OneDrive\\\\Documentos\\\\NeuroAds\\\\LP\\\\dataconnect\": could not find dataconnect.yaml in `c:\\Users\\claud\\OneDrive\\Documentos\\NeuroAds\\LP\\dataconnect`\n"}}
[debug] [2026-05-06T09:32:46.146Z] E0506 06:32:46.108885   15908 watch.go:40] Failed to load config from "c:\\Users\\claud\\OneDrive\\Documentos\\NeuroAds\\LP\\dataconnect": could not find dataconnect.yaml in `c:\Users\claud\OneDrive\Documentos\NeuroAds\LP\dataconnect`
 {"metadata":{"emulator":{"name":"dataconnect"},"message":"E0506 06:32:46.108885   15908 watch.go:40] Failed to load config from \"c:\\\\Users\\\\claud\\\\OneDrive\\\\Documentos\\\\NeuroAds\\\\LP\\\\dataconnect\": could not find dataconnect.yaml in `c:\\Users\\claud\\OneDrive\\Documentos\\NeuroAds\\LP\\dataconnect`\n"}}
[debug] [2026-05-06T09:32:56.137Z] E0506 06:32:56.108487   15908 watch.go:40] Failed to load config from "c:\\Users\\claud\\OneDrive\\Documentos\\NeuroAds\\LP\\dataconnect": could not find dataconnect.yaml in `c:\Users\claud\OneDrive\Documentos\NeuroAds\LP\dataconnect`
 {"metadata":{"emulator":{"name":"dataconnect"},"message":"E0506 06:32:56.108487   15908 watch.go:40] Failed to load config from \"c:\\\\Users\\\\claud\\\\OneDrive\\\\Documentos\\\\NeuroAds\\\\LP\\\\dataconnect\": could not find dataconnect.yaml in `c:\\Users\\claud\\OneDrive\\Documentos\\NeuroAds\\LP\\dataconnect`\n"}}
[debug] [2026-05-06T09:33:06.112Z] E0506 06:33:06.108145   15908 watch.go:116] watchAllDir unable to walk dir `c:\Users\claud\OneDrive\Documentos\NeuroAds\LP\dataconnect`: GetFileAttributesEx c:\Users\claud\OneDrive\Documentos\NeuroAds\LP\dataconnect: The system cannot find the file specified.
E0506 06:33:06.108145   15908 watch.go:40] Failed to load config from "c:\\Users\\claud\\OneDrive\\Documentos\\NeuroAds\\LP\\dataconnect": could not find dataconnect.yaml in `c:\Users\claud\OneDrive\Documentos\NeuroAds\LP\dataconnect`
 {"metadata":{"emulator":{"name":"dataconnect"},"message":"E0506 06:33:06.108145   15908 watch.go:116] watchAllDir unable to walk dir `c:\\Users\\claud\\OneDrive\\Documentos\\NeuroAds\\LP\\dataconnect`: GetFileAttributesEx c:\\Users\\claud\\OneDrive\\Documentos\\NeuroAds\\LP\\dataconnect: The system cannot find the file specified.\nE0506 06:33:06.108145   15908 watch.go:40] Failed to load config from \"c:\\\\Users\\\\claud\\\\OneDrive\\\\Documentos\\\\NeuroAds\\\\LP\\\\dataconnect\": could not find dataconnect.yaml in `c:\\Users\\claud\\OneDrive\\Documentos\\NeuroAds\\LP\\dataconnect`\n"}}
[debug] [2026-05-06T09:33:16.213Z] E0506 06:33:16.108415   15908 watch.go:40] Failed to load config from "c:\\Users\\claud\\OneDrive\\Documentos\\NeuroAds\\LP\\dataconnect": could not find dataconnect.yaml in `c:\Users\claud\OneDrive\Documentos\NeuroAds\LP\dataconnect`
 {"metadata":{"emulator":{"name":"dataconnect"},"message":"E0506 06:33:16.108415   15908 watch.go:40] Failed to load config from \"c:\\\\Users\\\\claud\\\\OneDrive\\\\Documentos\\\\NeuroAds\\\\LP\\\\dataconnect\": could not find dataconnect.yaml in `c:\\Users\\claud\\OneDrive\\Documentos\\NeuroAds\\LP\\dataconnect`\n"}}
[debug] [2026-05-06T09:33:26.108Z] E0506 06:33:26.108818   15908 watch.go:40] Failed to load config from "c:\\Users\\claud\\OneDrive\\Documentos\\NeuroAds\\LP\\dataconnect": could not find dataconnect.yaml in `c:\Users\claud\OneDrive\Documentos\NeuroAds\LP\dataconnect`
 {"metadata":{"emulator":{"name":"dataconnect"},"message":"E0506 06:33:26.108818   15908 watch.go:40] Failed to load config from \"c:\\\\Users\\\\claud\\\\OneDrive\\\\Documentos\\\\NeuroAds\\\\LP\\\\dataconnect\": could not find dataconnect.yaml in `c:\\Users\\claud\\OneDrive\\Documentos\\NeuroAds\\LP\\dataconnect`\n"}}
[debug] [2026-05-06T09:33:36.131Z] E0506 06:33:36.108432   15908 watch.go:40] Failed to load config from "c:\\Users\\claud\\OneDrive\\Documentos\\NeuroAds\\LP\\dataconnect": could not find dataconnect.yaml in `c:\Users\claud\OneDrive\Documentos\NeuroAds\LP\dataconnect`
 {"metadata":{"emulator":{"name":"dataconnect"},"message":"E0506 06:33:36.108432   15908 watch.go:40] Failed to load config from \"c:\\\\Users\\\\claud\\\\OneDrive\\\\Documentos\\\\NeuroAds\\\\LP\\\\dataconnect\": could not find dataconnect.yaml in `c:\\Users\\claud\\OneDrive\\Documentos\\NeuroAds\\LP\\dataconnect`\n"}}
[debug] [2026-05-06T09:33:46.114Z] E0506 06:33:46.108176   15908 watch.go:40] Failed to load config from "c:\\Users\\claud\\OneDrive\\Documentos\\NeuroAds\\LP\\dataconnect": could not find dataconnect.yaml in `c:\Users\claud\OneDrive\Documentos\NeuroAds\LP\dataconnect`
 {"metadata":{"emulator":{"name":"dataconnect"},"message":"E0506 06:33:46.108176   15908 watch.go:40] Failed to load config from \"c:\\\\Users\\\\claud\\\\OneDrive\\\\Documentos\\\\NeuroAds\\\\LP\\\\dataconnect\": could not find dataconnect.yaml in `c:\\Users\\claud\\OneDrive\\Documentos\\NeuroAds\\LP\\dataconnect`\n"}}
[debug] [2026-05-06T09:33:56.147Z] E0506 06:33:56.108305   15908 watch.go:40] Failed to load config from "c:\\Users\\claud\\OneDrive\\Documentos\\NeuroAds\\LP\\dataconnect": could not find dataconnect.yaml in `c:\Users\claud\OneDrive\Documentos\NeuroAds\LP\dataconnect`
 {"metadata":{"emulator":{"name":"dataconnect"},"message":"E0506 06:33:56.108305   15908 watch.go:40] Failed to load config from \"c:\\\\Users\\\\claud\\\\OneDrive\\\\Documentos\\\\NeuroAds\\\\LP\\\\dataconnect\": could not find dataconnect.yaml in `c:\\Users\\claud\\OneDrive\\Documentos\\NeuroAds\\LP\\dataconnect`\n"}}
[debug] [2026-05-06T09:34:06.149Z] E0506 06:34:06.108233   15908 watch.go:116] watchAllDir unable to walk dir `c:\Users\claud\OneDrive\Documentos\NeuroAds\LP\dataconnect`: GetFileAttributesEx c:\Users\claud\OneDrive\Documentos\NeuroAds\LP\dataconnect: The system cannot find the file specified.
E0506 06:34:06.108233   15908 watch.go:40] Failed to load config from "c:\\Users\\claud\\OneDrive\\Documentos\\NeuroAds\\LP\\dataconnect": could not find dataconnect.yaml in `c:\Users\claud\OneDrive\Documentos\NeuroAds\LP\dataconnect`
 {"metadata":{"emulator":{"name":"dataconnect"},"message":"E0506 06:34:06.108233   15908 watch.go:116] watchAllDir unable to walk dir `c:\\Users\\claud\\OneDrive\\Documentos\\NeuroAds\\LP\\dataconnect`: GetFileAttributesEx c:\\Users\\claud\\OneDrive\\Documentos\\NeuroAds\\LP\\dataconnect: The system cannot find the file specified.\nE0506 06:34:06.108233   15908 watch.go:40] Failed to load config from \"c:\\\\Users\\\\claud\\\\OneDrive\\\\Documentos\\\\NeuroAds\\\\LP\\\\dataconnect\": could not find dataconnect.yaml in `c:\\Users\\claud\\OneDrive\\Documentos\\NeuroAds\\LP\\dataconnect`\n"}}
[debug] [2026-05-06T09:34:16.123Z] E0506 06:34:16.108266   15908 watch.go:40] Failed to load config from "c:\\Users\\claud\\OneDrive\\Documentos\\NeuroAds\\LP\\dataconnect": could not find dataconnect.yaml in `c:\Users\claud\OneDrive\Documentos\NeuroAds\LP\dataconnect`
 {"metadata":{"emulator":{"name":"dataconnect"},"message":"E0506 06:34:16.108266   15908 watch.go:40] Failed to load config from \"c:\\\\Users\\\\claud\\\\OneDrive\\\\Documentos\\\\NeuroAds\\\\LP\\\\dataconnect\": could not find dataconnect.yaml in `c:\\Users\\claud\\OneDrive\\Documentos\\NeuroAds\\LP\\dataconnect`\n"}}
[debug] [2026-05-06T09:34:26.441Z] E0506 06:34:26.108777   15908 watch.go:40] Failed to load config from "c:\\Users\\claud\\OneDrive\\Documentos\\NeuroAds\\LP\\dataconnect": could not find dataconnect.yaml in `c:\Users\claud\OneDrive\Documentos\NeuroAds\LP\dataconnect`
 {"metadata":{"emulator":{"name":"dataconnect"},"message":"E0506 06:34:26.108777   15908 watch.go:40] Failed to load config from \"c:\\\\Users\\\\claud\\\\OneDrive\\\\Documentos\\\\NeuroAds\\\\LP\\\\dataconnect\": could not find dataconnect.yaml in `c:\\Users\\claud\\OneDrive\\Documentos\\NeuroAds\\LP\\dataconnect`\n"}}
[debug] [2026-05-06T09:34:36.147Z] E0506 06:34:36.108172   15908 watch.go:40] Failed to load config from "c:\\Users\\claud\\OneDrive\\Documentos\\NeuroAds\\LP\\dataconnect": could not find dataconnect.yaml in `c:\Users\claud\OneDrive\Documentos\NeuroAds\LP\dataconnect`
 {"metadata":{"emulator":{"name":"dataconnect"},"message":"E0506 06:34:36.108172   15908 watch.go:40] Failed to load config from \"c:\\\\Users\\\\claud\\\\OneDrive\\\\Documentos\\\\NeuroAds\\\\LP\\\\dataconnect\": could not find dataconnect.yaml in `c:\\Users\\claud\\OneDrive\\Documentos\\NeuroAds\\LP\\dataconnect`\n"}}
[debug] [2026-05-06T09:34:46.144Z] E0506 06:34:46.108338   15908 watch.go:40] Failed to load config from "c:\\Users\\claud\\OneDrive\\Documentos\\NeuroAds\\LP\\dataconnect": could not find dataconnect.yaml in `c:\Users\claud\OneDrive\Documentos\NeuroAds\LP\dataconnect`
 {"metadata":{"emulator":{"name":"dataconnect"},"message":"E0506 06:34:46.108338   15908 watch.go:40] Failed to load config from \"c:\\\\Users\\\\claud\\\\OneDrive\\\\Documentos\\\\NeuroAds\\\\LP\\\\dataconnect\": could not find dataconnect.yaml in `c:\\Users\\claud\\OneDrive\\Documentos\\NeuroAds\\LP\\dataconnect`\n"}}
[debug] [2026-05-06T09:34:56.152Z] E0506 06:34:56.108348   15908 watch.go:40] Failed to load config from "c:\\Users\\claud\\OneDrive\\Documentos\\NeuroAds\\LP\\dataconnect": could not find dataconnect.yaml in `c:\Users\claud\OneDrive\Documentos\NeuroAds\LP\dataconnect`
 {"metadata":{"emulator":{"name":"dataconnect"},"message":"E0506 06:34:56.108348   15908 watch.go:40] Failed to load config from \"c:\\\\Users\\\\claud\\\\OneDrive\\\\Documentos\\\\NeuroAds\\\\LP\\\\dataconnect\": could not find dataconnect.yaml in `c:\\Users\\claud\\OneDrive\\Documentos\\NeuroAds\\LP\\dataconnect`\n"}}
[debug] [2026-05-06T09:35:06.126Z] E0506 06:35:06.108584   15908 watch.go:116] watchAllDir unable to walk dir `c:\Users\claud\OneDrive\Documentos\NeuroAds\LP\dataconnect`: GetFileAttributesEx c:\Users\claud\OneDrive\Documentos\NeuroAds\LP\dataconnect: The system cannot find the file specified.
E0506 06:35:06.108584   15908 watch.go:40] Failed to load config from "c:\\Users\\claud\\OneDrive\\Documentos\\NeuroAds\\LP\\dataconnect": could not find dataconnect.yaml in `c:\Users\claud\OneDrive\Documentos\NeuroAds\LP\dataconnect`
 {"metadata":{"emulator":{"name":"dataconnect"},"message":"E0506 06:35:06.108584   15908 watch.go:116] watchAllDir unable to walk dir `c:\\Users\\claud\\OneDrive\\Documentos\\NeuroAds\\LP\\dataconnect`: GetFileAttributesEx c:\\Users\\claud\\OneDrive\\Documentos\\NeuroAds\\LP\\dataconnect: The system cannot find the file specified.\nE0506 06:35:06.108584   15908 watch.go:40] Failed to load config from \"c:\\\\Users\\\\claud\\\\OneDrive\\\\Documentos\\\\NeuroAds\\\\LP\\\\dataconnect\": could not find dataconnect.yaml in `c:\\Users\\claud\\OneDrive\\Documentos\\NeuroAds\\LP\\dataconnect`\n"}}
[debug] [2026-05-06T09:35:16.147Z] E0506 06:35:16.108904   15908 watch.go:40] Failed to load config from "c:\\Users\\claud\\OneDrive\\Documentos\\NeuroAds\\LP\\dataconnect": could not find dataconnect.yaml in `c:\Users\claud\OneDrive\Documentos\NeuroAds\LP\dataconnect`
 {"metadata":{"emulator":{"name":"dataconnect"},"message":"E0506 06:35:16.108904   15908 watch.go:40] Failed to load config from \"c:\\\\Users\\\\claud\\\\OneDrive\\\\Documentos\\\\NeuroAds\\\\LP\\\\dataconnect\": could not find dataconnect.yaml in `c:\\Users\\claud\\OneDrive\\Documentos\\NeuroAds\\LP\\dataconnect`\n"}}
[debug] [2026-05-06T09:35:26.109Z] E0506 06:35:26.108198   15908 watch.go:40] Failed to load config from "c:\\Users\\claud\\OneDrive\\Documentos\\NeuroAds\\LP\\dataconnect": could not find dataconnect.yaml in `c:\Users\claud\OneDrive\Documentos\NeuroAds\LP\dataconnect`
 {"metadata":{"emulator":{"name":"dataconnect"},"message":"E0506 06:35:26.108198   15908 watch.go:40] Failed to load config from \"c:\\\\Users\\\\claud\\\\OneDrive\\\\Documentos\\\\NeuroAds\\\\LP\\\\dataconnect\": could not find dataconnect.yaml in `c:\\Users\\claud\\OneDrive\\Documentos\\NeuroAds\\LP\\dataconnect`\n"}}
[debug] [2026-05-06T09:35:36.159Z] E0506 06:35:36.109041   15908 watch.go:40] Failed to load config from "c:\\Users\\claud\\OneDrive\\Documentos\\NeuroAds\\LP\\dataconnect": could not find dataconnect.yaml in `c:\Users\claud\OneDrive\Documentos\NeuroAds\LP\dataconnect`
 {"metadata":{"emulator":{"name":"dataconnect"},"message":"E0506 06:35:36.109041   15908 watch.go:40] Failed to load config from \"c:\\\\Users\\\\claud\\\\OneDrive\\\\Documentos\\\\NeuroAds\\\\LP\\\\dataconnect\": could not find dataconnect.yaml in `c:\\Users\\claud\\OneDrive\\Documentos\\NeuroAds\\LP\\dataconnect`\n"}}
[debug] [2026-05-06T09:35:46.151Z] E0506 06:35:46.108311   15908 watch.go:40] Failed to load config from "c:\\Users\\claud\\OneDrive\\Documentos\\NeuroAds\\LP\\dataconnect": could not find dataconnect.yaml in `c:\Users\claud\OneDrive\Documentos\NeuroAds\LP\dataconnect`
 {"metadata":{"emulator":{"name":"dataconnect"},"message":"E0506 06:35:46.108311   15908 watch.go:40] Failed to load config from \"c:\\\\Users\\\\claud\\\\OneDrive\\\\Documentos\\\\NeuroAds\\\\LP\\\\dataconnect\": could not find dataconnect.yaml in `c:\\Users\\claud\\OneDrive\\Documentos\\NeuroAds\\LP\\dataconnect`\n"}}
[debug] [2026-05-06T09:35:56.115Z] E0506 06:35:56.108164   15908 watch.go:40] Failed to load config from "c:\\Users\\claud\\OneDrive\\Documentos\\NeuroAds\\LP\\dataconnect": could not find dataconnect.yaml in `c:\Users\claud\OneDrive\Documentos\NeuroAds\LP\dataconnect`
 {"metadata":{"emulator":{"name":"dataconnect"},"message":"E0506 06:35:56.108164   15908 watch.go:40] Failed to load config from \"c:\\\\Users\\\\claud\\\\OneDrive\\\\Documentos\\\\NeuroAds\\\\LP\\\\dataconnect\": could not find dataconnect.yaml in `c:\\Users\\claud\\OneDrive\\Documentos\\NeuroAds\\LP\\dataconnect`\n"}}
[debug] [2026-05-06T09:36:06.144Z] E0506 06:36:06.108698   15908 watch.go:116] watchAllDir unable to walk dir `c:\Users\claud\OneDrive\Documentos\NeuroAds\LP\dataconnect`: GetFileAttributesEx c:\Users\claud\OneDrive\Documentos\NeuroAds\LP\dataconnect: The system cannot find the file specified.
E0506 06:36:06.109041   15908 watch.go:40] Failed to load config from "c:\\Users\\claud\\OneDrive\\Documentos\\NeuroAds\\LP\\dataconnect": could not find dataconnect.yaml in `c:\Users\claud\OneDrive\Documentos\NeuroAds\LP\dataconnect`
 {"metadata":{"emulator":{"name":"dataconnect"},"message":"E0506 06:36:06.108698   15908 watch.go:116] watchAllDir unable to walk dir `c:\\Users\\claud\\OneDrive\\Documentos\\NeuroAds\\LP\\dataconnect`: GetFileAttributesEx c:\\Users\\claud\\OneDrive\\Documentos\\NeuroAds\\LP\\dataconnect: The system cannot find the file specified.\nE0506 06:36:06.109041   15908 watch.go:40] Failed to load config from \"c:\\\\Users\\\\claud\\\\OneDrive\\\\Documentos\\\\NeuroAds\\\\LP\\\\dataconnect\": could not find dataconnect.yaml in `c:\\Users\\claud\\OneDrive\\Documentos\\NeuroAds\\LP\\dataconnect`\n"}}
[debug] [2026-05-06T09:36:16.139Z] E0506 06:36:16.108625   15908 watch.go:40] Failed to load config from "c:\\Users\\claud\\OneDrive\\Documentos\\NeuroAds\\LP\\dataconnect": could not find dataconnect.yaml in `c:\Users\claud\OneDrive\Documentos\NeuroAds\LP\dataconnect`
 {"metadata":{"emulator":{"name":"dataconnect"},"message":"E0506 06:36:16.108625   15908 watch.go:40] Failed to load config from \"c:\\\\Users\\\\claud\\\\OneDrive\\\\Documentos\\\\NeuroAds\\\\LP\\\\dataconnect\": could not find dataconnect.yaml in `c:\\Users\\claud\\OneDrive\\Documentos\\NeuroAds\\LP\\dataconnect`\n"}}
[debug] [2026-05-06T09:36:26.117Z] E0506 06:36:26.107923   15908 watch.go:40] Failed to load config from "c:\\Users\\claud\\OneDrive\\Documentos\\NeuroAds\\LP\\dataconnect": could not find dataconnect.yaml in `c:\Users\claud\OneDrive\Documentos\NeuroAds\LP\dataconnect`
 {"metadata":{"emulator":{"name":"dataconnect"},"message":"E0506 06:36:26.107923   15908 watch.go:40] Failed to load config from \"c:\\\\Users\\\\claud\\\\OneDrive\\\\Documentos\\\\NeuroAds\\\\LP\\\\dataconnect\": could not find dataconnect.yaml in `c:\\Users\\claud\\OneDrive\\Documentos\\NeuroAds\\LP\\dataconnect`\n"}}
[debug] [2026-05-06T09:36:36.151Z] E0506 06:36:36.108299   15908 watch.go:40] Failed to load config from "c:\\Users\\claud\\OneDrive\\Documentos\\NeuroAds\\LP\\dataconnect": could not find dataconnect.yaml in `c:\Users\claud\OneDrive\Documentos\NeuroAds\LP\dataconnect`
 {"metadata":{"emulator":{"name":"dataconnect"},"message":"E0506 06:36:36.108299   15908 watch.go:40] Failed to load config from \"c:\\\\Users\\\\claud\\\\OneDrive\\\\Documentos\\\\NeuroAds\\\\LP\\\\dataconnect\": could not find dataconnect.yaml in `c:\\Users\\claud\\OneDrive\\Documentos\\NeuroAds\\LP\\dataconnect`\n"}}
[debug] [2026-05-06T09:36:46.119Z] E0506 06:36:46.108813   15908 watch.go:40] Failed to load config from "c:\\Users\\claud\\OneDrive\\Documentos\\NeuroAds\\LP\\dataconnect": could not find dataconnect.yaml in `c:\Users\claud\OneDrive\Documentos\NeuroAds\LP\dataconnect`
 {"metadata":{"emulator":{"name":"dataconnect"},"message":"E0506 06:36:46.108813   15908 watch.go:40] Failed to load config from \"c:\\\\Users\\\\claud\\\\OneDrive\\\\Documentos\\\\NeuroAds\\\\LP\\\\dataconnect\": could not find dataconnect.yaml in `c:\\Users\\claud\\OneDrive\\Documentos\\NeuroAds\\LP\\dataconnect`\n"}}
[debug] [2026-05-06T09:36:56.113Z] E0506 06:36:56.108196   15908 watch.go:40] Failed to load config from "c:\\Users\\claud\\OneDrive\\Documentos\\NeuroAds\\LP\\dataconnect": could not find dataconnect.yaml in `c:\Users\claud\OneDrive\Documentos\NeuroAds\LP\dataconnect`
 {"metadata":{"emulator":{"name":"dataconnect"},"message":"E0506 06:36:56.108196   15908 watch.go:40] Failed to load config from \"c:\\\\Users\\\\claud\\\\OneDrive\\\\Documentos\\\\NeuroAds\\\\LP\\\\dataconnect\": could not find dataconnect.yaml in `c:\\Users\\claud\\OneDrive\\Documentos\\NeuroAds\\LP\\dataconnect`\n"}}
[debug] [2026-05-06T09:37:06.116Z] E0506 06:37:06.108489   15908 watch.go:116] watchAllDir unable to walk dir `c:\Users\claud\OneDrive\Documentos\NeuroAds\LP\dataconnect`: GetFileAttributesEx c:\Users\claud\OneDrive\Documentos\NeuroAds\LP\dataconnect: The system cannot find the file specified.
E0506 06:37:06.108489   15908 watch.go:40] Failed to load config from "c:\\Users\\claud\\OneDrive\\Documentos\\NeuroAds\\LP\\dataconnect": could not find dataconnect.yaml in `c:\Users\claud\OneDrive\Documentos\NeuroAds\LP\dataconnect`
 {"metadata":{"emulator":{"name":"dataconnect"},"message":"E0506 06:37:06.108489   15908 watch.go:116] watchAllDir unable to walk dir `c:\\Users\\claud\\OneDrive\\Documentos\\NeuroAds\\LP\\dataconnect`: GetFileAttributesEx c:\\Users\\claud\\OneDrive\\Documentos\\NeuroAds\\LP\\dataconnect: The system cannot find the file specified.\nE0506 06:37:06.108489   15908 watch.go:40] Failed to load config from \"c:\\\\Users\\\\claud\\\\OneDrive\\\\Documentos\\\\NeuroAds\\\\LP\\\\dataconnect\": could not find dataconnect.yaml in `c:\\Users\\claud\\OneDrive\\Documentos\\NeuroAds\\LP\\dataconnect`\n"}}
[debug] [2026-05-06T09:37:16.143Z] E0506 06:37:16.108712   15908 watch.go:40] Failed to load config from "c:\\Users\\claud\\OneDrive\\Documentos\\NeuroAds\\LP\\dataconnect": could not find dataconnect.yaml in `c:\Users\claud\OneDrive\Documentos\NeuroAds\LP\dataconnect`
 {"metadata":{"emulator":{"name":"dataconnect"},"message":"E0506 06:37:16.108712   15908 watch.go:40] Failed to load config from \"c:\\\\Users\\\\claud\\\\OneDrive\\\\Documentos\\\\NeuroAds\\\\LP\\\\dataconnect\": could not find dataconnect.yaml in `c:\\Users\\claud\\OneDrive\\Documentos\\NeuroAds\\LP\\dataconnect`\n"}}
[debug] [2026-05-06T09:37:26.110Z] E0506 06:37:26.108094   15908 watch.go:40] Failed to load config from "c:\\Users\\claud\\OneDrive\\Documentos\\NeuroAds\\LP\\dataconnect": could not find dataconnect.yaml in `c:\Users\claud\OneDrive\Documentos\NeuroAds\LP\dataconnect`
 {"metadata":{"emulator":{"name":"dataconnect"},"message":"E0506 06:37:26.108094   15908 watch.go:40] Failed to load config from \"c:\\\\Users\\\\claud\\\\OneDrive\\\\Documentos\\\\NeuroAds\\\\LP\\\\dataconnect\": could not find dataconnect.yaml in `c:\\Users\\claud\\OneDrive\\Documentos\\NeuroAds\\LP\\dataconnect`\n"}}
[debug] [2026-05-06T09:37:36.146Z] E0506 06:37:36.108476   15908 watch.go:40] Failed to load config from "c:\\Users\\claud\\OneDrive\\Documentos\\NeuroAds\\LP\\dataconnect": could not find dataconnect.yaml in `c:\Users\claud\OneDrive\Documentos\NeuroAds\LP\dataconnect`
 {"metadata":{"emulator":{"name":"dataconnect"},"message":"E0506 06:37:36.108476   15908 watch.go:40] Failed to load config from \"c:\\\\Users\\\\claud\\\\OneDrive\\\\Documentos\\\\NeuroAds\\\\LP\\\\dataconnect\": could not find dataconnect.yaml in `c:\\Users\\claud\\OneDrive\\Documentos\\NeuroAds\\LP\\dataconnect`\n"}}
[debug] [2026-05-06T09:37:46.157Z] E0506 06:37:46.108712   15908 watch.go:40] Failed to load config from "c:\\Users\\claud\\OneDrive\\Documentos\\NeuroAds\\LP\\dataconnect": could not find dataconnect.yaml in `c:\Users\claud\OneDrive\Documentos\NeuroAds\LP\dataconnect`
 {"metadata":{"emulator":{"name":"dataconnect"},"message":"E0506 06:37:46.108712   15908 watch.go:40] Failed to load config from \"c:\\\\Users\\\\claud\\\\OneDrive\\\\Documentos\\\\NeuroAds\\\\LP\\\\dataconnect\": could not find dataconnect.yaml in `c:\\Users\\claud\\OneDrive\\Documentos\\NeuroAds\\LP\\dataconnect`\n"}}
[debug] [2026-05-06T09:37:56.110Z] E0506 06:37:56.108009   15908 watch.go:40] Failed to load config from "c:\\Users\\claud\\OneDrive\\Documentos\\NeuroAds\\LP\\dataconnect": could not find dataconnect.yaml in `c:\Users\claud\OneDrive\Documentos\NeuroAds\LP\dataconnect`
 {"metadata":{"emulator":{"name":"dataconnect"},"message":"E0506 06:37:56.108009   15908 watch.go:40] Failed to load config from \"c:\\\\Users\\\\claud\\\\OneDrive\\\\Documentos\\\\NeuroAds\\\\LP\\\\dataconnect\": could not find dataconnect.yaml in `c:\\Users\\claud\\OneDrive\\Documentos\\NeuroAds\\LP\\dataconnect`\n"}}
[debug] [2026-05-06T09:38:06.140Z] E0506 06:38:06.108066   15908 watch.go:116] watchAllDir unable to walk dir `c:\Users\claud\OneDrive\Documentos\NeuroAds\LP\dataconnect`: GetFileAttributesEx c:\Users\claud\OneDrive\Documentos\NeuroAds\LP\dataconnect: The system cannot find the file specified.
E0506 06:38:06.108592   15908 watch.go:40] Failed to load config from "c:\\Users\\claud\\OneDrive\\Documentos\\NeuroAds\\LP\\dataconnect": could not find dataconnect.yaml in `c:\Users\claud\OneDrive\Documentos\NeuroAds\LP\dataconnect`
 {"metadata":{"emulator":{"name":"dataconnect"},"message":"E0506 06:38:06.108066   15908 watch.go:116] watchAllDir unable to walk dir `c:\\Users\\claud\\OneDrive\\Documentos\\NeuroAds\\LP\\dataconnect`: GetFileAttributesEx c:\\Users\\claud\\OneDrive\\Documentos\\NeuroAds\\LP\\dataconnect: The system cannot find the file specified.\nE0506 06:38:06.108592   15908 watch.go:40] Failed to load config from \"c:\\\\Users\\\\claud\\\\OneDrive\\\\Documentos\\\\NeuroAds\\\\LP\\\\dataconnect\": could not find dataconnect.yaml in `c:\\Users\\claud\\OneDrive\\Documentos\\NeuroAds\\LP\\dataconnect`\n"}}
[debug] [2026-05-06T09:38:16.123Z] E0506 06:38:16.108467   15908 watch.go:40] Failed to load config from "c:\\Users\\claud\\OneDrive\\Documentos\\NeuroAds\\LP\\dataconnect": could not find dataconnect.yaml in `c:\Users\claud\OneDrive\Documentos\NeuroAds\LP\dataconnect`
 {"metadata":{"emulator":{"name":"dataconnect"},"message":"E0506 06:38:16.108467   15908 watch.go:40] Failed to load config from \"c:\\\\Users\\\\claud\\\\OneDrive\\\\Documentos\\\\NeuroAds\\\\LP\\\\dataconnect\": could not find dataconnect.yaml in `c:\\Users\\claud\\OneDrive\\Documentos\\NeuroAds\\LP\\dataconnect`\n"}}
[debug] [2026-05-06T09:38:28.431Z] E0506 06:38:26.130886   15908 watch.go:40] Failed to load config from "c:\\Users\\claud\\OneDrive\\Documentos\\NeuroAds\\LP\\dataconnect": could not find dataconnect.yaml in `c:\Users\claud\OneDrive\Documentos\NeuroAds\LP\dataconnect`
 {"metadata":{"emulator":{"name":"dataconnect"},"message":"E0506 06:38:26.130886   15908 watch.go:40] Failed to load config from \"c:\\\\Users\\\\claud\\\\OneDrive\\\\Documentos\\\\NeuroAds\\\\LP\\\\dataconnect\": could not find dataconnect.yaml in `c:\\Users\\claud\\OneDrive\\Documentos\\NeuroAds\\LP\\dataconnect`\n"}}
[debug] [2026-05-06T09:38:38.933Z] E0506 06:38:36.116922   15908 watch.go:40] Failed to load config from "c:\\Users\\claud\\OneDrive\\Documentos\\NeuroAds\\LP\\dataconnect": could not find dataconnect.yaml in `c:\Users\claud\OneDrive\Documentos\NeuroAds\LP\dataconnect`
 {"metadata":{"emulator":{"name":"dataconnect"},"message":"E0506 06:38:36.116922   15908 watch.go:40] Failed to load config from \"c:\\\\Users\\\\claud\\\\OneDrive\\\\Documentos\\\\NeuroAds\\\\LP\\\\dataconnect\": could not find dataconnect.yaml in `c:\\Users\\claud\\OneDrive\\Documentos\\NeuroAds\\LP\\dataconnect`\n"}}
[debug] [2026-05-06T09:38:46.131Z] E0506 06:38:46.130635   15908 watch.go:40] Failed to load config from "c:\\Users\\claud\\OneDrive\\Documentos\\NeuroAds\\LP\\dataconnect": could not find dataconnect.yaml in `c:\Users\claud\OneDrive\Documentos\NeuroAds\LP\dataconnect`
 {"metadata":{"emulator":{"name":"dataconnect"},"message":"E0506 06:38:46.130635   15908 watch.go:40] Failed to load config from \"c:\\\\Users\\\\claud\\\\OneDrive\\\\Documentos\\\\NeuroAds\\\\LP\\\\dataconnect\": could not find dataconnect.yaml in `c:\\Users\\claud\\OneDrive\\Documentos\\NeuroAds\\LP\\dataconnect`\n"}}
[debug] [2026-05-06T09:38:56.213Z] E0506 06:38:56.109362   15908 watch.go:40] Failed to load config from "c:\\Users\\claud\\OneDrive\\Documentos\\NeuroAds\\LP\\dataconnect": could not find dataconnect.yaml in `c:\Users\claud\OneDrive\Documentos\NeuroAds\LP\dataconnect`
 {"metadata":{"emulator":{"name":"dataconnect"},"message":"E0506 06:38:56.109362   15908 watch.go:40] Failed to load config from \"c:\\\\Users\\\\claud\\\\OneDrive\\\\Documentos\\\\NeuroAds\\\\LP\\\\dataconnect\": could not find dataconnect.yaml in `c:\\Users\\claud\\OneDrive\\Documentos\\NeuroAds\\LP\\dataconnect`\n"}}
[debug] [2026-05-06T09:39:06.149Z] E0506 06:39:06.108308   15908 watch.go:116] watchAllDir unable to walk dir `c:\Users\claud\OneDrive\Documentos\NeuroAds\LP\dataconnect`: GetFileAttributesEx c:\Users\claud\OneDrive\Documentos\NeuroAds\LP\dataconnect: The system cannot find the file specified.
E0506 06:39:06.109008   15908 watch.go:40] Failed to load config from "c:\\Users\\claud\\OneDrive\\Documentos\\NeuroAds\\LP\\dataconnect": could not find dataconnect.yaml in `c:\Users\claud\OneDrive\Documentos\NeuroAds\LP\dataconnect`
 {"metadata":{"emulator":{"name":"dataconnect"},"message":"E0506 06:39:06.108308   15908 watch.go:116] watchAllDir unable to walk dir `c:\\Users\\claud\\OneDrive\\Documentos\\NeuroAds\\LP\\dataconnect`: GetFileAttributesEx c:\\Users\\claud\\OneDrive\\Documentos\\NeuroAds\\LP\\dataconnect: The system cannot find the file specified.\nE0506 06:39:06.109008   15908 watch.go:40] Failed to load config from \"c:\\\\Users\\\\claud\\\\OneDrive\\\\Documentos\\\\NeuroAds\\\\LP\\\\dataconnect\": could not find dataconnect.yaml in `c:\\Users\\claud\\OneDrive\\Documentos\\NeuroAds\\LP\\dataconnect`\n"}}
[debug] [2026-05-06T09:39:16.152Z] E0506 06:39:16.109319   15908 watch.go:40] Failed to load config from "c:\\Users\\claud\\OneDrive\\Documentos\\NeuroAds\\LP\\dataconnect": could not find dataconnect.yaml in `c:\Users\claud\OneDrive\Documentos\NeuroAds\LP\dataconnect`
 {"metadata":{"emulator":{"name":"dataconnect"},"message":"E0506 06:39:16.109319   15908 watch.go:40] Failed to load config from \"c:\\\\Users\\\\claud\\\\OneDrive\\\\Documentos\\\\NeuroAds\\\\LP\\\\dataconnect\": could not find dataconnect.yaml in `c:\\Users\\claud\\OneDrive\\Documentos\\NeuroAds\\LP\\dataconnect`\n"}}
[debug] [2026-05-06T09:39:26.145Z] E0506 06:39:26.108895   15908 watch.go:40] Failed to load config from "c:\\Users\\claud\\OneDrive\\Documentos\\NeuroAds\\LP\\dataconnect": could not find dataconnect.yaml in `c:\Users\claud\OneDrive\Documentos\NeuroAds\LP\dataconnect`
 {"metadata":{"emulator":{"name":"dataconnect"},"message":"E0506 06:39:26.108895   15908 watch.go:40] Failed to load config from \"c:\\\\Users\\\\claud\\\\OneDrive\\\\Documentos\\\\NeuroAds\\\\LP\\\\dataconnect\": could not find dataconnect.yaml in `c:\\Users\\claud\\OneDrive\\Documentos\\NeuroAds\\LP\\dataconnect`\n"}}
[debug] [2026-05-06T09:39:36.171Z] E0506 06:39:36.108973   15908 watch.go:40] Failed to load config from "c:\\Users\\claud\\OneDrive\\Documentos\\NeuroAds\\LP\\dataconnect": could not find dataconnect.yaml in `c:\Users\claud\OneDrive\Documentos\NeuroAds\LP\dataconnect`
 {"metadata":{"emulator":{"name":"dataconnect"},"message":"E0506 06:39:36.108973   15908 watch.go:40] Failed to load config from \"c:\\\\Users\\\\claud\\\\OneDrive\\\\Documentos\\\\NeuroAds\\\\LP\\\\dataconnect\": could not find dataconnect.yaml in `c:\\Users\\claud\\OneDrive\\Documentos\\NeuroAds\\LP\\dataconnect`\n"}}
[debug] [2026-05-06T09:39:46.165Z] E0506 06:39:46.108506   15908 watch.go:40] Failed to load config from "c:\\Users\\claud\\OneDrive\\Documentos\\NeuroAds\\LP\\dataconnect": could not find dataconnect.yaml in `c:\Users\claud\OneDrive\Documentos\NeuroAds\LP\dataconnect`
 {"metadata":{"emulator":{"name":"dataconnect"},"message":"E0506 06:39:46.108506   15908 watch.go:40] Failed to load config from \"c:\\\\Users\\\\claud\\\\OneDrive\\\\Documentos\\\\NeuroAds\\\\LP\\\\dataconnect\": could not find dataconnect.yaml in `c:\\Users\\claud\\OneDrive\\Documentos\\NeuroAds\\LP\\dataconnect`\n"}}
[debug] [2026-05-06T09:39:56.126Z] E0506 06:39:56.109779   15908 watch.go:40] Failed to load config from "c:\\Users\\claud\\OneDrive\\Documentos\\NeuroAds\\LP\\dataconnect": could not find dataconnect.yaml in `c:\Users\claud\OneDrive\Documentos\NeuroAds\LP\dataconnect`
 {"metadata":{"emulator":{"name":"dataconnect"},"message":"E0506 06:39:56.109779   15908 watch.go:40] Failed to load config from \"c:\\\\Users\\\\claud\\\\OneDrive\\\\Documentos\\\\NeuroAds\\\\LP\\\\dataconnect\": could not find dataconnect.yaml in `c:\\Users\\claud\\OneDrive\\Documentos\\NeuroAds\\LP\\dataconnect`\n"}}
[debug] [2026-05-06T09:40:06.145Z] E0506 06:40:06.108423   15908 watch.go:116] watchAllDir unable to walk dir `c:\Users\claud\OneDrive\Documentos\NeuroAds\LP\dataconnect`: GetFileAttributesEx c:\Users\claud\OneDrive\Documentos\NeuroAds\LP\dataconnect: The system cannot find the file specified.
E0506 06:40:06.109175   15908 watch.go:40] Failed to load config from "c:\\Users\\claud\\OneDrive\\Documentos\\NeuroAds\\LP\\dataconnect": could not find dataconnect.yaml in `c:\Users\claud\OneDrive\Documentos\NeuroAds\LP\dataconnect`
 {"metadata":{"emulator":{"name":"dataconnect"},"message":"E0506 06:40:06.108423   15908 watch.go:116] watchAllDir unable to walk dir `c:\\Users\\claud\\OneDrive\\Documentos\\NeuroAds\\LP\\dataconnect`: GetFileAttributesEx c:\\Users\\claud\\OneDrive\\Documentos\\NeuroAds\\LP\\dataconnect: The system cannot find the file specified.\nE0506 06:40:06.109175   15908 watch.go:40] Failed to load config from \"c:\\\\Users\\\\claud\\\\OneDrive\\\\Documentos\\\\NeuroAds\\\\LP\\\\dataconnect\": could not find dataconnect.yaml in `c:\\Users\\claud\\OneDrive\\Documentos\\NeuroAds\\LP\\dataconnect`\n"}}
[debug] [2026-05-06T09:40:16.149Z] E0506 06:40:16.109037   15908 watch.go:40] Failed to load config from "c:\\Users\\claud\\OneDrive\\Documentos\\NeuroAds\\LP\\dataconnect": could not find dataconnect.yaml in `c:\Users\claud\OneDrive\Documentos\NeuroAds\LP\dataconnect`
 {"metadata":{"emulator":{"name":"dataconnect"},"message":"E0506 06:40:16.109037   15908 watch.go:40] Failed to load config from \"c:\\\\Users\\\\claud\\\\OneDrive\\\\Documentos\\\\NeuroAds\\\\LP\\\\dataconnect\": could not find dataconnect.yaml in `c:\\Users\\claud\\OneDrive\\Documentos\\NeuroAds\\LP\\dataconnect`\n"}}
[debug] [2026-05-06T09:40:26.167Z] E0506 06:40:26.108265   15908 watch.go:40] Failed to load config from "c:\\Users\\claud\\OneDrive\\Documentos\\NeuroAds\\LP\\dataconnect": could not find dataconnect.yaml in `c:\Users\claud\OneDrive\Documentos\NeuroAds\LP\dataconnect`
 {"metadata":{"emulator":{"name":"dataconnect"},"message":"E0506 06:40:26.108265   15908 watch.go:40] Failed to load config from \"c:\\\\Users\\\\claud\\\\OneDrive\\\\Documentos\\\\NeuroAds\\\\LP\\\\dataconnect\": could not find dataconnect.yaml in `c:\\Users\\claud\\OneDrive\\Documentos\\NeuroAds\\LP\\dataconnect`\n"}}
[debug] [2026-05-06T09:40:36.166Z] E0506 06:40:36.108622   15908 watch.go:40] Failed to load config from "c:\\Users\\claud\\OneDrive\\Documentos\\NeuroAds\\LP\\dataconnect": could not find dataconnect.yaml in `c:\Users\claud\OneDrive\Documentos\NeuroAds\LP\dataconnect`
 {"metadata":{"emulator":{"name":"dataconnect"},"message":"E0506 06:40:36.108622   15908 watch.go:40] Failed to load config from \"c:\\\\Users\\\\claud\\\\OneDrive\\\\Documentos\\\\NeuroAds\\\\LP\\\\dataconnect\": could not find dataconnect.yaml in `c:\\Users\\claud\\OneDrive\\Documentos\\NeuroAds\\LP\\dataconnect`\n"}}
[debug] [2026-05-06T09:40:46.129Z] E0506 06:40:46.107996   15908 watch.go:40] Failed to load config from "c:\\Users\\claud\\OneDrive\\Documentos\\NeuroAds\\LP\\dataconnect": could not find dataconnect.yaml in `c:\Users\claud\OneDrive\Documentos\NeuroAds\LP\dataconnect`
 {"metadata":{"emulator":{"name":"dataconnect"},"message":"E0506 06:40:46.107996   15908 watch.go:40] Failed to load config from \"c:\\\\Users\\\\claud\\\\OneDrive\\\\Documentos\\\\NeuroAds\\\\LP\\\\dataconnect\": could not find dataconnect.yaml in `c:\\Users\\claud\\OneDrive\\Documentos\\NeuroAds\\LP\\dataconnect`\n"}}
[debug] [2026-05-06T09:40:56.108Z] E0506 06:40:56.108698   15908 watch.go:40] Failed to load config from "c:\\Users\\claud\\OneDrive\\Documentos\\NeuroAds\\LP\\dataconnect": could not find dataconnect.yaml in `c:\Users\claud\OneDrive\Documentos\NeuroAds\LP\dataconnect`
 {"metadata":{"emulator":{"name":"dataconnect"},"message":"E0506 06:40:56.108698   15908 watch.go:40] Failed to load config from \"c:\\\\Users\\\\claud\\\\OneDrive\\\\Documentos\\\\NeuroAds\\\\LP\\\\dataconnect\": could not find dataconnect.yaml in `c:\\Users\\claud\\OneDrive\\Documentos\\NeuroAds\\LP\\dataconnect`\n"}}
[debug] [2026-05-06T09:41:06.138Z] E0506 06:41:06.108429   15908 watch.go:116] watchAllDir unable to walk dir `c:\Users\claud\OneDrive\Documentos\NeuroAds\LP\dataconnect`: GetFileAttributesEx c:\Users\claud\OneDrive\Documentos\NeuroAds\LP\dataconnect: The system cannot find the file specified.
E0506 06:41:06.108429   15908 watch.go:40] Failed to load config from "c:\\Users\\claud\\OneDrive\\Documentos\\NeuroAds\\LP\\dataconnect": could not find dataconnect.yaml in `c:\Users\claud\OneDrive\Documentos\NeuroAds\LP\dataconnect`
 {"metadata":{"emulator":{"name":"dataconnect"},"message":"E0506 06:41:06.108429   15908 watch.go:116] watchAllDir unable to walk dir `c:\\Users\\claud\\OneDrive\\Documentos\\NeuroAds\\LP\\dataconnect`: GetFileAttributesEx c:\\Users\\claud\\OneDrive\\Documentos\\NeuroAds\\LP\\dataconnect: The system cannot find the file specified.\nE0506 06:41:06.108429   15908 watch.go:40] Failed to load config from \"c:\\\\Users\\\\claud\\\\OneDrive\\\\Documentos\\\\NeuroAds\\\\LP\\\\dataconnect\": could not find dataconnect.yaml in `c:\\Users\\claud\\OneDrive\\Documentos\\NeuroAds\\LP\\dataconnect`\n"}}
[debug] [2026-05-06T09:41:16.163Z] E0506 06:41:16.108232   15908 watch.go:40] Failed to load config from "c:\\Users\\claud\\OneDrive\\Documentos\\NeuroAds\\LP\\dataconnect": could not find dataconnect.yaml in `c:\Users\claud\OneDrive\Documentos\NeuroAds\LP\dataconnect`
 {"metadata":{"emulator":{"name":"dataconnect"},"message":"E0506 06:41:16.108232   15908 watch.go:40] Failed to load config from \"c:\\\\Users\\\\claud\\\\OneDrive\\\\Documentos\\\\NeuroAds\\\\LP\\\\dataconnect\": could not find dataconnect.yaml in `c:\\Users\\claud\\OneDrive\\Documentos\\NeuroAds\\LP\\dataconnect`\n"}}
[debug] [2026-05-06T09:41:26.177Z] E0506 06:41:26.108116   15908 watch.go:40] Failed to load config from "c:\\Users\\claud\\OneDrive\\Documentos\\NeuroAds\\LP\\dataconnect": could not find dataconnect.yaml in `c:\Users\claud\OneDrive\Documentos\NeuroAds\LP\dataconnect`
 {"metadata":{"emulator":{"name":"dataconnect"},"message":"E0506 06:41:26.108116   15908 watch.go:40] Failed to load config from \"c:\\\\Users\\\\claud\\\\OneDrive\\\\Documentos\\\\NeuroAds\\\\LP\\\\dataconnect\": could not find dataconnect.yaml in `c:\\Users\\claud\\OneDrive\\Documentos\\NeuroAds\\LP\\dataconnect`\n"}}
[debug] [2026-05-06T09:41:36.116Z] E0506 06:41:36.108179   15908 watch.go:40] Failed to load config from "c:\\Users\\claud\\OneDrive\\Documentos\\NeuroAds\\LP\\dataconnect": could not find dataconnect.yaml in `c:\Users\claud\OneDrive\Documentos\NeuroAds\LP\dataconnect`
 {"metadata":{"emulator":{"name":"dataconnect"},"message":"E0506 06:41:36.108179   15908 watch.go:40] Failed to load config from \"c:\\\\Users\\\\claud\\\\OneDrive\\\\Documentos\\\\NeuroAds\\\\LP\\\\dataconnect\": could not find dataconnect.yaml in `c:\\Users\\claud\\OneDrive\\Documentos\\NeuroAds\\LP\\dataconnect`\n"}}
[debug] [2026-05-06T09:41:46.120Z] E0506 06:41:46.109121   15908 watch.go:40] Failed to load config from "c:\\Users\\claud\\OneDrive\\Documentos\\NeuroAds\\LP\\dataconnect": could not find dataconnect.yaml in `c:\Users\claud\OneDrive\Documentos\NeuroAds\LP\dataconnect`
 {"metadata":{"emulator":{"name":"dataconnect"},"message":"E0506 06:41:46.109121   15908 watch.go:40] Failed to load config from \"c:\\\\Users\\\\claud\\\\OneDrive\\\\Documentos\\\\NeuroAds\\\\LP\\\\dataconnect\": could not find dataconnect.yaml in `c:\\Users\\claud\\OneDrive\\Documentos\\NeuroAds\\LP\\dataconnect`\n"}}
[debug] [2026-05-06T09:41:56.123Z] E0506 06:41:56.108246   15908 watch.go:40] Failed to load config from "c:\\Users\\claud\\OneDrive\\Documentos\\NeuroAds\\LP\\dataconnect": could not find dataconnect.yaml in `c:\Users\claud\OneDrive\Documentos\NeuroAds\LP\dataconnect`
 {"metadata":{"emulator":{"name":"dataconnect"},"message":"E0506 06:41:56.108246   15908 watch.go:40] Failed to load config from \"c:\\\\Users\\\\claud\\\\OneDrive\\\\Documentos\\\\NeuroAds\\\\LP\\\\dataconnect\": could not find dataconnect.yaml in `c:\\Users\\claud\\OneDrive\\Documentos\\NeuroAds\\LP\\dataconnect`\n"}}
[debug] [2026-05-06T09:42:06.159Z] E0506 06:42:06.108452   15908 watch.go:116] watchAllDir unable to walk dir `c:\Users\claud\OneDrive\Documentos\NeuroAds\LP\dataconnect`: GetFileAttributesEx c:\Users\claud\OneDrive\Documentos\NeuroAds\LP\dataconnect: The system cannot find the file specified.
E0506 06:42:06.108866   15908 watch.go:40] Failed to load config from "c:\\Users\\claud\\OneDrive\\Documentos\\NeuroAds\\LP\\dataconnect": could not find dataconnect.yaml in `c:\Users\claud\OneDrive\Documentos\NeuroAds\LP\dataconnect`
 {"metadata":{"emulator":{"name":"dataconnect"},"message":"E0506 06:42:06.108452   15908 watch.go:116] watchAllDir unable to walk dir `c:\\Users\\claud\\OneDrive\\Documentos\\NeuroAds\\LP\\dataconnect`: GetFileAttributesEx c:\\Users\\claud\\OneDrive\\Documentos\\NeuroAds\\LP\\dataconnect: The system cannot find the file specified.\nE0506 06:42:06.108866   15908 watch.go:40] Failed to load config from \"c:\\\\Users\\\\claud\\\\OneDrive\\\\Documentos\\\\NeuroAds\\\\LP\\\\dataconnect\": could not find dataconnect.yaml in `c:\\Users\\claud\\OneDrive\\Documentos\\NeuroAds\\LP\\dataconnect`\n"}}
[debug] [2026-05-06T09:42:16.126Z] E0506 06:42:16.108139   15908 watch.go:40] Failed to load config from "c:\\Users\\claud\\OneDrive\\Documentos\\NeuroAds\\LP\\dataconnect": could not find dataconnect.yaml in `c:\Users\claud\OneDrive\Documentos\NeuroAds\LP\dataconnect`
 {"metadata":{"emulator":{"name":"dataconnect"},"message":"E0506 06:42:16.108139   15908 watch.go:40] Failed to load config from \"c:\\\\Users\\\\claud\\\\OneDrive\\\\Documentos\\\\NeuroAds\\\\LP\\\\dataconnect\": could not find dataconnect.yaml in `c:\\Users\\claud\\OneDrive\\Documentos\\NeuroAds\\LP\\dataconnect`\n"}}
[debug] [2026-05-06T09:42:26.155Z] E0506 06:42:26.107933   15908 watch.go:40] Failed to load config from "c:\\Users\\claud\\OneDrive\\Documentos\\NeuroAds\\LP\\dataconnect": could not find dataconnect.yaml in `c:\Users\claud\OneDrive\Documentos\NeuroAds\LP\dataconnect`
 {"metadata":{"emulator":{"name":"dataconnect"},"message":"E0506 06:42:26.107933   15908 watch.go:40] Failed to load config from \"c:\\\\Users\\\\claud\\\\OneDrive\\\\Documentos\\\\NeuroAds\\\\LP\\\\dataconnect\": could not find dataconnect.yaml in `c:\\Users\\claud\\OneDrive\\Documentos\\NeuroAds\\LP\\dataconnect`\n"}}
[debug] [2026-05-06T09:42:36.118Z] E0506 06:42:36.109204   15908 watch.go:40] Failed to load config from "c:\\Users\\claud\\OneDrive\\Documentos\\NeuroAds\\LP\\dataconnect": could not find dataconnect.yaml in `c:\Users\claud\OneDrive\Documentos\NeuroAds\LP\dataconnect`
 {"metadata":{"emulator":{"name":"dataconnect"},"message":"E0506 06:42:36.109204   15908 watch.go:40] Failed to load config from \"c:\\\\Users\\\\claud\\\\OneDrive\\\\Documentos\\\\NeuroAds\\\\LP\\\\dataconnect\": could not find dataconnect.yaml in `c:\\Users\\claud\\OneDrive\\Documentos\\NeuroAds\\LP\\dataconnect`\n"}}
[debug] [2026-05-06T09:42:46.160Z] E0506 06:42:46.108261   15908 watch.go:40] Failed to load config from "c:\\Users\\claud\\OneDrive\\Documentos\\NeuroAds\\LP\\dataconnect": could not find dataconnect.yaml in `c:\Users\claud\OneDrive\Documentos\NeuroAds\LP\dataconnect`
 {"metadata":{"emulator":{"name":"dataconnect"},"message":"E0506 06:42:46.108261   15908 watch.go:40] Failed to load config from \"c:\\\\Users\\\\claud\\\\OneDrive\\\\Documentos\\\\NeuroAds\\\\LP\\\\dataconnect\": could not find dataconnect.yaml in `c:\\Users\\claud\\OneDrive\\Documentos\\NeuroAds\\LP\\dataconnect`\n"}}
[debug] [2026-05-06T09:42:56.160Z] E0506 06:42:56.108778   15908 watch.go:40] Failed to load config from "c:\\Users\\claud\\OneDrive\\Documentos\\NeuroAds\\LP\\dataconnect": could not find dataconnect.yaml in `c:\Users\claud\OneDrive\Documentos\NeuroAds\LP\dataconnect`
 {"metadata":{"emulator":{"name":"dataconnect"},"message":"E0506 06:42:56.108778   15908 watch.go:40] Failed to load config from \"c:\\\\Users\\\\claud\\\\OneDrive\\\\Documentos\\\\NeuroAds\\\\LP\\\\dataconnect\": could not find dataconnect.yaml in `c:\\Users\\claud\\OneDrive\\Documentos\\NeuroAds\\LP\\dataconnect`\n"}}
[debug] [2026-05-06T09:43:06.137Z] E0506 06:43:06.108089   15908 watch.go:116] watchAllDir unable to walk dir `c:\Users\claud\OneDrive\Documentos\NeuroAds\LP\dataconnect`: GetFileAttributesEx c:\Users\claud\OneDrive\Documentos\NeuroAds\LP\dataconnect: The system cannot find the file specified.
E0506 06:43:06.108089   15908 watch.go:40] Failed to load config from "c:\\Users\\claud\\OneDrive\\Documentos\\NeuroAds\\LP\\dataconnect": could not find dataconnect.yaml in `c:\Users\claud\OneDrive\Documentos\NeuroAds\LP\dataconnect`
 {"metadata":{"emulator":{"name":"dataconnect"},"message":"E0506 06:43:06.108089   15908 watch.go:116] watchAllDir unable to walk dir `c:\\Users\\claud\\OneDrive\\Documentos\\NeuroAds\\LP\\dataconnect`: GetFileAttributesEx c:\\Users\\claud\\OneDrive\\Documentos\\NeuroAds\\LP\\dataconnect: The system cannot find the file specified.\nE0506 06:43:06.108089   15908 watch.go:40] Failed to load config from \"c:\\\\Users\\\\claud\\\\OneDrive\\\\Documentos\\\\NeuroAds\\\\LP\\\\dataconnect\": could not find dataconnect.yaml in `c:\\Users\\claud\\OneDrive\\Documentos\\NeuroAds\\LP\\dataconnect`\n"}}
[debug] [2026-05-06T09:43:16.139Z] E0506 06:43:16.108701   15908 watch.go:40] Failed to load config from "c:\\Users\\claud\\OneDrive\\Documentos\\NeuroAds\\LP\\dataconnect": could not find dataconnect.yaml in `c:\Users\claud\OneDrive\Documentos\NeuroAds\LP\dataconnect`
 {"metadata":{"emulator":{"name":"dataconnect"},"message":"E0506 06:43:16.108701   15908 watch.go:40] Failed to load config from \"c:\\\\Users\\\\claud\\\\OneDrive\\\\Documentos\\\\NeuroAds\\\\LP\\\\dataconnect\": could not find dataconnect.yaml in `c:\\Users\\claud\\OneDrive\\Documentos\\NeuroAds\\LP\\dataconnect`\n"}}
[debug] [2026-05-06T09:43:26.128Z] E0506 06:43:26.108968   15908 watch.go:40] Failed to load config from "c:\\Users\\claud\\OneDrive\\Documentos\\NeuroAds\\LP\\dataconnect": could not find dataconnect.yaml in `c:\Users\claud\OneDrive\Documentos\NeuroAds\LP\dataconnect`
 {"metadata":{"emulator":{"name":"dataconnect"},"message":"E0506 06:43:26.108968   15908 watch.go:40] Failed to load config from \"c:\\\\Users\\\\claud\\\\OneDrive\\\\Documentos\\\\NeuroAds\\\\LP\\\\dataconnect\": could not find dataconnect.yaml in `c:\\Users\\claud\\OneDrive\\Documentos\\NeuroAds\\LP\\dataconnect`\n"}}
[debug] [2026-05-06T09:43:36.144Z] E0506 06:43:36.108119   15908 watch.go:40] Failed to load config from "c:\\Users\\claud\\OneDrive\\Documentos\\NeuroAds\\LP\\dataconnect": could not find dataconnect.yaml in `c:\Users\claud\OneDrive\Documentos\NeuroAds\LP\dataconnect`
 {"metadata":{"emulator":{"name":"dataconnect"},"message":"E0506 06:43:36.108119   15908 watch.go:40] Failed to load config from \"c:\\\\Users\\\\claud\\\\OneDrive\\\\Documentos\\\\NeuroAds\\\\LP\\\\dataconnect\": could not find dataconnect.yaml in `c:\\Users\\claud\\OneDrive\\Documentos\\NeuroAds\\LP\\dataconnect`\n"}}
[debug] [2026-05-06T09:43:46.107Z] E0506 06:43:46.108338   15908 watch.go:40] Failed to load config from "c:\\Users\\claud\\OneDrive\\Documentos\\NeuroAds\\LP\\dataconnect": could not find dataconnect.yaml in `c:\Users\claud\OneDrive\Documentos\NeuroAds\LP\dataconnect`
 {"metadata":{"emulator":{"name":"dataconnect"},"message":"E0506 06:43:46.108338   15908 watch.go:40] Failed to load config from \"c:\\\\Users\\\\claud\\\\OneDrive\\\\Documentos\\\\NeuroAds\\\\LP\\\\dataconnect\": could not find dataconnect.yaml in `c:\\Users\\claud\\OneDrive\\Documentos\\NeuroAds\\LP\\dataconnect`\n"}}
[debug] [2026-05-06T09:43:56.174Z] E0506 06:43:56.108521   15908 watch.go:40] Failed to load config from "c:\\Users\\claud\\OneDrive\\Documentos\\NeuroAds\\LP\\dataconnect": could not find dataconnect.yaml in `c:\Users\claud\OneDrive\Documentos\NeuroAds\LP\dataconnect`
 {"metadata":{"emulator":{"name":"dataconnect"},"message":"E0506 06:43:56.108521   15908 watch.go:40] Failed to load config from \"c:\\\\Users\\\\claud\\\\OneDrive\\\\Documentos\\\\NeuroAds\\\\LP\\\\dataconnect\": could not find dataconnect.yaml in `c:\\Users\\claud\\OneDrive\\Documentos\\NeuroAds\\LP\\dataconnect`\n"}}
[debug] [2026-05-06T09:44:06.213Z] E0506 06:44:06.109746   15908 watch.go:116] watchAllDir unable to walk dir `c:\Users\claud\OneDrive\Documentos\NeuroAds\LP\dataconnect`: GetFileAttributesEx c:\Users\claud\OneDrive\Documentos\NeuroAds\LP\dataconnect: The system cannot find the file specified.
E0506 06:44:06.110280   15908 watch.go:40] Failed to load config from "c:\\Users\\claud\\OneDrive\\Documentos\\NeuroAds\\LP\\dataconnect": could not find dataconnect.yaml in `c:\Users\claud\OneDrive\Documentos\NeuroAds\LP\dataconnect`
 {"metadata":{"emulator":{"name":"dataconnect"},"message":"E0506 06:44:06.109746   15908 watch.go:116] watchAllDir unable to walk dir `c:\\Users\\claud\\OneDrive\\Documentos\\NeuroAds\\LP\\dataconnect`: GetFileAttributesEx c:\\Users\\claud\\OneDrive\\Documentos\\NeuroAds\\LP\\dataconnect: The system cannot find the file specified.\nE0506 06:44:06.110280   15908 watch.go:40] Failed to load config from \"c:\\\\Users\\\\claud\\\\OneDrive\\\\Documentos\\\\NeuroAds\\\\LP\\\\dataconnect\": could not find dataconnect.yaml in `c:\\Users\\claud\\OneDrive\\Documentos\\NeuroAds\\LP\\dataconnect`\n"}}
[debug] [2026-05-06T09:44:16.131Z] E0506 06:44:16.109356   15908 watch.go:40] Failed to load config from "c:\\Users\\claud\\OneDrive\\Documentos\\NeuroAds\\LP\\dataconnect": could not find dataconnect.yaml in `c:\Users\claud\OneDrive\Documentos\NeuroAds\LP\dataconnect`
 {"metadata":{"emulator":{"name":"dataconnect"},"message":"E0506 06:44:16.109356   15908 watch.go:40] Failed to load config from \"c:\\\\Users\\\\claud\\\\OneDrive\\\\Documentos\\\\NeuroAds\\\\LP\\\\dataconnect\": could not find dataconnect.yaml in `c:\\Users\\claud\\OneDrive\\Documentos\\NeuroAds\\LP\\dataconnect`\n"}}
[debug] [2026-05-06T09:44:26.156Z] E0506 06:44:26.110720   15908 watch.go:40] Failed to load config from "c:\\Users\\claud\\OneDrive\\Documentos\\NeuroAds\\LP\\dataconnect": could not find dataconnect.yaml in `c:\Users\claud\OneDrive\Documentos\NeuroAds\LP\dataconnect`
 {"metadata":{"emulator":{"name":"dataconnect"},"message":"E0506 06:44:26.110720   15908 watch.go:40] Failed to load config from \"c:\\\\Users\\\\claud\\\\OneDrive\\\\Documentos\\\\NeuroAds\\\\LP\\\\dataconnect\": could not find dataconnect.yaml in `c:\\Users\\claud\\OneDrive\\Documentos\\NeuroAds\\LP\\dataconnect`\n"}}
[debug] [2026-05-06T09:44:36.162Z] E0506 06:44:36.108172   15908 watch.go:40] Failed to load config from "c:\\Users\\claud\\OneDrive\\Documentos\\NeuroAds\\LP\\dataconnect": could not find dataconnect.yaml in `c:\Users\claud\OneDrive\Documentos\NeuroAds\LP\dataconnect`
 {"metadata":{"emulator":{"name":"dataconnect"},"message":"E0506 06:44:36.108172   15908 watch.go:40] Failed to load config from \"c:\\\\Users\\\\claud\\\\OneDrive\\\\Documentos\\\\NeuroAds\\\\LP\\\\dataconnect\": could not find dataconnect.yaml in `c:\\Users\\claud\\OneDrive\\Documentos\\NeuroAds\\LP\\dataconnect`\n"}}
[debug] [2026-05-06T09:44:46.162Z] E0506 06:44:46.108276   15908 watch.go:40] Failed to load config from "c:\\Users\\claud\\OneDrive\\Documentos\\NeuroAds\\LP\\dataconnect": could not find dataconnect.yaml in `c:\Users\claud\OneDrive\Documentos\NeuroAds\LP\dataconnect`
 {"metadata":{"emulator":{"name":"dataconnect"},"message":"E0506 06:44:46.108276   15908 watch.go:40] Failed to load config from \"c:\\\\Users\\\\claud\\\\OneDrive\\\\Documentos\\\\NeuroAds\\\\LP\\\\dataconnect\": could not find dataconnect.yaml in `c:\\Users\\claud\\OneDrive\\Documentos\\NeuroAds\\LP\\dataconnect`\n"}}
[debug] [2026-05-06T09:44:56.108Z] E0506 06:44:56.108162   15908 watch.go:40] Failed to load config from "c:\\Users\\claud\\OneDrive\\Documentos\\NeuroAds\\LP\\dataconnect": could not find dataconnect.yaml in `c:\Users\claud\OneDrive\Documentos\NeuroAds\LP\dataconnect`
 {"metadata":{"emulator":{"name":"dataconnect"},"message":"E0506 06:44:56.108162   15908 watch.go:40] Failed to load config from \"c:\\\\Users\\\\claud\\\\OneDrive\\\\Documentos\\\\NeuroAds\\\\LP\\\\dataconnect\": could not find dataconnect.yaml in `c:\\Users\\claud\\OneDrive\\Documentos\\NeuroAds\\LP\\dataconnect`\n"}}
[debug] [2026-05-06T09:45:06.260Z] E0506 06:45:06.108154   15908 watch.go:116] watchAllDir unable to walk dir `c:\Users\claud\OneDrive\Documentos\NeuroAds\LP\dataconnect`: GetFileAttributesEx c:\Users\claud\OneDrive\Documentos\NeuroAds\LP\dataconnect: The system cannot find the file specified.
E0506 06:45:06.108923   15908 watch.go:40] Failed to load config from "c:\\Users\\claud\\OneDrive\\Documentos\\NeuroAds\\LP\\dataconnect": could not find dataconnect.yaml in `c:\Users\claud\OneDrive\Documentos\NeuroAds\LP\dataconnect`
 {"metadata":{"emulator":{"name":"dataconnect"},"message":"E0506 06:45:06.108154   15908 watch.go:116] watchAllDir unable to walk dir `c:\\Users\\claud\\OneDrive\\Documentos\\NeuroAds\\LP\\dataconnect`: GetFileAttributesEx c:\\Users\\claud\\OneDrive\\Documentos\\NeuroAds\\LP\\dataconnect: The system cannot find the file specified.\nE0506 06:45:06.108923   15908 watch.go:40] Failed to load config from \"c:\\\\Users\\\\claud\\\\OneDrive\\\\Documentos\\\\NeuroAds\\\\LP\\\\dataconnect\": could not find dataconnect.yaml in `c:\\Users\\claud\\OneDrive\\Documentos\\NeuroAds\\LP\\dataconnect`\n"}}
[debug] [2026-05-06T09:45:16.237Z] E0506 06:45:16.109244   15908 watch.go:40] Failed to load config from "c:\\Users\\claud\\OneDrive\\Documentos\\NeuroAds\\LP\\dataconnect": could not find dataconnect.yaml in `c:\Users\claud\OneDrive\Documentos\NeuroAds\LP\dataconnect`
 {"metadata":{"emulator":{"name":"dataconnect"},"message":"E0506 06:45:16.109244   15908 watch.go:40] Failed to load config from \"c:\\\\Users\\\\claud\\\\OneDrive\\\\Documentos\\\\NeuroAds\\\\LP\\\\dataconnect\": could not find dataconnect.yaml in `c:\\Users\\claud\\OneDrive\\Documentos\\NeuroAds\\LP\\dataconnect`\n"}}
[debug] [2026-05-06T09:45:26.146Z] E0506 06:45:26.107934   15908 watch.go:40] Failed to load config from "c:\\Users\\claud\\OneDrive\\Documentos\\NeuroAds\\LP\\dataconnect": could not find dataconnect.yaml in `c:\Users\claud\OneDrive\Documentos\NeuroAds\LP\dataconnect`
 {"metadata":{"emulator":{"name":"dataconnect"},"message":"E0506 06:45:26.107934   15908 watch.go:40] Failed to load config from \"c:\\\\Users\\\\claud\\\\OneDrive\\\\Documentos\\\\NeuroAds\\\\LP\\\\dataconnect\": could not find dataconnect.yaml in `c:\\Users\\claud\\OneDrive\\Documentos\\NeuroAds\\LP\\dataconnect`\n"}}
[debug] [2026-05-06T09:45:36.144Z] E0506 06:45:36.108022   15908 watch.go:40] Failed to load config from "c:\\Users\\claud\\OneDrive\\Documentos\\NeuroAds\\LP\\dataconnect": could not find dataconnect.yaml in `c:\Users\claud\OneDrive\Documentos\NeuroAds\LP\dataconnect`
 {"metadata":{"emulator":{"name":"dataconnect"},"message":"E0506 06:45:36.108022   15908 watch.go:40] Failed to load config from \"c:\\\\Users\\\\claud\\\\OneDrive\\\\Documentos\\\\NeuroAds\\\\LP\\\\dataconnect\": could not find dataconnect.yaml in `c:\\Users\\claud\\OneDrive\\Documentos\\NeuroAds\\LP\\dataconnect`\n"}}
[debug] [2026-05-06T09:45:46.146Z] E0506 06:45:46.108320   15908 watch.go:40] Failed to load config from "c:\\Users\\claud\\OneDrive\\Documentos\\NeuroAds\\LP\\dataconnect": could not find dataconnect.yaml in `c:\Users\claud\OneDrive\Documentos\NeuroAds\LP\dataconnect`
 {"metadata":{"emulator":{"name":"dataconnect"},"message":"E0506 06:45:46.108320   15908 watch.go:40] Failed to load config from \"c:\\\\Users\\\\claud\\\\OneDrive\\\\Documentos\\\\NeuroAds\\\\LP\\\\dataconnect\": could not find dataconnect.yaml in `c:\\Users\\claud\\OneDrive\\Documentos\\NeuroAds\\LP\\dataconnect`\n"}}
[debug] [2026-05-06T09:45:56.221Z] E0506 06:45:56.109164   15908 watch.go:40] Failed to load config from "c:\\Users\\claud\\OneDrive\\Documentos\\NeuroAds\\LP\\dataconnect": could not find dataconnect.yaml in `c:\Users\claud\OneDrive\Documentos\NeuroAds\LP\dataconnect`
 {"metadata":{"emulator":{"name":"dataconnect"},"message":"E0506 06:45:56.109164   15908 watch.go:40] Failed to load config from \"c:\\\\Users\\\\claud\\\\OneDrive\\\\Documentos\\\\NeuroAds\\\\LP\\\\dataconnect\": could not find dataconnect.yaml in `c:\\Users\\claud\\OneDrive\\Documentos\\NeuroAds\\LP\\dataconnect`\n"}}
[debug] [2026-05-06T09:46:10.393Z] E0506 06:46:06.108459   15908 watch.go:116] watchAllDir unable to walk dir `c:\Users\claud\OneDrive\Documentos\NeuroAds\LP\dataconnect`: GetFileAttributesEx c:\Users\claud\OneDrive\Documentos\NeuroAds\LP\dataconnect: The system cannot find the file specified.
E0506 06:46:06.109176   15908 watch.go:40] Failed to load config from "c:\\Users\\claud\\OneDrive\\Documentos\\NeuroAds\\LP\\dataconnect": could not find dataconnect.yaml in `c:\Users\claud\OneDrive\Documentos\NeuroAds\LP\dataconnect`
 {"metadata":{"emulator":{"name":"dataconnect"},"message":"E0506 06:46:06.108459   15908 watch.go:116] watchAllDir unable to walk dir `c:\\Users\\claud\\OneDrive\\Documentos\\NeuroAds\\LP\\dataconnect`: GetFileAttributesEx c:\\Users\\claud\\OneDrive\\Documentos\\NeuroAds\\LP\\dataconnect: The system cannot find the file specified.\nE0506 06:46:06.109176   15908 watch.go:40] Failed to load config from \"c:\\\\Users\\\\claud\\\\OneDrive\\\\Documentos\\\\NeuroAds\\\\LP\\\\dataconnect\": could not find dataconnect.yaml in `c:\\Users\\claud\\OneDrive\\Documentos\\NeuroAds\\LP\\dataconnect`\n"}}
[debug] [2026-05-06T09:46:16.108Z] E0506 06:46:16.109003   15908 watch.go:40] Failed to load config from "c:\\Users\\claud\\OneDrive\\Documentos\\NeuroAds\\LP\\dataconnect": could not find dataconnect.yaml in `c:\Users\claud\OneDrive\Documentos\NeuroAds\LP\dataconnect`
 {"metadata":{"emulator":{"name":"dataconnect"},"message":"E0506 06:46:16.109003   15908 watch.go:40] Failed to load config from \"c:\\\\Users\\\\claud\\\\OneDrive\\\\Documentos\\\\NeuroAds\\\\LP\\\\dataconnect\": could not find dataconnect.yaml in `c:\\Users\\claud\\OneDrive\\Documentos\\NeuroAds\\LP\\dataconnect`\n"}}
[debug] [2026-05-06T09:46:26.150Z] E0506 06:46:26.108144   15908 watch.go:40] Failed to load config from "c:\\Users\\claud\\OneDrive\\Documentos\\NeuroAds\\LP\\dataconnect": could not find dataconnect.yaml in `c:\Users\claud\OneDrive\Documentos\NeuroAds\LP\dataconnect`
 {"metadata":{"emulator":{"name":"dataconnect"},"message":"E0506 06:46:26.108144   15908 watch.go:40] Failed to load config from \"c:\\\\Users\\\\claud\\\\OneDrive\\\\Documentos\\\\NeuroAds\\\\LP\\\\dataconnect\": could not find dataconnect.yaml in `c:\\Users\\claud\\OneDrive\\Documentos\\NeuroAds\\LP\\dataconnect`\n"}}
[debug] [2026-05-06T09:46:36.116Z] E0506 06:46:36.108173   15908 watch.go:40] Failed to load config from "c:\\Users\\claud\\OneDrive\\Documentos\\NeuroAds\\LP\\dataconnect": could not find dataconnect.yaml in `c:\Users\claud\OneDrive\Documentos\NeuroAds\LP\dataconnect`
 {"metadata":{"emulator":{"name":"dataconnect"},"message":"E0506 06:46:36.108173   15908 watch.go:40] Failed to load config from \"c:\\\\Users\\\\claud\\\\OneDrive\\\\Documentos\\\\NeuroAds\\\\LP\\\\dataconnect\": could not find dataconnect.yaml in `c:\\Users\\claud\\OneDrive\\Documentos\\NeuroAds\\LP\\dataconnect`\n"}}
[debug] [2026-05-06T09:46:46.122Z] E0506 06:46:46.121756   15908 watch.go:40] Failed to load config from "c:\\Users\\claud\\OneDrive\\Documentos\\NeuroAds\\LP\\dataconnect": could not find dataconnect.yaml in `c:\Users\claud\OneDrive\Documentos\NeuroAds\LP\dataconnect`
 {"metadata":{"emulator":{"name":"dataconnect"},"message":"E0506 06:46:46.121756   15908 watch.go:40] Failed to load config from \"c:\\\\Users\\\\claud\\\\OneDrive\\\\Documentos\\\\NeuroAds\\\\LP\\\\dataconnect\": could not find dataconnect.yaml in `c:\\Users\\claud\\OneDrive\\Documentos\\NeuroAds\\LP\\dataconnect`\n"}}
[debug] [2026-05-06T09:46:56.115Z] E0506 06:46:56.108189   15908 watch.go:40] Failed to load config from "c:\\Users\\claud\\OneDrive\\Documentos\\NeuroAds\\LP\\dataconnect": could not find dataconnect.yaml in `c:\Users\claud\OneDrive\Documentos\NeuroAds\LP\dataconnect`
 {"metadata":{"emulator":{"name":"dataconnect"},"message":"E0506 06:46:56.108189   15908 watch.go:40] Failed to load config from \"c:\\\\Users\\\\claud\\\\OneDrive\\\\Documentos\\\\NeuroAds\\\\LP\\\\dataconnect\": could not find dataconnect.yaml in `c:\\Users\\claud\\OneDrive\\Documentos\\NeuroAds\\LP\\dataconnect`\n"}}
[debug] [2026-05-06T09:47:06.143Z] E0506 06:47:06.108115   15908 watch.go:116] watchAllDir unable to walk dir `c:\Users\claud\OneDrive\Documentos\NeuroAds\LP\dataconnect`: GetFileAttributesEx c:\Users\claud\OneDrive\Documentos\NeuroAds\LP\dataconnect: The system cannot find the file specified.
E0506 06:47:06.108535   15908 watch.go:40] Failed to load config from "c:\\Users\\claud\\OneDrive\\Documentos\\NeuroAds\\LP\\dataconnect": could not find dataconnect.yaml in `c:\Users\claud\OneDrive\Documentos\NeuroAds\LP\dataconnect`
 {"metadata":{"emulator":{"name":"dataconnect"},"message":"E0506 06:47:06.108115   15908 watch.go:116] watchAllDir unable to walk dir `c:\\Users\\claud\\OneDrive\\Documentos\\NeuroAds\\LP\\dataconnect`: GetFileAttributesEx c:\\Users\\claud\\OneDrive\\Documentos\\NeuroAds\\LP\\dataconnect: The system cannot find the file specified.\nE0506 06:47:06.108535   15908 watch.go:40] Failed to load config from \"c:\\\\Users\\\\claud\\\\OneDrive\\\\Documentos\\\\NeuroAds\\\\LP\\\\dataconnect\": could not find dataconnect.yaml in `c:\\Users\\claud\\OneDrive\\Documentos\\NeuroAds\\LP\\dataconnect`\n"}}
[debug] [2026-05-06T09:47:16.108Z] E0506 06:47:16.108140   15908 watch.go:40] Failed to load config from "c:\\Users\\claud\\OneDrive\\Documentos\\NeuroAds\\LP\\dataconnect": could not find dataconnect.yaml in `c:\Users\claud\OneDrive\Documentos\NeuroAds\LP\dataconnect`
 {"metadata":{"emulator":{"name":"dataconnect"},"message":"E0506 06:47:16.108140   15908 watch.go:40] Failed to load config from \"c:\\\\Users\\\\claud\\\\OneDrive\\\\Documentos\\\\NeuroAds\\\\LP\\\\dataconnect\": could not find dataconnect.yaml in `c:\\Users\\claud\\OneDrive\\Documentos\\NeuroAds\\LP\\dataconnect`\n"}}
[debug] [2026-05-06T09:47:26.128Z] E0506 06:47:26.108888   15908 watch.go:40] Failed to load config from "c:\\Users\\claud\\OneDrive\\Documentos\\NeuroAds\\LP\\dataconnect": could not find dataconnect.yaml in `c:\Users\claud\OneDrive\Documentos\NeuroAds\LP\dataconnect`
 {"metadata":{"emulator":{"name":"dataconnect"},"message":"E0506 06:47:26.108888   15908 watch.go:40] Failed to load config from \"c:\\\\Users\\\\claud\\\\OneDrive\\\\Documentos\\\\NeuroAds\\\\LP\\\\dataconnect\": could not find dataconnect.yaml in `c:\\Users\\claud\\OneDrive\\Documentos\\NeuroAds\\LP\\dataconnect`\n"}}
[debug] [2026-05-06T09:47:36.196Z] E0506 06:47:36.109105   15908 watch.go:40] Failed to load config from "c:\\Users\\claud\\OneDrive\\Documentos\\NeuroAds\\LP\\dataconnect": could not find dataconnect.yaml in `c:\Users\claud\OneDrive\Documentos\NeuroAds\LP\dataconnect`
 {"metadata":{"emulator":{"name":"dataconnect"},"message":"E0506 06:47:36.109105   15908 watch.go:40] Failed to load config from \"c:\\\\Users\\\\claud\\\\OneDrive\\\\Documentos\\\\NeuroAds\\\\LP\\\\dataconnect\": could not find dataconnect.yaml in `c:\\Users\\claud\\OneDrive\\Documentos\\NeuroAds\\LP\\dataconnect`\n"}}
[debug] [2026-05-06T09:47:46.118Z] E0506 06:47:46.109659   15908 watch.go:40] Failed to load config from "c:\\Users\\claud\\OneDrive\\Documentos\\NeuroAds\\LP\\dataconnect": could not find dataconnect.yaml in `c:\Users\claud\OneDrive\Documentos\NeuroAds\LP\dataconnect`
 {"metadata":{"emulator":{"name":"dataconnect"},"message":"E0506 06:47:46.109659   15908 watch.go:40] Failed to load config from \"c:\\\\Users\\\\claud\\\\OneDrive\\\\Documentos\\\\NeuroAds\\\\LP\\\\dataconnect\": could not find dataconnect.yaml in `c:\\Users\\claud\\OneDrive\\Documentos\\NeuroAds\\LP\\dataconnect`\n"}}
[debug] [2026-05-06T09:47:56.206Z] E0506 06:47:56.109335   15908 watch.go:40] Failed to load config from "c:\\Users\\claud\\OneDrive\\Documentos\\NeuroAds\\LP\\dataconnect": could not find dataconnect.yaml in `c:\Users\claud\OneDrive\Documentos\NeuroAds\LP\dataconnect`
 {"metadata":{"emulator":{"name":"dataconnect"},"message":"E0506 06:47:56.109335   15908 watch.go:40] Failed to load config from \"c:\\\\Users\\\\claud\\\\OneDrive\\\\Documentos\\\\NeuroAds\\\\LP\\\\dataconnect\": could not find dataconnect.yaml in `c:\\Users\\claud\\OneDrive\\Documentos\\NeuroAds\\LP\\dataconnect`\n"}}
[debug] [2026-05-06T09:48:06.206Z] E0506 06:48:06.108529   15908 watch.go:116] watchAllDir unable to walk dir `c:\Users\claud\OneDrive\Documentos\NeuroAds\LP\dataconnect`: GetFileAttributesEx c:\Users\claud\OneDrive\Documentos\NeuroAds\LP\dataconnect: The system cannot find the file specified.
E0506 06:48:06.109197   15908 watch.go:40] Failed to load config from "c:\\Users\\claud\\OneDrive\\Documentos\\NeuroAds\\LP\\dataconnect": could not find dataconnect.yaml in `c:\Users\claud\OneDrive\Documentos\NeuroAds\LP\dataconnect`
 {"metadata":{"emulator":{"name":"dataconnect"},"message":"E0506 06:48:06.108529   15908 watch.go:116] watchAllDir unable to walk dir `c:\\Users\\claud\\OneDrive\\Documentos\\NeuroAds\\LP\\dataconnect`: GetFileAttributesEx c:\\Users\\claud\\OneDrive\\Documentos\\NeuroAds\\LP\\dataconnect: The system cannot find the file specified.\nE0506 06:48:06.109197   15908 watch.go:40] Failed to load config from \"c:\\\\Users\\\\claud\\\\OneDrive\\\\Documentos\\\\NeuroAds\\\\LP\\\\dataconnect\": could not find dataconnect.yaml in `c:\\Users\\claud\\OneDrive\\Documentos\\NeuroAds\\LP\\dataconnect`\n"}}
[debug] [2026-05-06T09:48:16.132Z] E0506 06:48:16.108669   15908 watch.go:40] Failed to load config from "c:\\Users\\claud\\OneDrive\\Documentos\\NeuroAds\\LP\\dataconnect": could not find dataconnect.yaml in `c:\Users\claud\OneDrive\Documentos\NeuroAds\LP\dataconnect`
 {"metadata":{"emulator":{"name":"dataconnect"},"message":"E0506 06:48:16.108669   15908 watch.go:40] Failed to load config from \"c:\\\\Users\\\\claud\\\\OneDrive\\\\Documentos\\\\NeuroAds\\\\LP\\\\dataconnect\": could not find dataconnect.yaml in `c:\\Users\\claud\\OneDrive\\Documentos\\NeuroAds\\LP\\dataconnect`\n"}}
[debug] [2026-05-06T09:48:26.134Z] E0506 06:48:26.109227   15908 watch.go:40] Failed to load config from "c:\\Users\\claud\\OneDrive\\Documentos\\NeuroAds\\LP\\dataconnect": could not find dataconnect.yaml in `c:\Users\claud\OneDrive\Documentos\NeuroAds\LP\dataconnect`
 {"metadata":{"emulator":{"name":"dataconnect"},"message":"E0506 06:48:26.109227   15908 watch.go:40] Failed to load config from \"c:\\\\Users\\\\claud\\\\OneDrive\\\\Documentos\\\\NeuroAds\\\\LP\\\\dataconnect\": could not find dataconnect.yaml in `c:\\Users\\claud\\OneDrive\\Documentos\\NeuroAds\\LP\\dataconnect`\n"}}
[debug] [2026-05-06T09:48:50.713Z] E0506 06:48:36.112342   15908 watch.go:40] Failed to load config from "c:\\Users\\claud\\OneDrive\\Documentos\\NeuroAds\\LP\\dataconnect": could not find dataconnect.yaml in `c:\Users\claud\OneDrive\Documentos\NeuroAds\LP\dataconnect`
E0506 06:48:46.108839   15908 watch.go:40] Failed to load config from "c:\\Users\\claud\\OneDrive\\Documentos\\NeuroAds\\LP\\dataconnect": could not find dataconnect.yaml in `c:\Users\claud\OneDrive\Documentos\NeuroAds\LP\dataconnect`
 {"metadata":{"emulator":{"name":"dataconnect"},"message":"E0506 06:48:36.112342   15908 watch.go:40] Failed to load config from \"c:\\\\Users\\\\claud\\\\OneDrive\\\\Documentos\\\\NeuroAds\\\\LP\\\\dataconnect\": could not find dataconnect.yaml in `c:\\Users\\claud\\OneDrive\\Documentos\\NeuroAds\\LP\\dataconnect`\nE0506 06:48:46.108839   15908 watch.go:40] Failed to load config from \"c:\\\\Users\\\\claud\\\\OneDrive\\\\Documentos\\\\NeuroAds\\\\LP\\\\dataconnect\": could not find dataconnect.yaml in `c:\\Users\\claud\\OneDrive\\Documentos\\NeuroAds\\LP\\dataconnect`\n"}}
[debug] [2026-05-06T09:48:56.246Z] E0506 06:48:56.109406   15908 watch.go:40] Failed to load config from "c:\\Users\\claud\\OneDrive\\Documentos\\NeuroAds\\LP\\dataconnect": could not find dataconnect.yaml in `c:\Users\claud\OneDrive\Documentos\NeuroAds\LP\dataconnect`
 {"metadata":{"emulator":{"name":"dataconnect"},"message":"E0506 06:48:56.109406   15908 watch.go:40] Failed to load config from \"c:\\\\Users\\\\claud\\\\OneDrive\\\\Documentos\\\\NeuroAds\\\\LP\\\\dataconnect\": could not find dataconnect.yaml in `c:\\Users\\claud\\OneDrive\\Documentos\\NeuroAds\\LP\\dataconnect`\n"}}
[debug] [2026-05-06T09:49:06.117Z] E0506 06:49:06.108183   15908 watch.go:116] watchAllDir unable to walk dir `c:\Users\claud\OneDrive\Documentos\NeuroAds\LP\dataconnect`: GetFileAttributesEx c:\Users\claud\OneDrive\Documentos\NeuroAds\LP\dataconnect: The system cannot find the file specified.
E0506 06:49:06.108183   15908 watch.go:40] Failed to load config from "c:\\Users\\claud\\OneDrive\\Documentos\\NeuroAds\\LP\\dataconnect": could not find dataconnect.yaml in `c:\Users\claud\OneDrive\Documentos\NeuroAds\LP\dataconnect`
 {"metadata":{"emulator":{"name":"dataconnect"},"message":"E0506 06:49:06.108183   15908 watch.go:116] watchAllDir unable to walk dir `c:\\Users\\claud\\OneDrive\\Documentos\\NeuroAds\\LP\\dataconnect`: GetFileAttributesEx c:\\Users\\claud\\OneDrive\\Documentos\\NeuroAds\\LP\\dataconnect: The system cannot find the file specified.\nE0506 06:49:06.108183   15908 watch.go:40] Failed to load config from \"c:\\\\Users\\\\claud\\\\OneDrive\\\\Documentos\\\\NeuroAds\\\\LP\\\\dataconnect\": could not find dataconnect.yaml in `c:\\Users\\claud\\OneDrive\\Documentos\\NeuroAds\\LP\\dataconnect`\n"}}
[debug] [2026-05-06T09:49:16.139Z] E0506 06:49:16.108754   15908 watch.go:40] Failed to load config from "c:\\Users\\claud\\OneDrive\\Documentos\\NeuroAds\\LP\\dataconnect": could not find dataconnect.yaml in `c:\Users\claud\OneDrive\Documentos\NeuroAds\LP\dataconnect`
 {"metadata":{"emulator":{"name":"dataconnect"},"message":"E0506 06:49:16.108754   15908 watch.go:40] Failed to load config from \"c:\\\\Users\\\\claud\\\\OneDrive\\\\Documentos\\\\NeuroAds\\\\LP\\\\dataconnect\": could not find dataconnect.yaml in `c:\\Users\\claud\\OneDrive\\Documentos\\NeuroAds\\LP\\dataconnect`\n"}}
[debug] [2026-05-06T09:49:26.154Z] E0506 06:49:26.108814   15908 watch.go:40] Failed to load config from "c:\\Users\\claud\\OneDrive\\Documentos\\NeuroAds\\LP\\dataconnect": could not find dataconnect.yaml in `c:\Users\claud\OneDrive\Documentos\NeuroAds\LP\dataconnect`
 {"metadata":{"emulator":{"name":"dataconnect"},"message":"E0506 06:49:26.108814   15908 watch.go:40] Failed to load config from \"c:\\\\Users\\\\claud\\\\OneDrive\\\\Documentos\\\\NeuroAds\\\\LP\\\\dataconnect\": could not find dataconnect.yaml in `c:\\Users\\claud\\OneDrive\\Documentos\\NeuroAds\\LP\\dataconnect`\n"}}
[debug] [2026-05-06T09:49:36.107Z] E0506 06:49:36.108235   15908 watch.go:40] Failed to load config from "c:\\Users\\claud\\OneDrive\\Documentos\\NeuroAds\\LP\\dataconnect": could not find dataconnect.yaml in `c:\Users\claud\OneDrive\Documentos\NeuroAds\LP\dataconnect`
 {"metadata":{"emulator":{"name":"dataconnect"},"message":"E0506 06:49:36.108235   15908 watch.go:40] Failed to load config from \"c:\\\\Users\\\\claud\\\\OneDrive\\\\Documentos\\\\NeuroAds\\\\LP\\\\dataconnect\": could not find dataconnect.yaml in `c:\\Users\\claud\\OneDrive\\Documentos\\NeuroAds\\LP\\dataconnect`\n"}}
[debug] [2026-05-06T09:49:46.144Z] E0506 06:49:46.108264   15908 watch.go:40] Failed to load config from "c:\\Users\\claud\\OneDrive\\Documentos\\NeuroAds\\LP\\dataconnect": could not find dataconnect.yaml in `c:\Users\claud\OneDrive\Documentos\NeuroAds\LP\dataconnect`
 {"metadata":{"emulator":{"name":"dataconnect"},"message":"E0506 06:49:46.108264   15908 watch.go:40] Failed to load config from \"c:\\\\Users\\\\claud\\\\OneDrive\\\\Documentos\\\\NeuroAds\\\\LP\\\\dataconnect\": could not find dataconnect.yaml in `c:\\Users\\claud\\OneDrive\\Documentos\\NeuroAds\\LP\\dataconnect`\n"}}
[debug] [2026-05-06T09:49:56.118Z] E0506 06:49:56.108520   15908 watch.go:40] Failed to load config from "c:\\Users\\claud\\OneDrive\\Documentos\\NeuroAds\\LP\\dataconnect": could not find dataconnect.yaml in `c:\Users\claud\OneDrive\Documentos\NeuroAds\LP\dataconnect`
 {"metadata":{"emulator":{"name":"dataconnect"},"message":"E0506 06:49:56.108520   15908 watch.go:40] Failed to load config from \"c:\\\\Users\\\\claud\\\\OneDrive\\\\Documentos\\\\NeuroAds\\\\LP\\\\dataconnect\": could not find dataconnect.yaml in `c:\\Users\\claud\\OneDrive\\Documentos\\NeuroAds\\LP\\dataconnect`\n"}}
[debug] [2026-05-06T09:50:06.121Z] E0506 06:50:06.108323   15908 watch.go:116] watchAllDir unable to walk dir `c:\Users\claud\OneDrive\Documentos\NeuroAds\LP\dataconnect`: GetFileAttributesEx c:\Users\claud\OneDrive\Documentos\NeuroAds\LP\dataconnect: The system cannot find the file specified.
E0506 06:50:06.108986   15908 watch.go:40] Failed to load config from "c:\\Users\\claud\\OneDrive\\Documentos\\NeuroAds\\LP\\dataconnect": could not find dataconnect.yaml in `c:\Users\claud\OneDrive\Documentos\NeuroAds\LP\dataconnect`
 {"metadata":{"emulator":{"name":"dataconnect"},"message":"E0506 06:50:06.108323   15908 watch.go:116] watchAllDir unable to walk dir `c:\\Users\\claud\\OneDrive\\Documentos\\NeuroAds\\LP\\dataconnect`: GetFileAttributesEx c:\\Users\\claud\\OneDrive\\Documentos\\NeuroAds\\LP\\dataconnect: The system cannot find the file specified.\nE0506 06:50:06.108986   15908 watch.go:40] Failed to load config from \"c:\\\\Users\\\\claud\\\\OneDrive\\\\Documentos\\\\NeuroAds\\\\LP\\\\dataconnect\": could not find dataconnect.yaml in `c:\\Users\\claud\\OneDrive\\Documentos\\NeuroAds\\LP\\dataconnect`\n"}}
[debug] [2026-05-06T09:50:16.159Z] E0506 06:50:16.109696   15908 watch.go:40] Failed to load config from "c:\\Users\\claud\\OneDrive\\Documentos\\NeuroAds\\LP\\dataconnect": could not find dataconnect.yaml in `c:\Users\claud\OneDrive\Documentos\NeuroAds\LP\dataconnect`
 {"metadata":{"emulator":{"name":"dataconnect"},"message":"E0506 06:50:16.109696   15908 watch.go:40] Failed to load config from \"c:\\\\Users\\\\claud\\\\OneDrive\\\\Documentos\\\\NeuroAds\\\\LP\\\\dataconnect\": could not find dataconnect.yaml in `c:\\Users\\claud\\OneDrive\\Documentos\\NeuroAds\\LP\\dataconnect`\n"}}
[debug] [2026-05-06T09:50:26.142Z] E0506 06:50:26.108696   15908 watch.go:40] Failed to load config from "c:\\Users\\claud\\OneDrive\\Documentos\\NeuroAds\\LP\\dataconnect": could not find dataconnect.yaml in `c:\Users\claud\OneDrive\Documentos\NeuroAds\LP\dataconnect`
 {"metadata":{"emulator":{"name":"dataconnect"},"message":"E0506 06:50:26.108696   15908 watch.go:40] Failed to load config from \"c:\\\\Users\\\\claud\\\\OneDrive\\\\Documentos\\\\NeuroAds\\\\LP\\\\dataconnect\": could not find dataconnect.yaml in `c:\\Users\\claud\\OneDrive\\Documentos\\NeuroAds\\LP\\dataconnect`\n"}}
[debug] [2026-05-06T09:50:36.150Z] E0506 06:50:36.108552   15908 watch.go:40] Failed to load config from "c:\\Users\\claud\\OneDrive\\Documentos\\NeuroAds\\LP\\dataconnect": could not find dataconnect.yaml in `c:\Users\claud\OneDrive\Documentos\NeuroAds\LP\dataconnect`
 {"metadata":{"emulator":{"name":"dataconnect"},"message":"E0506 06:50:36.108552   15908 watch.go:40] Failed to load config from \"c:\\\\Users\\\\claud\\\\OneDrive\\\\Documentos\\\\NeuroAds\\\\LP\\\\dataconnect\": could not find dataconnect.yaml in `c:\\Users\\claud\\OneDrive\\Documentos\\NeuroAds\\LP\\dataconnect`\n"}}
[debug] [2026-05-06T09:50:46.160Z] E0506 06:50:46.109320   15908 watch.go:40] Failed to load config from "c:\\Users\\claud\\OneDrive\\Documentos\\NeuroAds\\LP\\dataconnect": could not find dataconnect.yaml in `c:\Users\claud\OneDrive\Documentos\NeuroAds\LP\dataconnect`
 {"metadata":{"emulator":{"name":"dataconnect"},"message":"E0506 06:50:46.109320   15908 watch.go:40] Failed to load config from \"c:\\\\Users\\\\claud\\\\OneDrive\\\\Documentos\\\\NeuroAds\\\\LP\\\\dataconnect\": could not find dataconnect.yaml in `c:\\Users\\claud\\OneDrive\\Documentos\\NeuroAds\\LP\\dataconnect`\n"}}
[debug] [2026-05-06T09:50:56.132Z] E0506 06:50:56.108375   15908 watch.go:40] Failed to load config from "c:\\Users\\claud\\OneDrive\\Documentos\\NeuroAds\\LP\\dataconnect": could not find dataconnect.yaml in `c:\Users\claud\OneDrive\Documentos\NeuroAds\LP\dataconnect`
 {"metadata":{"emulator":{"name":"dataconnect"},"message":"E0506 06:50:56.108375   15908 watch.go:40] Failed to load config from \"c:\\\\Users\\\\claud\\\\OneDrive\\\\Documentos\\\\NeuroAds\\\\LP\\\\dataconnect\": could not find dataconnect.yaml in `c:\\Users\\claud\\OneDrive\\Documentos\\NeuroAds\\LP\\dataconnect`\n"}}
[debug] [2026-05-06T09:51:06.168Z] E0506 06:51:06.108160   15908 watch.go:116] watchAllDir unable to walk dir `c:\Users\claud\OneDrive\Documentos\NeuroAds\LP\dataconnect`: GetFileAttributesEx c:\Users\claud\OneDrive\Documentos\NeuroAds\LP\dataconnect: The system cannot find the file specified.
E0506 06:51:06.108543   15908 watch.go:40] Failed to load config from "c:\\Users\\claud\\OneDrive\\Documentos\\NeuroAds\\LP\\dataconnect": could not find dataconnect.yaml in `c:\Users\claud\OneDrive\Documentos\NeuroAds\LP\dataconnect`
 {"metadata":{"emulator":{"name":"dataconnect"},"message":"E0506 06:51:06.108160   15908 watch.go:116] watchAllDir unable to walk dir `c:\\Users\\claud\\OneDrive\\Documentos\\NeuroAds\\LP\\dataconnect`: GetFileAttributesEx c:\\Users\\claud\\OneDrive\\Documentos\\NeuroAds\\LP\\dataconnect: The system cannot find the file specified.\nE0506 06:51:06.108543   15908 watch.go:40] Failed to load config from \"c:\\\\Users\\\\claud\\\\OneDrive\\\\Documentos\\\\NeuroAds\\\\LP\\\\dataconnect\": could not find dataconnect.yaml in `c:\\Users\\claud\\OneDrive\\Documentos\\NeuroAds\\LP\\dataconnect`\n"}}
[debug] [2026-05-06T09:51:16.122Z] E0506 06:51:16.108245   15908 watch.go:40] Failed to load config from "c:\\Users\\claud\\OneDrive\\Documentos\\NeuroAds\\LP\\dataconnect": could not find dataconnect.yaml in `c:\Users\claud\OneDrive\Documentos\NeuroAds\LP\dataconnect`
 {"metadata":{"emulator":{"name":"dataconnect"},"message":"E0506 06:51:16.108245   15908 watch.go:40] Failed to load config from \"c:\\\\Users\\\\claud\\\\OneDrive\\\\Documentos\\\\NeuroAds\\\\LP\\\\dataconnect\": could not find dataconnect.yaml in `c:\\Users\\claud\\OneDrive\\Documentos\\NeuroAds\\LP\\dataconnect`\n"}}
[debug] [2026-05-06T09:51:26.142Z] E0506 06:51:26.108212   15908 watch.go:40] Failed to load config from "c:\\Users\\claud\\OneDrive\\Documentos\\NeuroAds\\LP\\dataconnect": could not find dataconnect.yaml in `c:\Users\claud\OneDrive\Documentos\NeuroAds\LP\dataconnect`
 {"metadata":{"emulator":{"name":"dataconnect"},"message":"E0506 06:51:26.108212   15908 watch.go:40] Failed to load config from \"c:\\\\Users\\\\claud\\\\OneDrive\\\\Documentos\\\\NeuroAds\\\\LP\\\\dataconnect\": could not find dataconnect.yaml in `c:\\Users\\claud\\OneDrive\\Documentos\\NeuroAds\\LP\\dataconnect`\n"}}
[debug] [2026-05-06T09:51:36.147Z] E0506 06:51:36.109815   15908 watch.go:40] Failed to load config from "c:\\Users\\claud\\OneDrive\\Documentos\\NeuroAds\\LP\\dataconnect": could not find dataconnect.yaml in `c:\Users\claud\OneDrive\Documentos\NeuroAds\LP\dataconnect`
 {"metadata":{"emulator":{"name":"dataconnect"},"message":"E0506 06:51:36.109815   15908 watch.go:40] Failed to load config from \"c:\\\\Users\\\\claud\\\\OneDrive\\\\Documentos\\\\NeuroAds\\\\LP\\\\dataconnect\": could not find dataconnect.yaml in `c:\\Users\\claud\\OneDrive\\Documentos\\NeuroAds\\LP\\dataconnect`\n"}}
[debug] [2026-05-06T09:51:46.145Z] E0506 06:51:46.108527   15908 watch.go:40] Failed to load config from "c:\\Users\\claud\\OneDrive\\Documentos\\NeuroAds\\LP\\dataconnect": could not find dataconnect.yaml in `c:\Users\claud\OneDrive\Documentos\NeuroAds\LP\dataconnect`
 {"metadata":{"emulator":{"name":"dataconnect"},"message":"E0506 06:51:46.108527   15908 watch.go:40] Failed to load config from \"c:\\\\Users\\\\claud\\\\OneDrive\\\\Documentos\\\\NeuroAds\\\\LP\\\\dataconnect\": could not find dataconnect.yaml in `c:\\Users\\claud\\OneDrive\\Documentos\\NeuroAds\\LP\\dataconnect`\n"}}
[debug] [2026-05-06T09:51:56.140Z] E0506 06:51:56.108150   15908 watch.go:40] Failed to load config from "c:\\Users\\claud\\OneDrive\\Documentos\\NeuroAds\\LP\\dataconnect": could not find dataconnect.yaml in `c:\Users\claud\OneDrive\Documentos\NeuroAds\LP\dataconnect`
 {"metadata":{"emulator":{"name":"dataconnect"},"message":"E0506 06:51:56.108150   15908 watch.go:40] Failed to load config from \"c:\\\\Users\\\\claud\\\\OneDrive\\\\Documentos\\\\NeuroAds\\\\LP\\\\dataconnect\": could not find dataconnect.yaml in `c:\\Users\\claud\\OneDrive\\Documentos\\NeuroAds\\LP\\dataconnect`\n"}}
[debug] [2026-05-06T09:52:06.160Z] E0506 06:52:06.107997   15908 watch.go:116] watchAllDir unable to walk dir `c:\Users\claud\OneDrive\Documentos\NeuroAds\LP\dataconnect`: GetFileAttributesEx c:\Users\claud\OneDrive\Documentos\NeuroAds\LP\dataconnect: The system cannot find the file specified.
E0506 06:52:06.107997   15908 watch.go:40] Failed to load config from "c:\\Users\\claud\\OneDrive\\Documentos\\NeuroAds\\LP\\dataconnect": could not find dataconnect.yaml in `c:\Users\claud\OneDrive\Documentos\NeuroAds\LP\dataconnect`
 {"metadata":{"emulator":{"name":"dataconnect"},"message":"E0506 06:52:06.107997   15908 watch.go:116] watchAllDir unable to walk dir `c:\\Users\\claud\\OneDrive\\Documentos\\NeuroAds\\LP\\dataconnect`: GetFileAttributesEx c:\\Users\\claud\\OneDrive\\Documentos\\NeuroAds\\LP\\dataconnect: The system cannot find the file specified.\nE0506 06:52:06.107997   15908 watch.go:40] Failed to load config from \"c:\\\\Users\\\\claud\\\\OneDrive\\\\Documentos\\\\NeuroAds\\\\LP\\\\dataconnect\": could not find dataconnect.yaml in `c:\\Users\\claud\\OneDrive\\Documentos\\NeuroAds\\LP\\dataconnect`\n"}}
[debug] [2026-05-06T09:52:16.129Z] E0506 06:52:16.108851   15908 watch.go:40] Failed to load config from "c:\\Users\\claud\\OneDrive\\Documentos\\NeuroAds\\LP\\dataconnect": could not find dataconnect.yaml in `c:\Users\claud\OneDrive\Documentos\NeuroAds\LP\dataconnect`
 {"metadata":{"emulator":{"name":"dataconnect"},"message":"E0506 06:52:16.108851   15908 watch.go:40] Failed to load config from \"c:\\\\Users\\\\claud\\\\OneDrive\\\\Documentos\\\\NeuroAds\\\\LP\\\\dataconnect\": could not find dataconnect.yaml in `c:\\Users\\claud\\OneDrive\\Documentos\\NeuroAds\\LP\\dataconnect`\n"}}
[debug] [2026-05-06T09:52:26.108Z] E0506 06:52:26.108433   15908 watch.go:40] Failed to load config from "c:\\Users\\claud\\OneDrive\\Documentos\\NeuroAds\\LP\\dataconnect": could not find dataconnect.yaml in `c:\Users\claud\OneDrive\Documentos\NeuroAds\LP\dataconnect`
 {"metadata":{"emulator":{"name":"dataconnect"},"message":"E0506 06:52:26.108433   15908 watch.go:40] Failed to load config from \"c:\\\\Users\\\\claud\\\\OneDrive\\\\Documentos\\\\NeuroAds\\\\LP\\\\dataconnect\": could not find dataconnect.yaml in `c:\\Users\\claud\\OneDrive\\Documentos\\NeuroAds\\LP\\dataconnect`\n"}}
[debug] [2026-05-06T09:52:36.149Z] E0506 06:52:36.108899   15908 watch.go:40] Failed to load config from "c:\\Users\\claud\\OneDrive\\Documentos\\NeuroAds\\LP\\dataconnect": could not find dataconnect.yaml in `c:\Users\claud\OneDrive\Documentos\NeuroAds\LP\dataconnect`
 {"metadata":{"emulator":{"name":"dataconnect"},"message":"E0506 06:52:36.108899   15908 watch.go:40] Failed to load config from \"c:\\\\Users\\\\claud\\\\OneDrive\\\\Documentos\\\\NeuroAds\\\\LP\\\\dataconnect\": could not find dataconnect.yaml in `c:\\Users\\claud\\OneDrive\\Documentos\\NeuroAds\\LP\\dataconnect`\n"}}
[debug] [2026-05-06T09:52:46.156Z] E0506 06:52:46.108701   15908 watch.go:40] Failed to load config from "c:\\Users\\claud\\OneDrive\\Documentos\\NeuroAds\\LP\\dataconnect": could not find dataconnect.yaml in `c:\Users\claud\OneDrive\Documentos\NeuroAds\LP\dataconnect`
 {"metadata":{"emulator":{"name":"dataconnect"},"message":"E0506 06:52:46.108701   15908 watch.go:40] Failed to load config from \"c:\\\\Users\\\\claud\\\\OneDrive\\\\Documentos\\\\NeuroAds\\\\LP\\\\dataconnect\": could not find dataconnect.yaml in `c:\\Users\\claud\\OneDrive\\Documentos\\NeuroAds\\LP\\dataconnect`\n"}}
[debug] [2026-05-06T09:52:56.248Z] E0506 06:52:56.108917   15908 watch.go:40] Failed to load config from "c:\\Users\\claud\\OneDrive\\Documentos\\NeuroAds\\LP\\dataconnect": could not find dataconnect.yaml in `c:\Users\claud\OneDrive\Documentos\NeuroAds\LP\dataconnect`
 {"metadata":{"emulator":{"name":"dataconnect"},"message":"E0506 06:52:56.108917   15908 watch.go:40] Failed to load config from \"c:\\\\Users\\\\claud\\\\OneDrive\\\\Documentos\\\\NeuroAds\\\\LP\\\\dataconnect\": could not find dataconnect.yaml in `c:\\Users\\claud\\OneDrive\\Documentos\\NeuroAds\\LP\\dataconnect`\n"}}
[debug] [2026-05-06T09:53:15.392Z] E0506 06:53:06.108376   15908 watch.go:116] watchAllDir unable to walk dir `c:\Users\claud\OneDrive\Documentos\NeuroAds\LP\dataconnect`: GetFileAttributesEx c:\Users\claud\OneDrive\Documentos\NeuroAds\LP\dataconnect: The system cannot find the file specified.
E0506 06:53:06.109007   15908 watch.go:40] Failed to load config from "c:\\Users\\claud\\OneDrive\\Documentos\\NeuroAds\\LP\\dataconnect": could not find dataconnect.yaml in `c:\Users\claud\OneDrive\Documentos\NeuroAds\LP\dataconnect`
 {"metadata":{"emulator":{"name":"dataconnect"},"message":"E0506 06:53:06.108376   15908 watch.go:116] watchAllDir unable to walk dir `c:\\Users\\claud\\OneDrive\\Documentos\\NeuroAds\\LP\\dataconnect`: GetFileAttributesEx c:\\Users\\claud\\OneDrive\\Documentos\\NeuroAds\\LP\\dataconnect: The system cannot find the file specified.\nE0506 06:53:06.109007   15908 watch.go:40] Failed to load config from \"c:\\\\Users\\\\claud\\\\OneDrive\\\\Documentos\\\\NeuroAds\\\\LP\\\\dataconnect\": could not find dataconnect.yaml in `c:\\Users\\claud\\OneDrive\\Documentos\\NeuroAds\\LP\\dataconnect`\n"}}
[debug] [2026-05-06T09:53:16.262Z] E0506 06:53:16.109623   15908 watch.go:40] Failed to load config from "c:\\Users\\claud\\OneDrive\\Documentos\\NeuroAds\\LP\\dataconnect": could not find dataconnect.yaml in `c:\Users\claud\OneDrive\Documentos\NeuroAds\LP\dataconnect`
 {"metadata":{"emulator":{"name":"dataconnect"},"message":"E0506 06:53:16.109623   15908 watch.go:40] Failed to load config from \"c:\\\\Users\\\\claud\\\\OneDrive\\\\Documentos\\\\NeuroAds\\\\LP\\\\dataconnect\": could not find dataconnect.yaml in `c:\\Users\\claud\\OneDrive\\Documentos\\NeuroAds\\LP\\dataconnect`\n"}}
[debug] [2026-05-06T09:53:26.165Z] E0506 06:53:26.108429   15908 watch.go:40] Failed to load config from "c:\\Users\\claud\\OneDrive\\Documentos\\NeuroAds\\LP\\dataconnect": could not find dataconnect.yaml in `c:\Users\claud\OneDrive\Documentos\NeuroAds\LP\dataconnect`
 {"metadata":{"emulator":{"name":"dataconnect"},"message":"E0506 06:53:26.108429   15908 watch.go:40] Failed to load config from \"c:\\\\Users\\\\claud\\\\OneDrive\\\\Documentos\\\\NeuroAds\\\\LP\\\\dataconnect\": could not find dataconnect.yaml in `c:\\Users\\claud\\OneDrive\\Documentos\\NeuroAds\\LP\\dataconnect`\n"}}
[debug] [2026-05-06T09:53:36.229Z] E0506 06:53:36.109210   15908 watch.go:40] Failed to load config from "c:\\Users\\claud\\OneDrive\\Documentos\\NeuroAds\\LP\\dataconnect": could not find dataconnect.yaml in `c:\Users\claud\OneDrive\Documentos\NeuroAds\LP\dataconnect`
 {"metadata":{"emulator":{"name":"dataconnect"},"message":"E0506 06:53:36.109210   15908 watch.go:40] Failed to load config from \"c:\\\\Users\\\\claud\\\\OneDrive\\\\Documentos\\\\NeuroAds\\\\LP\\\\dataconnect\": could not find dataconnect.yaml in `c:\\Users\\claud\\OneDrive\\Documentos\\NeuroAds\\LP\\dataconnect`\n"}}
[debug] [2026-05-06T09:53:46.173Z] E0506 06:53:46.109580   15908 watch.go:40] Failed to load config from "c:\\Users\\claud\\OneDrive\\Documentos\\NeuroAds\\LP\\dataconnect": could not find dataconnect.yaml in `c:\Users\claud\OneDrive\Documentos\NeuroAds\LP\dataconnect`
 {"metadata":{"emulator":{"name":"dataconnect"},"message":"E0506 06:53:46.109580   15908 watch.go:40] Failed to load config from \"c:\\\\Users\\\\claud\\\\OneDrive\\\\Documentos\\\\NeuroAds\\\\LP\\\\dataconnect\": could not find dataconnect.yaml in `c:\\Users\\claud\\OneDrive\\Documentos\\NeuroAds\\LP\\dataconnect`\n"}}
[debug] [2026-05-06T09:53:56.217Z] E0506 06:53:56.122620   15908 watch.go:40] Failed to load config from "c:\\Users\\claud\\OneDrive\\Documentos\\NeuroAds\\LP\\dataconnect": could not find dataconnect.yaml in `c:\Users\claud\OneDrive\Documentos\NeuroAds\LP\dataconnect`
 {"metadata":{"emulator":{"name":"dataconnect"},"message":"E0506 06:53:56.122620   15908 watch.go:40] Failed to load config from \"c:\\\\Users\\\\claud\\\\OneDrive\\\\Documentos\\\\NeuroAds\\\\LP\\\\dataconnect\": could not find dataconnect.yaml in `c:\\Users\\claud\\OneDrive\\Documentos\\NeuroAds\\LP\\dataconnect`\n"}}
[debug] [2026-05-06T09:54:06.195Z] E0506 06:54:06.108043   15908 watch.go:116] watchAllDir unable to walk dir `c:\Users\claud\OneDrive\Documentos\NeuroAds\LP\dataconnect`: GetFileAttributesEx c:\Users\claud\OneDrive\Documentos\NeuroAds\LP\dataconnect: The system cannot find the file specified.
E0506 06:54:06.108659   15908 watch.go:40] Failed to load config from "c:\\Users\\claud\\OneDrive\\Documentos\\NeuroAds\\LP\\dataconnect": could not find dataconnect.yaml in `c:\Users\claud\OneDrive\Documentos\NeuroAds\LP\dataconnect`
 {"metadata":{"emulator":{"name":"dataconnect"},"message":"E0506 06:54:06.108043   15908 watch.go:116] watchAllDir unable to walk dir `c:\\Users\\claud\\OneDrive\\Documentos\\NeuroAds\\LP\\dataconnect`: GetFileAttributesEx c:\\Users\\claud\\OneDrive\\Documentos\\NeuroAds\\LP\\dataconnect: The system cannot find the file specified.\nE0506 06:54:06.108659   15908 watch.go:40] Failed to load config from \"c:\\\\Users\\\\claud\\\\OneDrive\\\\Documentos\\\\NeuroAds\\\\LP\\\\dataconnect\": could not find dataconnect.yaml in `c:\\Users\\claud\\OneDrive\\Documentos\\NeuroAds\\LP\\dataconnect`\n"}}
[debug] [2026-05-06T09:54:16.125Z] E0506 06:54:16.108020   15908 watch.go:40] Failed to load config from "c:\\Users\\claud\\OneDrive\\Documentos\\NeuroAds\\LP\\dataconnect": could not find dataconnect.yaml in `c:\Users\claud\OneDrive\Documentos\NeuroAds\LP\dataconnect`
 {"metadata":{"emulator":{"name":"dataconnect"},"message":"E0506 06:54:16.108020   15908 watch.go:40] Failed to load config from \"c:\\\\Users\\\\claud\\\\OneDrive\\\\Documentos\\\\NeuroAds\\\\LP\\\\dataconnect\": could not find dataconnect.yaml in `c:\\Users\\claud\\OneDrive\\Documentos\\NeuroAds\\LP\\dataconnect`\n"}}
[debug] [2026-05-06T09:54:26.122Z] E0506 06:54:26.108180   15908 watch.go:40] Failed to load config from "c:\\Users\\claud\\OneDrive\\Documentos\\NeuroAds\\LP\\dataconnect": could not find dataconnect.yaml in `c:\Users\claud\OneDrive\Documentos\NeuroAds\LP\dataconnect`
 {"metadata":{"emulator":{"name":"dataconnect"},"message":"E0506 06:54:26.108180   15908 watch.go:40] Failed to load config from \"c:\\\\Users\\\\claud\\\\OneDrive\\\\Documentos\\\\NeuroAds\\\\LP\\\\dataconnect\": could not find dataconnect.yaml in `c:\\Users\\claud\\OneDrive\\Documentos\\NeuroAds\\LP\\dataconnect`\n"}}
[debug] [2026-05-06T09:54:36.279Z] E0506 06:54:36.109824   15908 watch.go:40] Failed to load config from "c:\\Users\\claud\\OneDrive\\Documentos\\NeuroAds\\LP\\dataconnect": could not find dataconnect.yaml in `c:\Users\claud\OneDrive\Documentos\NeuroAds\LP\dataconnect`
 {"metadata":{"emulator":{"name":"dataconnect"},"message":"E0506 06:54:36.109824   15908 watch.go:40] Failed to load config from \"c:\\\\Users\\\\claud\\\\OneDrive\\\\Documentos\\\\NeuroAds\\\\LP\\\\dataconnect\": could not find dataconnect.yaml in `c:\\Users\\claud\\OneDrive\\Documentos\\NeuroAds\\LP\\dataconnect`\n"}}
[debug] [2026-05-06T09:54:46.151Z] E0506 06:54:46.109505   15908 watch.go:40] Failed to load config from "c:\\Users\\claud\\OneDrive\\Documentos\\NeuroAds\\LP\\dataconnect": could not find dataconnect.yaml in `c:\Users\claud\OneDrive\Documentos\NeuroAds\LP\dataconnect`
 {"metadata":{"emulator":{"name":"dataconnect"},"message":"E0506 06:54:46.109505   15908 watch.go:40] Failed to load config from \"c:\\\\Users\\\\claud\\\\OneDrive\\\\Documentos\\\\NeuroAds\\\\LP\\\\dataconnect\": could not find dataconnect.yaml in `c:\\Users\\claud\\OneDrive\\Documentos\\NeuroAds\\LP\\dataconnect`\n"}}
[debug] [2026-05-06T09:55:00.616Z] E0506 06:54:56.108091   15908 watch.go:40] Failed to load config from "c:\\Users\\claud\\OneDrive\\Documentos\\NeuroAds\\LP\\dataconnect": could not find dataconnect.yaml in `c:\Users\claud\OneDrive\Documentos\NeuroAds\LP\dataconnect`
 {"metadata":{"emulator":{"name":"dataconnect"},"message":"E0506 06:54:56.108091   15908 watch.go:40] Failed to load config from \"c:\\\\Users\\\\claud\\\\OneDrive\\\\Documentos\\\\NeuroAds\\\\LP\\\\dataconnect\": could not find dataconnect.yaml in `c:\\Users\\claud\\OneDrive\\Documentos\\NeuroAds\\LP\\dataconnect`\n"}}
[debug] [2026-05-06T09:55:06.153Z] E0506 06:55:06.108138   15908 watch.go:116] watchAllDir unable to walk dir `c:\Users\claud\OneDrive\Documentos\NeuroAds\LP\dataconnect`: GetFileAttributesEx c:\Users\claud\OneDrive\Documentos\NeuroAds\LP\dataconnect: The system cannot find the file specified.
E0506 06:55:06.108138   15908 watch.go:40] Failed to load config from "c:\\Users\\claud\\OneDrive\\Documentos\\NeuroAds\\LP\\dataconnect": could not find dataconnect.yaml in `c:\Users\claud\OneDrive\Documentos\NeuroAds\LP\dataconnect`
 {"metadata":{"emulator":{"name":"dataconnect"},"message":"E0506 06:55:06.108138   15908 watch.go:116] watchAllDir unable to walk dir `c:\\Users\\claud\\OneDrive\\Documentos\\NeuroAds\\LP\\dataconnect`: GetFileAttributesEx c:\\Users\\claud\\OneDrive\\Documentos\\NeuroAds\\LP\\dataconnect: The system cannot find the file specified.\nE0506 06:55:06.108138   15908 watch.go:40] Failed to load config from \"c:\\\\Users\\\\claud\\\\OneDrive\\\\Documentos\\\\NeuroAds\\\\LP\\\\dataconnect\": could not find dataconnect.yaml in `c:\\Users\\claud\\OneDrive\\Documentos\\NeuroAds\\LP\\dataconnect`\n"}}
[debug] [2026-05-06T09:55:16.122Z] E0506 06:55:16.108329   15908 watch.go:40] Failed to load config from "c:\\Users\\claud\\OneDrive\\Documentos\\NeuroAds\\LP\\dataconnect": could not find dataconnect.yaml in `c:\Users\claud\OneDrive\Documentos\NeuroAds\LP\dataconnect`
 {"metadata":{"emulator":{"name":"dataconnect"},"message":"E0506 06:55:16.108329   15908 watch.go:40] Failed to load config from \"c:\\\\Users\\\\claud\\\\OneDrive\\\\Documentos\\\\NeuroAds\\\\LP\\\\dataconnect\": could not find dataconnect.yaml in `c:\\Users\\claud\\OneDrive\\Documentos\\NeuroAds\\LP\\dataconnect`\n"}}
[debug] [2026-05-06T09:55:26.134Z] E0506 06:55:26.108550   15908 watch.go:40] Failed to load config from "c:\\Users\\claud\\OneDrive\\Documentos\\NeuroAds\\LP\\dataconnect": could not find dataconnect.yaml in `c:\Users\claud\OneDrive\Documentos\NeuroAds\LP\dataconnect`
 {"metadata":{"emulator":{"name":"dataconnect"},"message":"E0506 06:55:26.108550   15908 watch.go:40] Failed to load config from \"c:\\\\Users\\\\claud\\\\OneDrive\\\\Documentos\\\\NeuroAds\\\\LP\\\\dataconnect\": could not find dataconnect.yaml in `c:\\Users\\claud\\OneDrive\\Documentos\\NeuroAds\\LP\\dataconnect`\n"}}
[debug] [2026-05-06T09:55:36.116Z] E0506 06:55:36.108031   15908 watch.go:40] Failed to load config from "c:\\Users\\claud\\OneDrive\\Documentos\\NeuroAds\\LP\\dataconnect": could not find dataconnect.yaml in `c:\Users\claud\OneDrive\Documentos\NeuroAds\LP\dataconnect`
 {"metadata":{"emulator":{"name":"dataconnect"},"message":"E0506 06:55:36.108031   15908 watch.go:40] Failed to load config from \"c:\\\\Users\\\\claud\\\\OneDrive\\\\Documentos\\\\NeuroAds\\\\LP\\\\dataconnect\": could not find dataconnect.yaml in `c:\\Users\\claud\\OneDrive\\Documentos\\NeuroAds\\LP\\dataconnect`\n"}}
[debug] [2026-05-06T09:55:46.114Z] E0506 06:55:46.108507   15908 watch.go:40] Failed to load config from "c:\\Users\\claud\\OneDrive\\Documentos\\NeuroAds\\LP\\dataconnect": could not find dataconnect.yaml in `c:\Users\claud\OneDrive\Documentos\NeuroAds\LP\dataconnect`
 {"metadata":{"emulator":{"name":"dataconnect"},"message":"E0506 06:55:46.108507   15908 watch.go:40] Failed to load config from \"c:\\\\Users\\\\claud\\\\OneDrive\\\\Documentos\\\\NeuroAds\\\\LP\\\\dataconnect\": could not find dataconnect.yaml in `c:\\Users\\claud\\OneDrive\\Documentos\\NeuroAds\\LP\\dataconnect`\n"}}
[debug] [2026-05-06T09:55:56.130Z] E0506 06:55:56.108339   15908 watch.go:40] Failed to load config from "c:\\Users\\claud\\OneDrive\\Documentos\\NeuroAds\\LP\\dataconnect": could not find dataconnect.yaml in `c:\Users\claud\OneDrive\Documentos\NeuroAds\LP\dataconnect`
 {"metadata":{"emulator":{"name":"dataconnect"},"message":"E0506 06:55:56.108339   15908 watch.go:40] Failed to load config from \"c:\\\\Users\\\\claud\\\\OneDrive\\\\Documentos\\\\NeuroAds\\\\LP\\\\dataconnect\": could not find dataconnect.yaml in `c:\\Users\\claud\\OneDrive\\Documentos\\NeuroAds\\LP\\dataconnect`\n"}}
[debug] [2026-05-06T09:56:06.109Z] E0506 06:56:06.108007   15908 watch.go:116] watchAllDir unable to walk dir `c:\Users\claud\OneDrive\Documentos\NeuroAds\LP\dataconnect`: GetFileAttributesEx c:\Users\claud\OneDrive\Documentos\NeuroAds\LP\dataconnect: The system cannot find the file specified.
E0506 06:56:06.108007   15908 watch.go:40] Failed to load config from "c:\\Users\\claud\\OneDrive\\Documentos\\NeuroAds\\LP\\dataconnect": could not find dataconnect.yaml in `c:\Users\claud\OneDrive\Documentos\NeuroAds\LP\dataconnect`
 {"metadata":{"emulator":{"name":"dataconnect"},"message":"E0506 06:56:06.108007   15908 watch.go:116] watchAllDir unable to walk dir `c:\\Users\\claud\\OneDrive\\Documentos\\NeuroAds\\LP\\dataconnect`: GetFileAttributesEx c:\\Users\\claud\\OneDrive\\Documentos\\NeuroAds\\LP\\dataconnect: The system cannot find the file specified.\nE0506 06:56:06.108007   15908 watch.go:40] Failed to load config from \"c:\\\\Users\\\\claud\\\\OneDrive\\\\Documentos\\\\NeuroAds\\\\LP\\\\dataconnect\": could not find dataconnect.yaml in `c:\\Users\\claud\\OneDrive\\Documentos\\NeuroAds\\LP\\dataconnect`\n"}}
[debug] [2026-05-06T09:56:16.127Z] E0506 06:56:16.108404   15908 watch.go:40] Failed to load config from "c:\\Users\\claud\\OneDrive\\Documentos\\NeuroAds\\LP\\dataconnect": could not find dataconnect.yaml in `c:\Users\claud\OneDrive\Documentos\NeuroAds\LP\dataconnect`
 {"metadata":{"emulator":{"name":"dataconnect"},"message":"E0506 06:56:16.108404   15908 watch.go:40] Failed to load config from \"c:\\\\Users\\\\claud\\\\OneDrive\\\\Documentos\\\\NeuroAds\\\\LP\\\\dataconnect\": could not find dataconnect.yaml in `c:\\Users\\claud\\OneDrive\\Documentos\\NeuroAds\\LP\\dataconnect`\n"}}
[debug] [2026-05-06T09:56:26.118Z] E0506 06:56:26.108159   15908 watch.go:40] Failed to load config from "c:\\Users\\claud\\OneDrive\\Documentos\\NeuroAds\\LP\\dataconnect": could not find dataconnect.yaml in `c:\Users\claud\OneDrive\Documentos\NeuroAds\LP\dataconnect`
 {"metadata":{"emulator":{"name":"dataconnect"},"message":"E0506 06:56:26.108159   15908 watch.go:40] Failed to load config from \"c:\\\\Users\\\\claud\\\\OneDrive\\\\Documentos\\\\NeuroAds\\\\LP\\\\dataconnect\": could not find dataconnect.yaml in `c:\\Users\\claud\\OneDrive\\Documentos\\NeuroAds\\LP\\dataconnect`\n"}}
[debug] [2026-05-06T09:56:36.123Z] E0506 06:56:36.108420   15908 watch.go:40] Failed to load config from "c:\\Users\\claud\\OneDrive\\Documentos\\NeuroAds\\LP\\dataconnect": could not find dataconnect.yaml in `c:\Users\claud\OneDrive\Documentos\NeuroAds\LP\dataconnect`
 {"metadata":{"emulator":{"name":"dataconnect"},"message":"E0506 06:56:36.108420   15908 watch.go:40] Failed to load config from \"c:\\\\Users\\\\claud\\\\OneDrive\\\\Documentos\\\\NeuroAds\\\\LP\\\\dataconnect\": could not find dataconnect.yaml in `c:\\Users\\claud\\OneDrive\\Documentos\\NeuroAds\\LP\\dataconnect`\n"}}
[debug] [2026-05-06T09:56:46.110Z] E0506 06:56:46.108992   15908 watch.go:40] Failed to load config from "c:\\Users\\claud\\OneDrive\\Documentos\\NeuroAds\\LP\\dataconnect": could not find dataconnect.yaml in `c:\Users\claud\OneDrive\Documentos\NeuroAds\LP\dataconnect`
 {"metadata":{"emulator":{"name":"dataconnect"},"message":"E0506 06:56:46.108992   15908 watch.go:40] Failed to load config from \"c:\\\\Users\\\\claud\\\\OneDrive\\\\Documentos\\\\NeuroAds\\\\LP\\\\dataconnect\": could not find dataconnect.yaml in `c:\\Users\\claud\\OneDrive\\Documentos\\NeuroAds\\LP\\dataconnect`\n"}}
[debug] [2026-05-06T09:56:56.115Z] E0506 06:56:56.108124   15908 watch.go:40] Failed to load config from "c:\\Users\\claud\\OneDrive\\Documentos\\NeuroAds\\LP\\dataconnect": could not find dataconnect.yaml in `c:\Users\claud\OneDrive\Documentos\NeuroAds\LP\dataconnect`
 {"metadata":{"emulator":{"name":"dataconnect"},"message":"E0506 06:56:56.108124   15908 watch.go:40] Failed to load config from \"c:\\\\Users\\\\claud\\\\OneDrive\\\\Documentos\\\\NeuroAds\\\\LP\\\\dataconnect\": could not find dataconnect.yaml in `c:\\Users\\claud\\OneDrive\\Documentos\\NeuroAds\\LP\\dataconnect`\n"}}
[debug] [2026-05-06T09:57:06.136Z] E0506 06:57:06.108152   15908 watch.go:116] watchAllDir unable to walk dir `c:\Users\claud\OneDrive\Documentos\NeuroAds\LP\dataconnect`: GetFileAttributesEx c:\Users\claud\OneDrive\Documentos\NeuroAds\LP\dataconnect: The system cannot find the file specified.
E0506 06:57:06.108152   15908 watch.go:40] Failed to load config from "c:\\Users\\claud\\OneDrive\\Documentos\\NeuroAds\\LP\\dataconnect": could not find dataconnect.yaml in `c:\Users\claud\OneDrive\Documentos\NeuroAds\LP\dataconnect`
 {"metadata":{"emulator":{"name":"dataconnect"},"message":"E0506 06:57:06.108152   15908 watch.go:116] watchAllDir unable to walk dir `c:\\Users\\claud\\OneDrive\\Documentos\\NeuroAds\\LP\\dataconnect`: GetFileAttributesEx c:\\Users\\claud\\OneDrive\\Documentos\\NeuroAds\\LP\\dataconnect: The system cannot find the file specified.\nE0506 06:57:06.108152   15908 watch.go:40] Failed to load config from \"c:\\\\Users\\\\claud\\\\OneDrive\\\\Documentos\\\\NeuroAds\\\\LP\\\\dataconnect\": could not find dataconnect.yaml in `c:\\Users\\claud\\OneDrive\\Documentos\\NeuroAds\\LP\\dataconnect`\n"}}
[debug] [2026-05-06T09:57:16.135Z] E0506 06:57:16.108297   15908 watch.go:40] Failed to load config from "c:\\Users\\claud\\OneDrive\\Documentos\\NeuroAds\\LP\\dataconnect": could not find dataconnect.yaml in `c:\Users\claud\OneDrive\Documentos\NeuroAds\LP\dataconnect`
 {"metadata":{"emulator":{"name":"dataconnect"},"message":"E0506 06:57:16.108297   15908 watch.go:40] Failed to load config from \"c:\\\\Users\\\\claud\\\\OneDrive\\\\Documentos\\\\NeuroAds\\\\LP\\\\dataconnect\": could not find dataconnect.yaml in `c:\\Users\\claud\\OneDrive\\Documentos\\NeuroAds\\LP\\dataconnect`\n"}}
[debug] [2026-05-06T09:57:26.146Z] E0506 06:57:26.108446   15908 watch.go:40] Failed to load config from "c:\\Users\\claud\\OneDrive\\Documentos\\NeuroAds\\LP\\dataconnect": could not find dataconnect.yaml in `c:\Users\claud\OneDrive\Documentos\NeuroAds\LP\dataconnect`
 {"metadata":{"emulator":{"name":"dataconnect"},"message":"E0506 06:57:26.108446   15908 watch.go:40] Failed to load config from \"c:\\\\Users\\\\claud\\\\OneDrive\\\\Documentos\\\\NeuroAds\\\\LP\\\\dataconnect\": could not find dataconnect.yaml in `c:\\Users\\claud\\OneDrive\\Documentos\\NeuroAds\\LP\\dataconnect`\n"}}
[debug] [2026-05-06T09:57:36.143Z] E0506 06:57:36.108469   15908 watch.go:40] Failed to load config from "c:\\Users\\claud\\OneDrive\\Documentos\\NeuroAds\\LP\\dataconnect": could not find dataconnect.yaml in `c:\Users\claud\OneDrive\Documentos\NeuroAds\LP\dataconnect`
 {"metadata":{"emulator":{"name":"dataconnect"},"message":"E0506 06:57:36.108469   15908 watch.go:40] Failed to load config from \"c:\\\\Users\\\\claud\\\\OneDrive\\\\Documentos\\\\NeuroAds\\\\LP\\\\dataconnect\": could not find dataconnect.yaml in `c:\\Users\\claud\\OneDrive\\Documentos\\NeuroAds\\LP\\dataconnect`\n"}}
[debug] [2026-05-06T09:57:46.140Z] E0506 06:57:46.108372   15908 watch.go:40] Failed to load config from "c:\\Users\\claud\\OneDrive\\Documentos\\NeuroAds\\LP\\dataconnect": could not find dataconnect.yaml in `c:\Users\claud\OneDrive\Documentos\NeuroAds\LP\dataconnect`
 {"metadata":{"emulator":{"name":"dataconnect"},"message":"E0506 06:57:46.108372   15908 watch.go:40] Failed to load config from \"c:\\\\Users\\\\claud\\\\OneDrive\\\\Documentos\\\\NeuroAds\\\\LP\\\\dataconnect\": could not find dataconnect.yaml in `c:\\Users\\claud\\OneDrive\\Documentos\\NeuroAds\\LP\\dataconnect`\n"}}
[debug] [2026-05-06T09:57:56.142Z] E0506 06:57:56.108405   15908 watch.go:40] Failed to load config from "c:\\Users\\claud\\OneDrive\\Documentos\\NeuroAds\\LP\\dataconnect": could not find dataconnect.yaml in `c:\Users\claud\OneDrive\Documentos\NeuroAds\LP\dataconnect`
 {"metadata":{"emulator":{"name":"dataconnect"},"message":"E0506 06:57:56.108405   15908 watch.go:40] Failed to load config from \"c:\\\\Users\\\\claud\\\\OneDrive\\\\Documentos\\\\NeuroAds\\\\LP\\\\dataconnect\": could not find dataconnect.yaml in `c:\\Users\\claud\\OneDrive\\Documentos\\NeuroAds\\LP\\dataconnect`\n"}}
[debug] [2026-05-06T09:58:06.119Z] E0506 06:58:06.108030   15908 watch.go:40] Failed to load config from "c:\\Users\\claud\\OneDrive\\Documentos\\NeuroAds\\LP\\dataconnect": could not find dataconnect.yaml in `c:\Users\claud\OneDrive\Documentos\NeuroAds\LP\dataconnect`
E0506 06:58:06.108030   15908 watch.go:116] watchAllDir unable to walk dir `c:\Users\claud\OneDrive\Documentos\NeuroAds\LP\dataconnect`: GetFileAttributesEx c:\Users\claud\OneDrive\Documentos\NeuroAds\LP\dataconnect: The system cannot find the file specified.
 {"metadata":{"emulator":{"name":"dataconnect"},"message":"E0506 06:58:06.108030   15908 watch.go:40] Failed to load config from \"c:\\\\Users\\\\claud\\\\OneDrive\\\\Documentos\\\\NeuroAds\\\\LP\\\\dataconnect\": could not find dataconnect.yaml in `c:\\Users\\claud\\OneDrive\\Documentos\\NeuroAds\\LP\\dataconnect`\nE0506 06:58:06.108030   15908 watch.go:116] watchAllDir unable to walk dir `c:\\Users\\claud\\OneDrive\\Documentos\\NeuroAds\\LP\\dataconnect`: GetFileAttributesEx c:\\Users\\claud\\OneDrive\\Documentos\\NeuroAds\\LP\\dataconnect: The system cannot find the file specified.\n"}}
[debug] [2026-05-06T09:58:16.116Z] E0506 06:58:16.108733   15908 watch.go:40] Failed to load config from "c:\\Users\\claud\\OneDrive\\Documentos\\NeuroAds\\LP\\dataconnect": could not find dataconnect.yaml in `c:\Users\claud\OneDrive\Documentos\NeuroAds\LP\dataconnect`
 {"metadata":{"emulator":{"name":"dataconnect"},"message":"E0506 06:58:16.108733   15908 watch.go:40] Failed to load config from \"c:\\\\Users\\\\claud\\\\OneDrive\\\\Documentos\\\\NeuroAds\\\\LP\\\\dataconnect\": could not find dataconnect.yaml in `c:\\Users\\claud\\OneDrive\\Documentos\\NeuroAds\\LP\\dataconnect`\n"}}
[debug] [2026-05-06T09:58:26.115Z] E0506 06:58:26.108223   15908 watch.go:40] Failed to load config from "c:\\Users\\claud\\OneDrive\\Documentos\\NeuroAds\\LP\\dataconnect": could not find dataconnect.yaml in `c:\Users\claud\OneDrive\Documentos\NeuroAds\LP\dataconnect`
 {"metadata":{"emulator":{"name":"dataconnect"},"message":"E0506 06:58:26.108223   15908 watch.go:40] Failed to load config from \"c:\\\\Users\\\\claud\\\\OneDrive\\\\Documentos\\\\NeuroAds\\\\LP\\\\dataconnect\": could not find dataconnect.yaml in `c:\\Users\\claud\\OneDrive\\Documentos\\NeuroAds\\LP\\dataconnect`\n"}}
[debug] [2026-05-06T09:58:36.119Z] E0506 06:58:36.108511   15908 watch.go:40] Failed to load config from "c:\\Users\\claud\\OneDrive\\Documentos\\NeuroAds\\LP\\dataconnect": could not find dataconnect.yaml in `c:\Users\claud\OneDrive\Documentos\NeuroAds\LP\dataconnect`
 {"metadata":{"emulator":{"name":"dataconnect"},"message":"E0506 06:58:36.108511   15908 watch.go:40] Failed to load config from \"c:\\\\Users\\\\claud\\\\OneDrive\\\\Documentos\\\\NeuroAds\\\\LP\\\\dataconnect\": could not find dataconnect.yaml in `c:\\Users\\claud\\OneDrive\\Documentos\\NeuroAds\\LP\\dataconnect`\n"}}
[debug] [2026-05-06T09:58:46.138Z] E0506 06:58:46.108255   15908 watch.go:40] Failed to load config from "c:\\Users\\claud\\OneDrive\\Documentos\\NeuroAds\\LP\\dataconnect": could not find dataconnect.yaml in `c:\Users\claud\OneDrive\Documentos\NeuroAds\LP\dataconnect`
 {"metadata":{"emulator":{"name":"dataconnect"},"message":"E0506 06:58:46.108255   15908 watch.go:40] Failed to load config from \"c:\\\\Users\\\\claud\\\\OneDrive\\\\Documentos\\\\NeuroAds\\\\LP\\\\dataconnect\": could not find dataconnect.yaml in `c:\\Users\\claud\\OneDrive\\Documentos\\NeuroAds\\LP\\dataconnect`\n"}}
[debug] [2026-05-06T09:58:56.115Z] E0506 06:58:56.107978   15908 watch.go:40] Failed to load config from "c:\\Users\\claud\\OneDrive\\Documentos\\NeuroAds\\LP\\dataconnect": could not find dataconnect.yaml in `c:\Users\claud\OneDrive\Documentos\NeuroAds\LP\dataconnect`
 {"metadata":{"emulator":{"name":"dataconnect"},"message":"E0506 06:58:56.107978   15908 watch.go:40] Failed to load config from \"c:\\\\Users\\\\claud\\\\OneDrive\\\\Documentos\\\\NeuroAds\\\\LP\\\\dataconnect\": could not find dataconnect.yaml in `c:\\Users\\claud\\OneDrive\\Documentos\\NeuroAds\\LP\\dataconnect`\n"}}
[debug] [2026-05-06T09:59:06.126Z] E0506 06:59:06.108259   15908 watch.go:116] watchAllDir unable to walk dir `c:\Users\claud\OneDrive\Documentos\NeuroAds\LP\dataconnect`: GetFileAttributesEx c:\Users\claud\OneDrive\Documentos\NeuroAds\LP\dataconnect: The system cannot find the file specified.
E0506 06:59:06.108259   15908 watch.go:40] Failed to load config from "c:\\Users\\claud\\OneDrive\\Documentos\\NeuroAds\\LP\\dataconnect": could not find dataconnect.yaml in `c:\Users\claud\OneDrive\Documentos\NeuroAds\LP\dataconnect`
 {"metadata":{"emulator":{"name":"dataconnect"},"message":"E0506 06:59:06.108259   15908 watch.go:116] watchAllDir unable to walk dir `c:\\Users\\claud\\OneDrive\\Documentos\\NeuroAds\\LP\\dataconnect`: GetFileAttributesEx c:\\Users\\claud\\OneDrive\\Documentos\\NeuroAds\\LP\\dataconnect: The system cannot find the file specified.\nE0506 06:59:06.108259   15908 watch.go:40] Failed to load config from \"c:\\\\Users\\\\claud\\\\OneDrive\\\\Documentos\\\\NeuroAds\\\\LP\\\\dataconnect\": could not find dataconnect.yaml in `c:\\Users\\claud\\OneDrive\\Documentos\\NeuroAds\\LP\\dataconnect`\n"}}
[debug] [2026-05-06T09:59:16.117Z] E0506 06:59:16.108314   15908 watch.go:40] Failed to load config from "c:\\Users\\claud\\OneDrive\\Documentos\\NeuroAds\\LP\\dataconnect": could not find dataconnect.yaml in `c:\Users\claud\OneDrive\Documentos\NeuroAds\LP\dataconnect`
 {"metadata":{"emulator":{"name":"dataconnect"},"message":"E0506 06:59:16.108314   15908 watch.go:40] Failed to load config from \"c:\\\\Users\\\\claud\\\\OneDrive\\\\Documentos\\\\NeuroAds\\\\LP\\\\dataconnect\": could not find dataconnect.yaml in `c:\\Users\\claud\\OneDrive\\Documentos\\NeuroAds\\LP\\dataconnect`\n"}}
[debug] [2026-05-06T09:59:26.125Z] E0506 06:59:26.108374   15908 watch.go:40] Failed to load config from "c:\\Users\\claud\\OneDrive\\Documentos\\NeuroAds\\LP\\dataconnect": could not find dataconnect.yaml in `c:\Users\claud\OneDrive\Documentos\NeuroAds\LP\dataconnect`
 {"metadata":{"emulator":{"name":"dataconnect"},"message":"E0506 06:59:26.108374   15908 watch.go:40] Failed to load config from \"c:\\\\Users\\\\claud\\\\OneDrive\\\\Documentos\\\\NeuroAds\\\\LP\\\\dataconnect\": could not find dataconnect.yaml in `c:\\Users\\claud\\OneDrive\\Documentos\\NeuroAds\\LP\\dataconnect`\n"}}
[debug] [2026-05-06T09:59:36.112Z] E0506 06:59:36.108272   15908 watch.go:40] Failed to load config from "c:\\Users\\claud\\OneDrive\\Documentos\\NeuroAds\\LP\\dataconnect": could not find dataconnect.yaml in `c:\Users\claud\OneDrive\Documentos\NeuroAds\LP\dataconnect`
 {"metadata":{"emulator":{"name":"dataconnect"},"message":"E0506 06:59:36.108272   15908 watch.go:40] Failed to load config from \"c:\\\\Users\\\\claud\\\\OneDrive\\\\Documentos\\\\NeuroAds\\\\LP\\\\dataconnect\": could not find dataconnect.yaml in `c:\\Users\\claud\\OneDrive\\Documentos\\NeuroAds\\LP\\dataconnect`\n"}}
[debug] [2026-05-06T09:59:46.104Z] E0506 06:59:46.108321   15908 watch.go:40] Failed to load config from "c:\\Users\\claud\\OneDrive\\Documentos\\NeuroAds\\LP\\dataconnect": could not find dataconnect.yaml in `c:\Users\claud\OneDrive\Documentos\NeuroAds\LP\dataconnect`
 {"metadata":{"emulator":{"name":"dataconnect"},"message":"E0506 06:59:46.108321   15908 watch.go:40] Failed to load config from \"c:\\\\Users\\\\claud\\\\OneDrive\\\\Documentos\\\\NeuroAds\\\\LP\\\\dataconnect\": could not find dataconnect.yaml in `c:\\Users\\claud\\OneDrive\\Documentos\\NeuroAds\\LP\\dataconnect`\n"}}
[debug] [2026-05-06T09:59:56.114Z] E0506 06:59:56.108161   15908 watch.go:40] Failed to load config from "c:\\Users\\claud\\OneDrive\\Documentos\\NeuroAds\\LP\\dataconnect": could not find dataconnect.yaml in `c:\Users\claud\OneDrive\Documentos\NeuroAds\LP\dataconnect`
 {"metadata":{"emulator":{"name":"dataconnect"},"message":"E0506 06:59:56.108161   15908 watch.go:40] Failed to load config from \"c:\\\\Users\\\\claud\\\\OneDrive\\\\Documentos\\\\NeuroAds\\\\LP\\\\dataconnect\": could not find dataconnect.yaml in `c:\\Users\\claud\\OneDrive\\Documentos\\NeuroAds\\LP\\dataconnect`\n"}}
[debug] [2026-05-06T10:00:06.113Z] E0506 07:00:06.108007   15908 watch.go:116] watchAllDir unable to walk dir `c:\Users\claud\OneDrive\Documentos\NeuroAds\LP\dataconnect`: GetFileAttributesEx c:\Users\claud\OneDrive\Documentos\NeuroAds\LP\dataconnect: The system cannot find the file specified.
E0506 07:00:06.108007   15908 watch.go:40] Failed to load config from "c:\\Users\\claud\\OneDrive\\Documentos\\NeuroAds\\LP\\dataconnect": could not find dataconnect.yaml in `c:\Users\claud\OneDrive\Documentos\NeuroAds\LP\dataconnect`
 {"metadata":{"emulator":{"name":"dataconnect"},"message":"E0506 07:00:06.108007   15908 watch.go:116] watchAllDir unable to walk dir `c:\\Users\\claud\\OneDrive\\Documentos\\NeuroAds\\LP\\dataconnect`: GetFileAttributesEx c:\\Users\\claud\\OneDrive\\Documentos\\NeuroAds\\LP\\dataconnect: The system cannot find the file specified.\nE0506 07:00:06.108007   15908 watch.go:40] Failed to load config from \"c:\\\\Users\\\\claud\\\\OneDrive\\\\Documentos\\\\NeuroAds\\\\LP\\\\dataconnect\": could not find dataconnect.yaml in `c:\\Users\\claud\\OneDrive\\Documentos\\NeuroAds\\LP\\dataconnect`\n"}}
[debug] [2026-05-06T10:00:16.107Z] E0506 07:00:16.108450   15908 watch.go:40] Failed to load config from "c:\\Users\\claud\\OneDrive\\Documentos\\NeuroAds\\LP\\dataconnect": could not find dataconnect.yaml in `c:\Users\claud\OneDrive\Documentos\NeuroAds\LP\dataconnect`
 {"metadata":{"emulator":{"name":"dataconnect"},"message":"E0506 07:00:16.108450   15908 watch.go:40] Failed to load config from \"c:\\\\Users\\\\claud\\\\OneDrive\\\\Documentos\\\\NeuroAds\\\\LP\\\\dataconnect\": could not find dataconnect.yaml in `c:\\Users\\claud\\OneDrive\\Documentos\\NeuroAds\\LP\\dataconnect`\n"}}
[debug] [2026-05-06T10:00:26.107Z] E0506 07:00:26.107924   15908 watch.go:40] Failed to load config from "c:\\Users\\claud\\OneDrive\\Documentos\\NeuroAds\\LP\\dataconnect": could not find dataconnect.yaml in `c:\Users\claud\OneDrive\Documentos\NeuroAds\LP\dataconnect`
 {"metadata":{"emulator":{"name":"dataconnect"},"message":"E0506 07:00:26.107924   15908 watch.go:40] Failed to load config from \"c:\\\\Users\\\\claud\\\\OneDrive\\\\Documentos\\\\NeuroAds\\\\LP\\\\dataconnect\": could not find dataconnect.yaml in `c:\\Users\\claud\\OneDrive\\Documentos\\NeuroAds\\LP\\dataconnect`\n"}}
[debug] [2026-05-06T10:00:36.109Z] E0506 07:00:36.108852   15908 watch.go:40] Failed to load config from "c:\\Users\\claud\\OneDrive\\Documentos\\NeuroAds\\LP\\dataconnect": could not find dataconnect.yaml in `c:\Users\claud\OneDrive\Documentos\NeuroAds\LP\dataconnect`
 {"metadata":{"emulator":{"name":"dataconnect"},"message":"E0506 07:00:36.108852   15908 watch.go:40] Failed to load config from \"c:\\\\Users\\\\claud\\\\OneDrive\\\\Documentos\\\\NeuroAds\\\\LP\\\\dataconnect\": could not find dataconnect.yaml in `c:\\Users\\claud\\OneDrive\\Documentos\\NeuroAds\\LP\\dataconnect`\n"}}
[debug] [2026-05-06T10:00:46.122Z] E0506 07:00:46.108666   15908 watch.go:40] Failed to load config from "c:\\Users\\claud\\OneDrive\\Documentos\\NeuroAds\\LP\\dataconnect": could not find dataconnect.yaml in `c:\Users\claud\OneDrive\Documentos\NeuroAds\LP\dataconnect`
 {"metadata":{"emulator":{"name":"dataconnect"},"message":"E0506 07:00:46.108666   15908 watch.go:40] Failed to load config from \"c:\\\\Users\\\\claud\\\\OneDrive\\\\Documentos\\\\NeuroAds\\\\LP\\\\dataconnect\": could not find dataconnect.yaml in `c:\\Users\\claud\\OneDrive\\Documentos\\NeuroAds\\LP\\dataconnect`\n"}}
[debug] [2026-05-06T10:00:56.132Z] E0506 07:00:56.109004   15908 watch.go:40] Failed to load config from "c:\\Users\\claud\\OneDrive\\Documentos\\NeuroAds\\LP\\dataconnect": could not find dataconnect.yaml in `c:\Users\claud\OneDrive\Documentos\NeuroAds\LP\dataconnect`
 {"metadata":{"emulator":{"name":"dataconnect"},"message":"E0506 07:00:56.109004   15908 watch.go:40] Failed to load config from \"c:\\\\Users\\\\claud\\\\OneDrive\\\\Documentos\\\\NeuroAds\\\\LP\\\\dataconnect\": could not find dataconnect.yaml in `c:\\Users\\claud\\OneDrive\\Documentos\\NeuroAds\\LP\\dataconnect`\n"}}
[debug] [2026-05-06T10:01:06.113Z] E0506 07:01:06.108229   15908 watch.go:116] watchAllDir unable to walk dir `c:\Users\claud\OneDrive\Documentos\NeuroAds\LP\dataconnect`: GetFileAttributesEx c:\Users\claud\OneDrive\Documentos\NeuroAds\LP\dataconnect: The system cannot find the file specified.
E0506 07:01:06.108955   15908 watch.go:40] Failed to load config from "c:\\Users\\claud\\OneDrive\\Documentos\\NeuroAds\\LP\\dataconnect": could not find dataconnect.yaml in `c:\Users\claud\OneDrive\Documentos\NeuroAds\LP\dataconnect`
 {"metadata":{"emulator":{"name":"dataconnect"},"message":"E0506 07:01:06.108229   15908 watch.go:116] watchAllDir unable to walk dir `c:\\Users\\claud\\OneDrive\\Documentos\\NeuroAds\\LP\\dataconnect`: GetFileAttributesEx c:\\Users\\claud\\OneDrive\\Documentos\\NeuroAds\\LP\\dataconnect: The system cannot find the file specified.\nE0506 07:01:06.108955   15908 watch.go:40] Failed to load config from \"c:\\\\Users\\\\claud\\\\OneDrive\\\\Documentos\\\\NeuroAds\\\\LP\\\\dataconnect\": could not find dataconnect.yaml in `c:\\Users\\claud\\OneDrive\\Documentos\\NeuroAds\\LP\\dataconnect`\n"}}
[debug] [2026-05-06T10:01:16.109Z] E0506 07:01:16.108926   15908 watch.go:40] Failed to load config from "c:\\Users\\claud\\OneDrive\\Documentos\\NeuroAds\\LP\\dataconnect": could not find dataconnect.yaml in `c:\Users\claud\OneDrive\Documentos\NeuroAds\LP\dataconnect`
 {"metadata":{"emulator":{"name":"dataconnect"},"message":"E0506 07:01:16.108926   15908 watch.go:40] Failed to load config from \"c:\\\\Users\\\\claud\\\\OneDrive\\\\Documentos\\\\NeuroAds\\\\LP\\\\dataconnect\": could not find dataconnect.yaml in `c:\\Users\\claud\\OneDrive\\Documentos\\NeuroAds\\LP\\dataconnect`\n"}}
[debug] [2026-05-06T10:01:26.117Z] E0506 07:01:26.108392   15908 watch.go:40] Failed to load config from "c:\\Users\\claud\\OneDrive\\Documentos\\NeuroAds\\LP\\dataconnect": could not find dataconnect.yaml in `c:\Users\claud\OneDrive\Documentos\NeuroAds\LP\dataconnect`
 {"metadata":{"emulator":{"name":"dataconnect"},"message":"E0506 07:01:26.108392   15908 watch.go:40] Failed to load config from \"c:\\\\Users\\\\claud\\\\OneDrive\\\\Documentos\\\\NeuroAds\\\\LP\\\\dataconnect\": could not find dataconnect.yaml in `c:\\Users\\claud\\OneDrive\\Documentos\\NeuroAds\\LP\\dataconnect`\n"}}
[debug] [2026-05-06T10:01:36.122Z] E0506 07:01:36.108626   15908 watch.go:40] Failed to load config from "c:\\Users\\claud\\OneDrive\\Documentos\\NeuroAds\\LP\\dataconnect": could not find dataconnect.yaml in `c:\Users\claud\OneDrive\Documentos\NeuroAds\LP\dataconnect`
 {"metadata":{"emulator":{"name":"dataconnect"},"message":"E0506 07:01:36.108626   15908 watch.go:40] Failed to load config from \"c:\\\\Users\\\\claud\\\\OneDrive\\\\Documentos\\\\NeuroAds\\\\LP\\\\dataconnect\": could not find dataconnect.yaml in `c:\\Users\\claud\\OneDrive\\Documentos\\NeuroAds\\LP\\dataconnect`\n"}}
[debug] [2026-05-06T10:01:46.119Z] E0506 07:01:46.108611   15908 watch.go:40] Failed to load config from "c:\\Users\\claud\\OneDrive\\Documentos\\NeuroAds\\LP\\dataconnect": could not find dataconnect.yaml in `c:\Users\claud\OneDrive\Documentos\NeuroAds\LP\dataconnect`
 {"metadata":{"emulator":{"name":"dataconnect"},"message":"E0506 07:01:46.108611   15908 watch.go:40] Failed to load config from \"c:\\\\Users\\\\claud\\\\OneDrive\\\\Documentos\\\\NeuroAds\\\\LP\\\\dataconnect\": could not find dataconnect.yaml in `c:\\Users\\claud\\OneDrive\\Documentos\\NeuroAds\\LP\\dataconnect`\n"}}
[debug] [2026-05-06T10:01:56.112Z] E0506 07:01:56.108685   15908 watch.go:40] Failed to load config from "c:\\Users\\claud\\OneDrive\\Documentos\\NeuroAds\\LP\\dataconnect": could not find dataconnect.yaml in `c:\Users\claud\OneDrive\Documentos\NeuroAds\LP\dataconnect`
 {"metadata":{"emulator":{"name":"dataconnect"},"message":"E0506 07:01:56.108685   15908 watch.go:40] Failed to load config from \"c:\\\\Users\\\\claud\\\\OneDrive\\\\Documentos\\\\NeuroAds\\\\LP\\\\dataconnect\": could not find dataconnect.yaml in `c:\\Users\\claud\\OneDrive\\Documentos\\NeuroAds\\LP\\dataconnect`\n"}}
[debug] [2026-05-06T10:02:06.141Z] E0506 07:02:06.108114   15908 watch.go:116] watchAllDir unable to walk dir `c:\Users\claud\OneDrive\Documentos\NeuroAds\LP\dataconnect`: GetFileAttributesEx c:\Users\claud\OneDrive\Documentos\NeuroAds\LP\dataconnect: The system cannot find the file specified.
E0506 07:02:06.108916   15908 watch.go:40] Failed to load config from "c:\\Users\\claud\\OneDrive\\Documentos\\NeuroAds\\LP\\dataconnect": could not find dataconnect.yaml in `c:\Users\claud\OneDrive\Documentos\NeuroAds\LP\dataconnect`
 {"metadata":{"emulator":{"name":"dataconnect"},"message":"E0506 07:02:06.108114   15908 watch.go:116] watchAllDir unable to walk dir `c:\\Users\\claud\\OneDrive\\Documentos\\NeuroAds\\LP\\dataconnect`: GetFileAttributesEx c:\\Users\\claud\\OneDrive\\Documentos\\NeuroAds\\LP\\dataconnect: The system cannot find the file specified.\nE0506 07:02:06.108916   15908 watch.go:40] Failed to load config from \"c:\\\\Users\\\\claud\\\\OneDrive\\\\Documentos\\\\NeuroAds\\\\LP\\\\dataconnect\": could not find dataconnect.yaml in `c:\\Users\\claud\\OneDrive\\Documentos\\NeuroAds\\LP\\dataconnect`\n"}}
[debug] [2026-05-06T10:02:16.124Z] E0506 07:02:16.108599   15908 watch.go:40] Failed to load config from "c:\\Users\\claud\\OneDrive\\Documentos\\NeuroAds\\LP\\dataconnect": could not find dataconnect.yaml in `c:\Users\claud\OneDrive\Documentos\NeuroAds\LP\dataconnect`
 {"metadata":{"emulator":{"name":"dataconnect"},"message":"E0506 07:02:16.108599   15908 watch.go:40] Failed to load config from \"c:\\\\Users\\\\claud\\\\OneDrive\\\\Documentos\\\\NeuroAds\\\\LP\\\\dataconnect\": could not find dataconnect.yaml in `c:\\Users\\claud\\OneDrive\\Documentos\\NeuroAds\\LP\\dataconnect`\n"}}
[debug] [2026-05-06T10:02:26.113Z] E0506 07:02:26.108461   15908 watch.go:40] Failed to load config from "c:\\Users\\claud\\OneDrive\\Documentos\\NeuroAds\\LP\\dataconnect": could not find dataconnect.yaml in `c:\Users\claud\OneDrive\Documentos\NeuroAds\LP\dataconnect`
 {"metadata":{"emulator":{"name":"dataconnect"},"message":"E0506 07:02:26.108461   15908 watch.go:40] Failed to load config from \"c:\\\\Users\\\\claud\\\\OneDrive\\\\Documentos\\\\NeuroAds\\\\LP\\\\dataconnect\": could not find dataconnect.yaml in `c:\\Users\\claud\\OneDrive\\Documentos\\NeuroAds\\LP\\dataconnect`\n"}}
[debug] [2026-05-06T10:02:36.356Z] E0506 07:02:36.135655   15908 watch.go:40] Failed to load config from "c:\\Users\\claud\\OneDrive\\Documentos\\NeuroAds\\LP\\dataconnect": could not find dataconnect.yaml in `c:\Users\claud\OneDrive\Documentos\NeuroAds\LP\dataconnect`
 {"metadata":{"emulator":{"name":"dataconnect"},"message":"E0506 07:02:36.135655   15908 watch.go:40] Failed to load config from \"c:\\\\Users\\\\claud\\\\OneDrive\\\\Documentos\\\\NeuroAds\\\\LP\\\\dataconnect\": could not find dataconnect.yaml in `c:\\Users\\claud\\OneDrive\\Documentos\\NeuroAds\\LP\\dataconnect`\n"}}
[debug] [2026-05-06T10:02:46.147Z] E0506 07:02:46.109523   15908 watch.go:40] Failed to load config from "c:\\Users\\claud\\OneDrive\\Documentos\\NeuroAds\\LP\\dataconnect": could not find dataconnect.yaml in `c:\Users\claud\OneDrive\Documentos\NeuroAds\LP\dataconnect`
 {"metadata":{"emulator":{"name":"dataconnect"},"message":"E0506 07:02:46.109523   15908 watch.go:40] Failed to load config from \"c:\\\\Users\\\\claud\\\\OneDrive\\\\Documentos\\\\NeuroAds\\\\LP\\\\dataconnect\": could not find dataconnect.yaml in `c:\\Users\\claud\\OneDrive\\Documentos\\NeuroAds\\LP\\dataconnect`\n"}}
[debug] [2026-05-06T10:02:56.143Z] E0506 07:02:56.108930   15908 watch.go:40] Failed to load config from "c:\\Users\\claud\\OneDrive\\Documentos\\NeuroAds\\LP\\dataconnect": could not find dataconnect.yaml in `c:\Users\claud\OneDrive\Documentos\NeuroAds\LP\dataconnect`
 {"metadata":{"emulator":{"name":"dataconnect"},"message":"E0506 07:02:56.108930   15908 watch.go:40] Failed to load config from \"c:\\\\Users\\\\claud\\\\OneDrive\\\\Documentos\\\\NeuroAds\\\\LP\\\\dataconnect\": could not find dataconnect.yaml in `c:\\Users\\claud\\OneDrive\\Documentos\\NeuroAds\\LP\\dataconnect`\n"}}
[debug] [2026-05-06T10:03:06.190Z] E0506 07:03:06.108467   15908 watch.go:116] watchAllDir unable to walk dir `c:\Users\claud\OneDrive\Documentos\NeuroAds\LP\dataconnect`: GetFileAttributesEx c:\Users\claud\OneDrive\Documentos\NeuroAds\LP\dataconnect: The system cannot find the file specified.
E0506 07:03:06.109468   15908 watch.go:40] Failed to load config from "c:\\Users\\claud\\OneDrive\\Documentos\\NeuroAds\\LP\\dataconnect": could not find dataconnect.yaml in `c:\Users\claud\OneDrive\Documentos\NeuroAds\LP\dataconnect`
 {"metadata":{"emulator":{"name":"dataconnect"},"message":"E0506 07:03:06.108467   15908 watch.go:116] watchAllDir unable to walk dir `c:\\Users\\claud\\OneDrive\\Documentos\\NeuroAds\\LP\\dataconnect`: GetFileAttributesEx c:\\Users\\claud\\OneDrive\\Documentos\\NeuroAds\\LP\\dataconnect: The system cannot find the file specified.\nE0506 07:03:06.109468   15908 watch.go:40] Failed to load config from \"c:\\\\Users\\\\claud\\\\OneDrive\\\\Documentos\\\\NeuroAds\\\\LP\\\\dataconnect\": could not find dataconnect.yaml in `c:\\Users\\claud\\OneDrive\\Documentos\\NeuroAds\\LP\\dataconnect`\n"}}
[debug] [2026-05-06T10:03:16.155Z] E0506 07:03:16.108456   15908 watch.go:40] Failed to load config from "c:\\Users\\claud\\OneDrive\\Documentos\\NeuroAds\\LP\\dataconnect": could not find dataconnect.yaml in `c:\Users\claud\OneDrive\Documentos\NeuroAds\LP\dataconnect`
 {"metadata":{"emulator":{"name":"dataconnect"},"message":"E0506 07:03:16.108456   15908 watch.go:40] Failed to load config from \"c:\\\\Users\\\\claud\\\\OneDrive\\\\Documentos\\\\NeuroAds\\\\LP\\\\dataconnect\": could not find dataconnect.yaml in `c:\\Users\\claud\\OneDrive\\Documentos\\NeuroAds\\LP\\dataconnect`\n"}}
[debug] [2026-05-06T10:03:26.110Z] E0506 07:03:26.108042   15908 watch.go:40] Failed to load config from "c:\\Users\\claud\\OneDrive\\Documentos\\NeuroAds\\LP\\dataconnect": could not find dataconnect.yaml in `c:\Users\claud\OneDrive\Documentos\NeuroAds\LP\dataconnect`
 {"metadata":{"emulator":{"name":"dataconnect"},"message":"E0506 07:03:26.108042   15908 watch.go:40] Failed to load config from \"c:\\\\Users\\\\claud\\\\OneDrive\\\\Documentos\\\\NeuroAds\\\\LP\\\\dataconnect\": could not find dataconnect.yaml in `c:\\Users\\claud\\OneDrive\\Documentos\\NeuroAds\\LP\\dataconnect`\n"}}
[debug] [2026-05-06T10:03:36.132Z] E0506 07:03:36.108571   15908 watch.go:40] Failed to load config from "c:\\Users\\claud\\OneDrive\\Documentos\\NeuroAds\\LP\\dataconnect": could not find dataconnect.yaml in `c:\Users\claud\OneDrive\Documentos\NeuroAds\LP\dataconnect`
 {"metadata":{"emulator":{"name":"dataconnect"},"message":"E0506 07:03:36.108571   15908 watch.go:40] Failed to load config from \"c:\\\\Users\\\\claud\\\\OneDrive\\\\Documentos\\\\NeuroAds\\\\LP\\\\dataconnect\": could not find dataconnect.yaml in `c:\\Users\\claud\\OneDrive\\Documentos\\NeuroAds\\LP\\dataconnect`\n"}}
[debug] [2026-05-06T10:03:46.164Z] E0506 07:03:46.108390   15908 watch.go:40] Failed to load config from "c:\\Users\\claud\\OneDrive\\Documentos\\NeuroAds\\LP\\dataconnect": could not find dataconnect.yaml in `c:\Users\claud\OneDrive\Documentos\NeuroAds\LP\dataconnect`
 {"metadata":{"emulator":{"name":"dataconnect"},"message":"E0506 07:03:46.108390   15908 watch.go:40] Failed to load config from \"c:\\\\Users\\\\claud\\\\OneDrive\\\\Documentos\\\\NeuroAds\\\\LP\\\\dataconnect\": could not find dataconnect.yaml in `c:\\Users\\claud\\OneDrive\\Documentos\\NeuroAds\\LP\\dataconnect`\n"}}
[debug] [2026-05-06T10:03:56.115Z] E0506 07:03:56.108476   15908 watch.go:40] Failed to load config from "c:\\Users\\claud\\OneDrive\\Documentos\\NeuroAds\\LP\\dataconnect": could not find dataconnect.yaml in `c:\Users\claud\OneDrive\Documentos\NeuroAds\LP\dataconnect`
 {"metadata":{"emulator":{"name":"dataconnect"},"message":"E0506 07:03:56.108476   15908 watch.go:40] Failed to load config from \"c:\\\\Users\\\\claud\\\\OneDrive\\\\Documentos\\\\NeuroAds\\\\LP\\\\dataconnect\": could not find dataconnect.yaml in `c:\\Users\\claud\\OneDrive\\Documentos\\NeuroAds\\LP\\dataconnect`\n"}}
[debug] [2026-05-06T10:04:06.172Z] E0506 07:04:06.109167   15908 watch.go:116] watchAllDir unable to walk dir `c:\Users\claud\OneDrive\Documentos\NeuroAds\LP\dataconnect`: GetFileAttributesEx c:\Users\claud\OneDrive\Documentos\NeuroAds\LP\dataconnect: The system cannot find the file specified.
E0506 07:04:06.109167   15908 watch.go:40] Failed to load config from "c:\\Users\\claud\\OneDrive\\Documentos\\NeuroAds\\LP\\dataconnect": could not find dataconnect.yaml in `c:\Users\claud\OneDrive\Documentos\NeuroAds\LP\dataconnect`
 {"metadata":{"emulator":{"name":"dataconnect"},"message":"E0506 07:04:06.109167   15908 watch.go:116] watchAllDir unable to walk dir `c:\\Users\\claud\\OneDrive\\Documentos\\NeuroAds\\LP\\dataconnect`: GetFileAttributesEx c:\\Users\\claud\\OneDrive\\Documentos\\NeuroAds\\LP\\dataconnect: The system cannot find the file specified.\nE0506 07:04:06.109167   15908 watch.go:40] Failed to load config from \"c:\\\\Users\\\\claud\\\\OneDrive\\\\Documentos\\\\NeuroAds\\\\LP\\\\dataconnect\": could not find dataconnect.yaml in `c:\\Users\\claud\\OneDrive\\Documentos\\NeuroAds\\LP\\dataconnect`\n"}}
[debug] [2026-05-06T10:04:16.132Z] E0506 07:04:16.108358   15908 watch.go:40] Failed to load config from "c:\\Users\\claud\\OneDrive\\Documentos\\NeuroAds\\LP\\dataconnect": could not find dataconnect.yaml in `c:\Users\claud\OneDrive\Documentos\NeuroAds\LP\dataconnect`
 {"metadata":{"emulator":{"name":"dataconnect"},"message":"E0506 07:04:16.108358   15908 watch.go:40] Failed to load config from \"c:\\\\Users\\\\claud\\\\OneDrive\\\\Documentos\\\\NeuroAds\\\\LP\\\\dataconnect\": could not find dataconnect.yaml in `c:\\Users\\claud\\OneDrive\\Documentos\\NeuroAds\\LP\\dataconnect`\n"}}
[debug] [2026-05-06T10:04:26.182Z] E0506 07:04:26.109229   15908 watch.go:40] Failed to load config from "c:\\Users\\claud\\OneDrive\\Documentos\\NeuroAds\\LP\\dataconnect": could not find dataconnect.yaml in `c:\Users\claud\OneDrive\Documentos\NeuroAds\LP\dataconnect`
 {"metadata":{"emulator":{"name":"dataconnect"},"message":"E0506 07:04:26.109229   15908 watch.go:40] Failed to load config from \"c:\\\\Users\\\\claud\\\\OneDrive\\\\Documentos\\\\NeuroAds\\\\LP\\\\dataconnect\": could not find dataconnect.yaml in `c:\\Users\\claud\\OneDrive\\Documentos\\NeuroAds\\LP\\dataconnect`\n"}}
[debug] [2026-05-06T10:04:36.128Z] E0506 07:04:36.108387   15908 watch.go:40] Failed to load config from "c:\\Users\\claud\\OneDrive\\Documentos\\NeuroAds\\LP\\dataconnect": could not find dataconnect.yaml in `c:\Users\claud\OneDrive\Documentos\NeuroAds\LP\dataconnect`
 {"metadata":{"emulator":{"name":"dataconnect"},"message":"E0506 07:04:36.108387   15908 watch.go:40] Failed to load config from \"c:\\\\Users\\\\claud\\\\OneDrive\\\\Documentos\\\\NeuroAds\\\\LP\\\\dataconnect\": could not find dataconnect.yaml in `c:\\Users\\claud\\OneDrive\\Documentos\\NeuroAds\\LP\\dataconnect`\n"}}
[debug] [2026-05-06T10:04:46.152Z] E0506 07:04:46.108793   15908 watch.go:40] Failed to load config from "c:\\Users\\claud\\OneDrive\\Documentos\\NeuroAds\\LP\\dataconnect": could not find dataconnect.yaml in `c:\Users\claud\OneDrive\Documentos\NeuroAds\LP\dataconnect`
 {"metadata":{"emulator":{"name":"dataconnect"},"message":"E0506 07:04:46.108793   15908 watch.go:40] Failed to load config from \"c:\\\\Users\\\\claud\\\\OneDrive\\\\Documentos\\\\NeuroAds\\\\LP\\\\dataconnect\": could not find dataconnect.yaml in `c:\\Users\\claud\\OneDrive\\Documentos\\NeuroAds\\LP\\dataconnect`\n"}}
[debug] [2026-05-06T10:04:56.127Z] E0506 07:04:56.108670   15908 watch.go:40] Failed to load config from "c:\\Users\\claud\\OneDrive\\Documentos\\NeuroAds\\LP\\dataconnect": could not find dataconnect.yaml in `c:\Users\claud\OneDrive\Documentos\NeuroAds\LP\dataconnect`
 {"metadata":{"emulator":{"name":"dataconnect"},"message":"E0506 07:04:56.108670   15908 watch.go:40] Failed to load config from \"c:\\\\Users\\\\claud\\\\OneDrive\\\\Documentos\\\\NeuroAds\\\\LP\\\\dataconnect\": could not find dataconnect.yaml in `c:\\Users\\claud\\OneDrive\\Documentos\\NeuroAds\\LP\\dataconnect`\n"}}
[debug] [2026-05-06T10:05:06.149Z] E0506 07:05:06.108139   15908 watch.go:116] watchAllDir unable to walk dir `c:\Users\claud\OneDrive\Documentos\NeuroAds\LP\dataconnect`: GetFileAttributesEx c:\Users\claud\OneDrive\Documentos\NeuroAds\LP\dataconnect: The system cannot find the file specified.
E0506 07:05:06.108821   15908 watch.go:40] Failed to load config from "c:\\Users\\claud\\OneDrive\\Documentos\\NeuroAds\\LP\\dataconnect": could not find dataconnect.yaml in `c:\Users\claud\OneDrive\Documentos\NeuroAds\LP\dataconnect`
 {"metadata":{"emulator":{"name":"dataconnect"},"message":"E0506 07:05:06.108139   15908 watch.go:116] watchAllDir unable to walk dir `c:\\Users\\claud\\OneDrive\\Documentos\\NeuroAds\\LP\\dataconnect`: GetFileAttributesEx c:\\Users\\claud\\OneDrive\\Documentos\\NeuroAds\\LP\\dataconnect: The system cannot find the file specified.\nE0506 07:05:06.108821   15908 watch.go:40] Failed to load config from \"c:\\\\Users\\\\claud\\\\OneDrive\\\\Documentos\\\\NeuroAds\\\\LP\\\\dataconnect\": could not find dataconnect.yaml in `c:\\Users\\claud\\OneDrive\\Documentos\\NeuroAds\\LP\\dataconnect`\n"}}
[debug] [2026-05-06T10:05:16.143Z] E0506 07:05:16.109169   15908 watch.go:40] Failed to load config from "c:\\Users\\claud\\OneDrive\\Documentos\\NeuroAds\\LP\\dataconnect": could not find dataconnect.yaml in `c:\Users\claud\OneDrive\Documentos\NeuroAds\LP\dataconnect`
 {"metadata":{"emulator":{"name":"dataconnect"},"message":"E0506 07:05:16.109169   15908 watch.go:40] Failed to load config from \"c:\\\\Users\\\\claud\\\\OneDrive\\\\Documentos\\\\NeuroAds\\\\LP\\\\dataconnect\": could not find dataconnect.yaml in `c:\\Users\\claud\\OneDrive\\Documentos\\NeuroAds\\LP\\dataconnect`\n"}}
[debug] [2026-05-06T10:05:26.156Z] E0506 07:05:26.108090   15908 watch.go:40] Failed to load config from "c:\\Users\\claud\\OneDrive\\Documentos\\NeuroAds\\LP\\dataconnect": could not find dataconnect.yaml in `c:\Users\claud\OneDrive\Documentos\NeuroAds\LP\dataconnect`
 {"metadata":{"emulator":{"name":"dataconnect"},"message":"E0506 07:05:26.108090   15908 watch.go:40] Failed to load config from \"c:\\\\Users\\\\claud\\\\OneDrive\\\\Documentos\\\\NeuroAds\\\\LP\\\\dataconnect\": could not find dataconnect.yaml in `c:\\Users\\claud\\OneDrive\\Documentos\\NeuroAds\\LP\\dataconnect`\n"}}
[debug] [2026-05-06T10:05:36.148Z] E0506 07:05:36.108398   15908 watch.go:40] Failed to load config from "c:\\Users\\claud\\OneDrive\\Documentos\\NeuroAds\\LP\\dataconnect": could not find dataconnect.yaml in `c:\Users\claud\OneDrive\Documentos\NeuroAds\LP\dataconnect`
 {"metadata":{"emulator":{"name":"dataconnect"},"message":"E0506 07:05:36.108398   15908 watch.go:40] Failed to load config from \"c:\\\\Users\\\\claud\\\\OneDrive\\\\Documentos\\\\NeuroAds\\\\LP\\\\dataconnect\": could not find dataconnect.yaml in `c:\\Users\\claud\\OneDrive\\Documentos\\NeuroAds\\LP\\dataconnect`\n"}}
[debug] [2026-05-06T10:05:46.134Z] E0506 07:05:46.108895   15908 watch.go:40] Failed to load config from "c:\\Users\\claud\\OneDrive\\Documentos\\NeuroAds\\LP\\dataconnect": could not find dataconnect.yaml in `c:\Users\claud\OneDrive\Documentos\NeuroAds\LP\dataconnect`
 {"metadata":{"emulator":{"name":"dataconnect"},"message":"E0506 07:05:46.108895   15908 watch.go:40] Failed to load config from \"c:\\\\Users\\\\claud\\\\OneDrive\\\\Documentos\\\\NeuroAds\\\\LP\\\\dataconnect\": could not find dataconnect.yaml in `c:\\Users\\claud\\OneDrive\\Documentos\\NeuroAds\\LP\\dataconnect`\n"}}
[debug] [2026-05-06T10:05:56.129Z] E0506 07:05:56.108181   15908 watch.go:40] Failed to load config from "c:\\Users\\claud\\OneDrive\\Documentos\\NeuroAds\\LP\\dataconnect": could not find dataconnect.yaml in `c:\Users\claud\OneDrive\Documentos\NeuroAds\LP\dataconnect`
 {"metadata":{"emulator":{"name":"dataconnect"},"message":"E0506 07:05:56.108181   15908 watch.go:40] Failed to load config from \"c:\\\\Users\\\\claud\\\\OneDrive\\\\Documentos\\\\NeuroAds\\\\LP\\\\dataconnect\": could not find dataconnect.yaml in `c:\\Users\\claud\\OneDrive\\Documentos\\NeuroAds\\LP\\dataconnect`\n"}}
[debug] [2026-05-06T10:06:06.147Z] E0506 07:06:06.108097   15908 watch.go:116] watchAllDir unable to walk dir `c:\Users\claud\OneDrive\Documentos\NeuroAds\LP\dataconnect`: GetFileAttributesEx c:\Users\claud\OneDrive\Documentos\NeuroAds\LP\dataconnect: The system cannot find the file specified.
E0506 07:06:06.108097   15908 watch.go:40] Failed to load config from "c:\\Users\\claud\\OneDrive\\Documentos\\NeuroAds\\LP\\dataconnect": could not find dataconnect.yaml in `c:\Users\claud\OneDrive\Documentos\NeuroAds\LP\dataconnect`
 {"metadata":{"emulator":{"name":"dataconnect"},"message":"E0506 07:06:06.108097   15908 watch.go:116] watchAllDir unable to walk dir `c:\\Users\\claud\\OneDrive\\Documentos\\NeuroAds\\LP\\dataconnect`: GetFileAttributesEx c:\\Users\\claud\\OneDrive\\Documentos\\NeuroAds\\LP\\dataconnect: The system cannot find the file specified.\nE0506 07:06:06.108097   15908 watch.go:40] Failed to load config from \"c:\\\\Users\\\\claud\\\\OneDrive\\\\Documentos\\\\NeuroAds\\\\LP\\\\dataconnect\": could not find dataconnect.yaml in `c:\\Users\\claud\\OneDrive\\Documentos\\NeuroAds\\LP\\dataconnect`\n"}}
[debug] [2026-05-06T10:06:16.124Z] E0506 07:06:16.108356   15908 watch.go:40] Failed to load config from "c:\\Users\\claud\\OneDrive\\Documentos\\NeuroAds\\LP\\dataconnect": could not find dataconnect.yaml in `c:\Users\claud\OneDrive\Documentos\NeuroAds\LP\dataconnect`
 {"metadata":{"emulator":{"name":"dataconnect"},"message":"E0506 07:06:16.108356   15908 watch.go:40] Failed to load config from \"c:\\\\Users\\\\claud\\\\OneDrive\\\\Documentos\\\\NeuroAds\\\\LP\\\\dataconnect\": could not find dataconnect.yaml in `c:\\Users\\claud\\OneDrive\\Documentos\\NeuroAds\\LP\\dataconnect`\n"}}
[debug] [2026-05-06T10:06:26.164Z] E0506 07:06:26.108794   15908 watch.go:40] Failed to load config from "c:\\Users\\claud\\OneDrive\\Documentos\\NeuroAds\\LP\\dataconnect": could not find dataconnect.yaml in `c:\Users\claud\OneDrive\Documentos\NeuroAds\LP\dataconnect`
 {"metadata":{"emulator":{"name":"dataconnect"},"message":"E0506 07:06:26.108794   15908 watch.go:40] Failed to load config from \"c:\\\\Users\\\\claud\\\\OneDrive\\\\Documentos\\\\NeuroAds\\\\LP\\\\dataconnect\": could not find dataconnect.yaml in `c:\\Users\\claud\\OneDrive\\Documentos\\NeuroAds\\LP\\dataconnect`\n"}}
[debug] [2026-05-06T10:06:36.116Z] E0506 07:06:36.108904   15908 watch.go:40] Failed to load config from "c:\\Users\\claud\\OneDrive\\Documentos\\NeuroAds\\LP\\dataconnect": could not find dataconnect.yaml in `c:\Users\claud\OneDrive\Documentos\NeuroAds\LP\dataconnect`
 {"metadata":{"emulator":{"name":"dataconnect"},"message":"E0506 07:06:36.108904   15908 watch.go:40] Failed to load config from \"c:\\\\Users\\\\claud\\\\OneDrive\\\\Documentos\\\\NeuroAds\\\\LP\\\\dataconnect\": could not find dataconnect.yaml in `c:\\Users\\claud\\OneDrive\\Documentos\\NeuroAds\\LP\\dataconnect`\n"}}
[debug] [2026-05-06T10:06:46.135Z] E0506 07:06:46.109165   15908 watch.go:40] Failed to load config from "c:\\Users\\claud\\OneDrive\\Documentos\\NeuroAds\\LP\\dataconnect": could not find dataconnect.yaml in `c:\Users\claud\OneDrive\Documentos\NeuroAds\LP\dataconnect`
 {"metadata":{"emulator":{"name":"dataconnect"},"message":"E0506 07:06:46.109165   15908 watch.go:40] Failed to load config from \"c:\\\\Users\\\\claud\\\\OneDrive\\\\Documentos\\\\NeuroAds\\\\LP\\\\dataconnect\": could not find dataconnect.yaml in `c:\\Users\\claud\\OneDrive\\Documentos\\NeuroAds\\LP\\dataconnect`\n"}}
[debug] [2026-05-06T10:06:56.139Z] E0506 07:06:56.108547   15908 watch.go:40] Failed to load config from "c:\\Users\\claud\\OneDrive\\Documentos\\NeuroAds\\LP\\dataconnect": could not find dataconnect.yaml in `c:\Users\claud\OneDrive\Documentos\NeuroAds\LP\dataconnect`
 {"metadata":{"emulator":{"name":"dataconnect"},"message":"E0506 07:06:56.108547   15908 watch.go:40] Failed to load config from \"c:\\\\Users\\\\claud\\\\OneDrive\\\\Documentos\\\\NeuroAds\\\\LP\\\\dataconnect\": could not find dataconnect.yaml in `c:\\Users\\claud\\OneDrive\\Documentos\\NeuroAds\\LP\\dataconnect`\n"}}
[debug] [2026-05-06T10:07:06.141Z] E0506 07:07:06.108244   15908 watch.go:116] watchAllDir unable to walk dir `c:\Users\claud\OneDrive\Documentos\NeuroAds\LP\dataconnect`: GetFileAttributesEx c:\Users\claud\OneDrive\Documentos\NeuroAds\LP\dataconnect: The system cannot find the file specified.
E0506 07:07:06.108244   15908 watch.go:40] Failed to load config from "c:\\Users\\claud\\OneDrive\\Documentos\\NeuroAds\\LP\\dataconnect": could not find dataconnect.yaml in `c:\Users\claud\OneDrive\Documentos\NeuroAds\LP\dataconnect`
 {"metadata":{"emulator":{"name":"dataconnect"},"message":"E0506 07:07:06.108244   15908 watch.go:116] watchAllDir unable to walk dir `c:\\Users\\claud\\OneDrive\\Documentos\\NeuroAds\\LP\\dataconnect`: GetFileAttributesEx c:\\Users\\claud\\OneDrive\\Documentos\\NeuroAds\\LP\\dataconnect: The system cannot find the file specified.\nE0506 07:07:06.108244   15908 watch.go:40] Failed to load config from \"c:\\\\Users\\\\claud\\\\OneDrive\\\\Documentos\\\\NeuroAds\\\\LP\\\\dataconnect\": could not find dataconnect.yaml in `c:\\Users\\claud\\OneDrive\\Documentos\\NeuroAds\\LP\\dataconnect`\n"}}
[debug] [2026-05-06T10:07:16.145Z] E0506 07:07:16.108630   15908 watch.go:40] Failed to load config from "c:\\Users\\claud\\OneDrive\\Documentos\\NeuroAds\\LP\\dataconnect": could not find dataconnect.yaml in `c:\Users\claud\OneDrive\Documentos\NeuroAds\LP\dataconnect`
 {"metadata":{"emulator":{"name":"dataconnect"},"message":"E0506 07:07:16.108630   15908 watch.go:40] Failed to load config from \"c:\\\\Users\\\\claud\\\\OneDrive\\\\Documentos\\\\NeuroAds\\\\LP\\\\dataconnect\": could not find dataconnect.yaml in `c:\\Users\\claud\\OneDrive\\Documentos\\NeuroAds\\LP\\dataconnect`\n"}}
[debug] [2026-05-06T10:07:26.118Z] E0506 07:07:26.108869   15908 watch.go:40] Failed to load config from "c:\\Users\\claud\\OneDrive\\Documentos\\NeuroAds\\LP\\dataconnect": could not find dataconnect.yaml in `c:\Users\claud\OneDrive\Documentos\NeuroAds\LP\dataconnect`
 {"metadata":{"emulator":{"name":"dataconnect"},"message":"E0506 07:07:26.108869   15908 watch.go:40] Failed to load config from \"c:\\\\Users\\\\claud\\\\OneDrive\\\\Documentos\\\\NeuroAds\\\\LP\\\\dataconnect\": could not find dataconnect.yaml in `c:\\Users\\claud\\OneDrive\\Documentos\\NeuroAds\\LP\\dataconnect`\n"}}
[debug] [2026-05-06T10:07:36.167Z] E0506 07:07:36.108622   15908 watch.go:40] Failed to load config from "c:\\Users\\claud\\OneDrive\\Documentos\\NeuroAds\\LP\\dataconnect": could not find dataconnect.yaml in `c:\Users\claud\OneDrive\Documentos\NeuroAds\LP\dataconnect`
 {"metadata":{"emulator":{"name":"dataconnect"},"message":"E0506 07:07:36.108622   15908 watch.go:40] Failed to load config from \"c:\\\\Users\\\\claud\\\\OneDrive\\\\Documentos\\\\NeuroAds\\\\LP\\\\dataconnect\": could not find dataconnect.yaml in `c:\\Users\\claud\\OneDrive\\Documentos\\NeuroAds\\LP\\dataconnect`\n"}}
[debug] [2026-05-06T10:07:46.142Z] E0506 07:07:46.108057   15908 watch.go:40] Failed to load config from "c:\\Users\\claud\\OneDrive\\Documentos\\NeuroAds\\LP\\dataconnect": could not find dataconnect.yaml in `c:\Users\claud\OneDrive\Documentos\NeuroAds\LP\dataconnect`
 {"metadata":{"emulator":{"name":"dataconnect"},"message":"E0506 07:07:46.108057   15908 watch.go:40] Failed to load config from \"c:\\\\Users\\\\claud\\\\OneDrive\\\\Documentos\\\\NeuroAds\\\\LP\\\\dataconnect\": could not find dataconnect.yaml in `c:\\Users\\claud\\OneDrive\\Documentos\\NeuroAds\\LP\\dataconnect`\n"}}
[debug] [2026-05-06T10:07:56.138Z] E0506 07:07:56.108279   15908 watch.go:40] Failed to load config from "c:\\Users\\claud\\OneDrive\\Documentos\\NeuroAds\\LP\\dataconnect": could not find dataconnect.yaml in `c:\Users\claud\OneDrive\Documentos\NeuroAds\LP\dataconnect`
 {"metadata":{"emulator":{"name":"dataconnect"},"message":"E0506 07:07:56.108279   15908 watch.go:40] Failed to load config from \"c:\\\\Users\\\\claud\\\\OneDrive\\\\Documentos\\\\NeuroAds\\\\LP\\\\dataconnect\": could not find dataconnect.yaml in `c:\\Users\\claud\\OneDrive\\Documentos\\NeuroAds\\LP\\dataconnect`\n"}}
[debug] [2026-05-06T10:08:06.169Z] E0506 07:08:06.108128   15908 watch.go:116] watchAllDir unable to walk dir `c:\Users\claud\OneDrive\Documentos\NeuroAds\LP\dataconnect`: GetFileAttributesEx c:\Users\claud\OneDrive\Documentos\NeuroAds\LP\dataconnect: The system cannot find the file specified.
E0506 07:08:06.108825   15908 watch.go:40] Failed to load config from "c:\\Users\\claud\\OneDrive\\Documentos\\NeuroAds\\LP\\dataconnect": could not find dataconnect.yaml in `c:\Users\claud\OneDrive\Documentos\NeuroAds\LP\dataconnect`
 {"metadata":{"emulator":{"name":"dataconnect"},"message":"E0506 07:08:06.108128   15908 watch.go:116] watchAllDir unable to walk dir `c:\\Users\\claud\\OneDrive\\Documentos\\NeuroAds\\LP\\dataconnect`: GetFileAttributesEx c:\\Users\\claud\\OneDrive\\Documentos\\NeuroAds\\LP\\dataconnect: The system cannot find the file specified.\nE0506 07:08:06.108825   15908 watch.go:40] Failed to load config from \"c:\\\\Users\\\\claud\\\\OneDrive\\\\Documentos\\\\NeuroAds\\\\LP\\\\dataconnect\": could not find dataconnect.yaml in `c:\\Users\\claud\\OneDrive\\Documentos\\NeuroAds\\LP\\dataconnect`\n"}}
[debug] [2026-05-06T10:08:16.151Z] E0506 07:08:16.108039   15908 watch.go:40] Failed to load config from "c:\\Users\\claud\\OneDrive\\Documentos\\NeuroAds\\LP\\dataconnect": could not find dataconnect.yaml in `c:\Users\claud\OneDrive\Documentos\NeuroAds\LP\dataconnect`
 {"metadata":{"emulator":{"name":"dataconnect"},"message":"E0506 07:08:16.108039   15908 watch.go:40] Failed to load config from \"c:\\\\Users\\\\claud\\\\OneDrive\\\\Documentos\\\\NeuroAds\\\\LP\\\\dataconnect\": could not find dataconnect.yaml in `c:\\Users\\claud\\OneDrive\\Documentos\\NeuroAds\\LP\\dataconnect`\n"}}
[debug] [2026-05-06T10:08:26.189Z] E0506 07:08:26.109149   15908 watch.go:40] Failed to load config from "c:\\Users\\claud\\OneDrive\\Documentos\\NeuroAds\\LP\\dataconnect": could not find dataconnect.yaml in `c:\Users\claud\OneDrive\Documentos\NeuroAds\LP\dataconnect`
 {"metadata":{"emulator":{"name":"dataconnect"},"message":"E0506 07:08:26.109149   15908 watch.go:40] Failed to load config from \"c:\\\\Users\\\\claud\\\\OneDrive\\\\Documentos\\\\NeuroAds\\\\LP\\\\dataconnect\": could not find dataconnect.yaml in `c:\\Users\\claud\\OneDrive\\Documentos\\NeuroAds\\LP\\dataconnect`\n"}}
[debug] [2026-05-06T10:08:47.919Z] E0506 07:08:36.109248   15908 watch.go:40] Failed to load config from "c:\\Users\\claud\\OneDrive\\Documentos\\NeuroAds\\LP\\dataconnect": could not find dataconnect.yaml in `c:\Users\claud\OneDrive\Documentos\NeuroAds\LP\dataconnect`
E0506 07:08:46.108218   15908 watch.go:40] Failed to load config from "c:\\Users\\claud\\OneDrive\\Documentos\\NeuroAds\\LP\\dataconnect": could not find dataconnect.yaml in `c:\Users\claud\OneDrive\Documentos\NeuroAds\LP\dataconnect`
 {"metadata":{"emulator":{"name":"dataconnect"},"message":"E0506 07:08:36.109248   15908 watch.go:40] Failed to load config from \"c:\\\\Users\\\\claud\\\\OneDrive\\\\Documentos\\\\NeuroAds\\\\LP\\\\dataconnect\": could not find dataconnect.yaml in `c:\\Users\\claud\\OneDrive\\Documentos\\NeuroAds\\LP\\dataconnect`\nE0506 07:08:46.108218   15908 watch.go:40] Failed to load config from \"c:\\\\Users\\\\claud\\\\OneDrive\\\\Documentos\\\\NeuroAds\\\\LP\\\\dataconnect\": could not find dataconnect.yaml in `c:\\Users\\claud\\OneDrive\\Documentos\\NeuroAds\\LP\\dataconnect`\n"}}
[debug] [2026-05-06T10:08:56.115Z] E0506 07:08:56.108605   15908 watch.go:40] Failed to load config from "c:\\Users\\claud\\OneDrive\\Documentos\\NeuroAds\\LP\\dataconnect": could not find dataconnect.yaml in `c:\Users\claud\OneDrive\Documentos\NeuroAds\LP\dataconnect`
 {"metadata":{"emulator":{"name":"dataconnect"},"message":"E0506 07:08:56.108605   15908 watch.go:40] Failed to load config from \"c:\\\\Users\\\\claud\\\\OneDrive\\\\Documentos\\\\NeuroAds\\\\LP\\\\dataconnect\": could not find dataconnect.yaml in `c:\\Users\\claud\\OneDrive\\Documentos\\NeuroAds\\LP\\dataconnect`\n"}}
[debug] [2026-05-06T10:09:06.164Z] E0506 07:09:06.108287   15908 watch.go:116] watchAllDir unable to walk dir `c:\Users\claud\OneDrive\Documentos\NeuroAds\LP\dataconnect`: GetFileAttributesEx c:\Users\claud\OneDrive\Documentos\NeuroAds\LP\dataconnect: The system cannot find the file specified.
E0506 07:09:06.108826   15908 watch.go:40] Failed to load config from "c:\\Users\\claud\\OneDrive\\Documentos\\NeuroAds\\LP\\dataconnect": could not find dataconnect.yaml in `c:\Users\claud\OneDrive\Documentos\NeuroAds\LP\dataconnect`
 {"metadata":{"emulator":{"name":"dataconnect"},"message":"E0506 07:09:06.108287   15908 watch.go:116] watchAllDir unable to walk dir `c:\\Users\\claud\\OneDrive\\Documentos\\NeuroAds\\LP\\dataconnect`: GetFileAttributesEx c:\\Users\\claud\\OneDrive\\Documentos\\NeuroAds\\LP\\dataconnect: The system cannot find the file specified.\nE0506 07:09:06.108826   15908 watch.go:40] Failed to load config from \"c:\\\\Users\\\\claud\\\\OneDrive\\\\Documentos\\\\NeuroAds\\\\LP\\\\dataconnect\": could not find dataconnect.yaml in `c:\\Users\\claud\\OneDrive\\Documentos\\NeuroAds\\LP\\dataconnect`\n"}}
[debug] [2026-05-06T10:09:16.123Z] E0506 07:09:16.108294   15908 watch.go:40] Failed to load config from "c:\\Users\\claud\\OneDrive\\Documentos\\NeuroAds\\LP\\dataconnect": could not find dataconnect.yaml in `c:\Users\claud\OneDrive\Documentos\NeuroAds\LP\dataconnect`
 {"metadata":{"emulator":{"name":"dataconnect"},"message":"E0506 07:09:16.108294   15908 watch.go:40] Failed to load config from \"c:\\\\Users\\\\claud\\\\OneDrive\\\\Documentos\\\\NeuroAds\\\\LP\\\\dataconnect\": could not find dataconnect.yaml in `c:\\Users\\claud\\OneDrive\\Documentos\\NeuroAds\\LP\\dataconnect`\n"}}
[debug] [2026-05-06T10:09:26.158Z] E0506 07:09:26.108550   15908 watch.go:40] Failed to load config from "c:\\Users\\claud\\OneDrive\\Documentos\\NeuroAds\\LP\\dataconnect": could not find dataconnect.yaml in `c:\Users\claud\OneDrive\Documentos\NeuroAds\LP\dataconnect`
 {"metadata":{"emulator":{"name":"dataconnect"},"message":"E0506 07:09:26.108550   15908 watch.go:40] Failed to load config from \"c:\\\\Users\\\\claud\\\\OneDrive\\\\Documentos\\\\NeuroAds\\\\LP\\\\dataconnect\": could not find dataconnect.yaml in `c:\\Users\\claud\\OneDrive\\Documentos\\NeuroAds\\LP\\dataconnect`\n"}}
[debug] [2026-05-06T10:09:36.108Z] E0506 07:09:36.108300   15908 watch.go:40] Failed to load config from "c:\\Users\\claud\\OneDrive\\Documentos\\NeuroAds\\LP\\dataconnect": could not find dataconnect.yaml in `c:\Users\claud\OneDrive\Documentos\NeuroAds\LP\dataconnect`
 {"metadata":{"emulator":{"name":"dataconnect"},"message":"E0506 07:09:36.108300   15908 watch.go:40] Failed to load config from \"c:\\\\Users\\\\claud\\\\OneDrive\\\\Documentos\\\\NeuroAds\\\\LP\\\\dataconnect\": could not find dataconnect.yaml in `c:\\Users\\claud\\OneDrive\\Documentos\\NeuroAds\\LP\\dataconnect`\n"}}
[debug] [2026-05-06T10:09:46.187Z] E0506 07:09:46.108921   15908 watch.go:40] Failed to load config from "c:\\Users\\claud\\OneDrive\\Documentos\\NeuroAds\\LP\\dataconnect": could not find dataconnect.yaml in `c:\Users\claud\OneDrive\Documentos\NeuroAds\LP\dataconnect`
 {"metadata":{"emulator":{"name":"dataconnect"},"message":"E0506 07:09:46.108921   15908 watch.go:40] Failed to load config from \"c:\\\\Users\\\\claud\\\\OneDrive\\\\Documentos\\\\NeuroAds\\\\LP\\\\dataconnect\": could not find dataconnect.yaml in `c:\\Users\\claud\\OneDrive\\Documentos\\NeuroAds\\LP\\dataconnect`\n"}}
[debug] [2026-05-06T10:09:56.147Z] E0506 07:09:56.108280   15908 watch.go:40] Failed to load config from "c:\\Users\\claud\\OneDrive\\Documentos\\NeuroAds\\LP\\dataconnect": could not find dataconnect.yaml in `c:\Users\claud\OneDrive\Documentos\NeuroAds\LP\dataconnect`
 {"metadata":{"emulator":{"name":"dataconnect"},"message":"E0506 07:09:56.108280   15908 watch.go:40] Failed to load config from \"c:\\\\Users\\\\claud\\\\OneDrive\\\\Documentos\\\\NeuroAds\\\\LP\\\\dataconnect\": could not find dataconnect.yaml in `c:\\Users\\claud\\OneDrive\\Documentos\\NeuroAds\\LP\\dataconnect`\n"}}
[debug] [2026-05-06T10:10:06.108Z] E0506 07:10:06.108408   15908 watch.go:116] watchAllDir unable to walk dir `c:\Users\claud\OneDrive\Documentos\NeuroAds\LP\dataconnect`: GetFileAttributesEx c:\Users\claud\OneDrive\Documentos\NeuroAds\LP\dataconnect: The system cannot find the file specified.
E0506 07:10:06.108408   15908 watch.go:40] Failed to load config from "c:\\Users\\claud\\OneDrive\\Documentos\\NeuroAds\\LP\\dataconnect": could not find dataconnect.yaml in `c:\Users\claud\OneDrive\Documentos\NeuroAds\LP\dataconnect`
 {"metadata":{"emulator":{"name":"dataconnect"},"message":"E0506 07:10:06.108408   15908 watch.go:116] watchAllDir unable to walk dir `c:\\Users\\claud\\OneDrive\\Documentos\\NeuroAds\\LP\\dataconnect`: GetFileAttributesEx c:\\Users\\claud\\OneDrive\\Documentos\\NeuroAds\\LP\\dataconnect: The system cannot find the file specified.\nE0506 07:10:06.108408   15908 watch.go:40] Failed to load config from \"c:\\\\Users\\\\claud\\\\OneDrive\\\\Documentos\\\\NeuroAds\\\\LP\\\\dataconnect\": could not find dataconnect.yaml in `c:\\Users\\claud\\OneDrive\\Documentos\\NeuroAds\\LP\\dataconnect`\n"}}
[debug] [2026-05-06T10:10:16.175Z] E0506 07:10:16.108516   15908 watch.go:40] Failed to load config from "c:\\Users\\claud\\OneDrive\\Documentos\\NeuroAds\\LP\\dataconnect": could not find dataconnect.yaml in `c:\Users\claud\OneDrive\Documentos\NeuroAds\LP\dataconnect`
 {"metadata":{"emulator":{"name":"dataconnect"},"message":"E0506 07:10:16.108516   15908 watch.go:40] Failed to load config from \"c:\\\\Users\\\\claud\\\\OneDrive\\\\Documentos\\\\NeuroAds\\\\LP\\\\dataconnect\": could not find dataconnect.yaml in `c:\\Users\\claud\\OneDrive\\Documentos\\NeuroAds\\LP\\dataconnect`\n"}}
[debug] [2026-05-06T10:10:40.021Z] E0506 07:10:26.109637   15908 watch.go:40] Failed to load config from "c:\\Users\\claud\\OneDrive\\Documentos\\NeuroAds\\LP\\dataconnect": could not find dataconnect.yaml in `c:\Users\claud\OneDrive\Documentos\NeuroAds\LP\dataconnect`
E0506 07:10:36.108823   15908 watch.go:40] Failed to load config from "c:\\Users\\claud\\OneDrive\\Documentos\\NeuroAds\\LP\\dataconnect": could not find dataconnect.yaml in `c:\Users\claud\OneDrive\Documentos\NeuroAds\LP\dataconnect`
 {"metadata":{"emulator":{"name":"dataconnect"},"message":"E0506 07:10:26.109637   15908 watch.go:40] Failed to load config from \"c:\\\\Users\\\\claud\\\\OneDrive\\\\Documentos\\\\NeuroAds\\\\LP\\\\dataconnect\": could not find dataconnect.yaml in `c:\\Users\\claud\\OneDrive\\Documentos\\NeuroAds\\LP\\dataconnect`\nE0506 07:10:36.108823   15908 watch.go:40] Failed to load config from \"c:\\\\Users\\\\claud\\\\OneDrive\\\\Documentos\\\\NeuroAds\\\\LP\\\\dataconnect\": could not find dataconnect.yaml in `c:\\Users\\claud\\OneDrive\\Documentos\\NeuroAds\\LP\\dataconnect`\n"}}
[debug] [2026-05-06T10:10:46.155Z] E0506 07:10:46.108460   15908 watch.go:40] Failed to load config from "c:\\Users\\claud\\OneDrive\\Documentos\\NeuroAds\\LP\\dataconnect": could not find dataconnect.yaml in `c:\Users\claud\OneDrive\Documentos\NeuroAds\LP\dataconnect`
 {"metadata":{"emulator":{"name":"dataconnect"},"message":"E0506 07:10:46.108460   15908 watch.go:40] Failed to load config from \"c:\\\\Users\\\\claud\\\\OneDrive\\\\Documentos\\\\NeuroAds\\\\LP\\\\dataconnect\": could not find dataconnect.yaml in `c:\\Users\\claud\\OneDrive\\Documentos\\NeuroAds\\LP\\dataconnect`\n"}}
[debug] [2026-05-06T10:10:56.120Z] E0506 07:10:56.108009   15908 watch.go:40] Failed to load config from "c:\\Users\\claud\\OneDrive\\Documentos\\NeuroAds\\LP\\dataconnect": could not find dataconnect.yaml in `c:\Users\claud\OneDrive\Documentos\NeuroAds\LP\dataconnect`
 {"metadata":{"emulator":{"name":"dataconnect"},"message":"E0506 07:10:56.108009   15908 watch.go:40] Failed to load config from \"c:\\\\Users\\\\claud\\\\OneDrive\\\\Documentos\\\\NeuroAds\\\\LP\\\\dataconnect\": could not find dataconnect.yaml in `c:\\Users\\claud\\OneDrive\\Documentos\\NeuroAds\\LP\\dataconnect`\n"}}
[debug] [2026-05-06T10:11:06.191Z] E0506 07:11:06.108397   15908 watch.go:116] watchAllDir unable to walk dir `c:\Users\claud\OneDrive\Documentos\NeuroAds\LP\dataconnect`: GetFileAttributesEx c:\Users\claud\OneDrive\Documentos\NeuroAds\LP\dataconnect: The system cannot find the file specified.
E0506 07:11:06.109124   15908 watch.go:40] Failed to load config from "c:\\Users\\claud\\OneDrive\\Documentos\\NeuroAds\\LP\\dataconnect": could not find dataconnect.yaml in `c:\Users\claud\OneDrive\Documentos\NeuroAds\LP\dataconnect`
 {"metadata":{"emulator":{"name":"dataconnect"},"message":"E0506 07:11:06.108397   15908 watch.go:116] watchAllDir unable to walk dir `c:\\Users\\claud\\OneDrive\\Documentos\\NeuroAds\\LP\\dataconnect`: GetFileAttributesEx c:\\Users\\claud\\OneDrive\\Documentos\\NeuroAds\\LP\\dataconnect: The system cannot find the file specified.\nE0506 07:11:06.109124   15908 watch.go:40] Failed to load config from \"c:\\\\Users\\\\claud\\\\OneDrive\\\\Documentos\\\\NeuroAds\\\\LP\\\\dataconnect\": could not find dataconnect.yaml in `c:\\Users\\claud\\OneDrive\\Documentos\\NeuroAds\\LP\\dataconnect`\n"}}
[debug] [2026-05-06T10:11:16.115Z] E0506 07:11:16.108956   15908 watch.go:40] Failed to load config from "c:\\Users\\claud\\OneDrive\\Documentos\\NeuroAds\\LP\\dataconnect": could not find dataconnect.yaml in `c:\Users\claud\OneDrive\Documentos\NeuroAds\LP\dataconnect`
 {"metadata":{"emulator":{"name":"dataconnect"},"message":"E0506 07:11:16.108956   15908 watch.go:40] Failed to load config from \"c:\\\\Users\\\\claud\\\\OneDrive\\\\Documentos\\\\NeuroAds\\\\LP\\\\dataconnect\": could not find dataconnect.yaml in `c:\\Users\\claud\\OneDrive\\Documentos\\NeuroAds\\LP\\dataconnect`\n"}}
[debug] [2026-05-06T10:11:26.196Z] E0506 07:11:26.108354   15908 watch.go:40] Failed to load config from "c:\\Users\\claud\\OneDrive\\Documentos\\NeuroAds\\LP\\dataconnect": could not find dataconnect.yaml in `c:\Users\claud\OneDrive\Documentos\NeuroAds\LP\dataconnect`
 {"metadata":{"emulator":{"name":"dataconnect"},"message":"E0506 07:11:26.108354   15908 watch.go:40] Failed to load config from \"c:\\\\Users\\\\claud\\\\OneDrive\\\\Documentos\\\\NeuroAds\\\\LP\\\\dataconnect\": could not find dataconnect.yaml in `c:\\Users\\claud\\OneDrive\\Documentos\\NeuroAds\\LP\\dataconnect`\n"}}
[debug] [2026-05-06T10:11:36.128Z] E0506 07:11:36.109217   15908 watch.go:40] Failed to load config from "c:\\Users\\claud\\OneDrive\\Documentos\\NeuroAds\\LP\\dataconnect": could not find dataconnect.yaml in `c:\Users\claud\OneDrive\Documentos\NeuroAds\LP\dataconnect`
 {"metadata":{"emulator":{"name":"dataconnect"},"message":"E0506 07:11:36.109217   15908 watch.go:40] Failed to load config from \"c:\\\\Users\\\\claud\\\\OneDrive\\\\Documentos\\\\NeuroAds\\\\LP\\\\dataconnect\": could not find dataconnect.yaml in `c:\\Users\\claud\\OneDrive\\Documentos\\NeuroAds\\LP\\dataconnect`\n"}}
[debug] [2026-05-06T10:11:46.160Z] E0506 07:11:46.108160   15908 watch.go:40] Failed to load config from "c:\\Users\\claud\\OneDrive\\Documentos\\NeuroAds\\LP\\dataconnect": could not find dataconnect.yaml in `c:\Users\claud\OneDrive\Documentos\NeuroAds\LP\dataconnect`
 {"metadata":{"emulator":{"name":"dataconnect"},"message":"E0506 07:11:46.108160   15908 watch.go:40] Failed to load config from \"c:\\\\Users\\\\claud\\\\OneDrive\\\\Documentos\\\\NeuroAds\\\\LP\\\\dataconnect\": could not find dataconnect.yaml in `c:\\Users\\claud\\OneDrive\\Documentos\\NeuroAds\\LP\\dataconnect`\n"}}
[debug] [2026-05-06T10:11:56.143Z] E0506 07:11:56.108769   15908 watch.go:40] Failed to load config from "c:\\Users\\claud\\OneDrive\\Documentos\\NeuroAds\\LP\\dataconnect": could not find dataconnect.yaml in `c:\Users\claud\OneDrive\Documentos\NeuroAds\LP\dataconnect`
 {"metadata":{"emulator":{"name":"dataconnect"},"message":"E0506 07:11:56.108769   15908 watch.go:40] Failed to load config from \"c:\\\\Users\\\\claud\\\\OneDrive\\\\Documentos\\\\NeuroAds\\\\LP\\\\dataconnect\": could not find dataconnect.yaml in `c:\\Users\\claud\\OneDrive\\Documentos\\NeuroAds\\LP\\dataconnect`\n"}}
[debug] [2026-05-06T10:12:06.118Z] E0506 07:12:06.108212   15908 watch.go:116] watchAllDir unable to walk dir `c:\Users\claud\OneDrive\Documentos\NeuroAds\LP\dataconnect`: GetFileAttributesEx c:\Users\claud\OneDrive\Documentos\NeuroAds\LP\dataconnect: The system cannot find the file specified.
E0506 07:12:06.108212   15908 watch.go:40] Failed to load config from "c:\\Users\\claud\\OneDrive\\Documentos\\NeuroAds\\LP\\dataconnect": could not find dataconnect.yaml in `c:\Users\claud\OneDrive\Documentos\NeuroAds\LP\dataconnect`
 {"metadata":{"emulator":{"name":"dataconnect"},"message":"E0506 07:12:06.108212   15908 watch.go:116] watchAllDir unable to walk dir `c:\\Users\\claud\\OneDrive\\Documentos\\NeuroAds\\LP\\dataconnect`: GetFileAttributesEx c:\\Users\\claud\\OneDrive\\Documentos\\NeuroAds\\LP\\dataconnect: The system cannot find the file specified.\nE0506 07:12:06.108212   15908 watch.go:40] Failed to load config from \"c:\\\\Users\\\\claud\\\\OneDrive\\\\Documentos\\\\NeuroAds\\\\LP\\\\dataconnect\": could not find dataconnect.yaml in `c:\\Users\\claud\\OneDrive\\Documentos\\NeuroAds\\LP\\dataconnect`\n"}}
[debug] [2026-05-06T10:12:16.312Z] E0506 07:12:16.110401   15908 watch.go:40] Failed to load config from "c:\\Users\\claud\\OneDrive\\Documentos\\NeuroAds\\LP\\dataconnect": could not find dataconnect.yaml in `c:\Users\claud\OneDrive\Documentos\NeuroAds\LP\dataconnect`
 {"metadata":{"emulator":{"name":"dataconnect"},"message":"E0506 07:12:16.110401   15908 watch.go:40] Failed to load config from \"c:\\\\Users\\\\claud\\\\OneDrive\\\\Documentos\\\\NeuroAds\\\\LP\\\\dataconnect\": could not find dataconnect.yaml in `c:\\Users\\claud\\OneDrive\\Documentos\\NeuroAds\\LP\\dataconnect`\n"}}
[debug] [2026-05-06T10:12:26.162Z] E0506 07:12:26.108418   15908 watch.go:40] Failed to load config from "c:\\Users\\claud\\OneDrive\\Documentos\\NeuroAds\\LP\\dataconnect": could not find dataconnect.yaml in `c:\Users\claud\OneDrive\Documentos\NeuroAds\LP\dataconnect`
 {"metadata":{"emulator":{"name":"dataconnect"},"message":"E0506 07:12:26.108418   15908 watch.go:40] Failed to load config from \"c:\\\\Users\\\\claud\\\\OneDrive\\\\Documentos\\\\NeuroAds\\\\LP\\\\dataconnect\": could not find dataconnect.yaml in `c:\\Users\\claud\\OneDrive\\Documentos\\NeuroAds\\LP\\dataconnect`\n"}}
[debug] [2026-05-06T10:12:36.161Z] E0506 07:12:36.108480   15908 watch.go:40] Failed to load config from "c:\\Users\\claud\\OneDrive\\Documentos\\NeuroAds\\LP\\dataconnect": could not find dataconnect.yaml in `c:\Users\claud\OneDrive\Documentos\NeuroAds\LP\dataconnect`
 {"metadata":{"emulator":{"name":"dataconnect"},"message":"E0506 07:12:36.108480   15908 watch.go:40] Failed to load config from \"c:\\\\Users\\\\claud\\\\OneDrive\\\\Documentos\\\\NeuroAds\\\\LP\\\\dataconnect\": could not find dataconnect.yaml in `c:\\Users\\claud\\OneDrive\\Documentos\\NeuroAds\\LP\\dataconnect`\n"}}
[debug] [2026-05-06T10:12:46.119Z] E0506 07:12:46.108826   15908 watch.go:40] Failed to load config from "c:\\Users\\claud\\OneDrive\\Documentos\\NeuroAds\\LP\\dataconnect": could not find dataconnect.yaml in `c:\Users\claud\OneDrive\Documentos\NeuroAds\LP\dataconnect`
 {"metadata":{"emulator":{"name":"dataconnect"},"message":"E0506 07:12:46.108826   15908 watch.go:40] Failed to load config from \"c:\\\\Users\\\\claud\\\\OneDrive\\\\Documentos\\\\NeuroAds\\\\LP\\\\dataconnect\": could not find dataconnect.yaml in `c:\\Users\\claud\\OneDrive\\Documentos\\NeuroAds\\LP\\dataconnect`\n"}}
[debug] [2026-05-06T10:12:56.150Z] E0506 07:12:56.108430   15908 watch.go:40] Failed to load config from "c:\\Users\\claud\\OneDrive\\Documentos\\NeuroAds\\LP\\dataconnect": could not find dataconnect.yaml in `c:\Users\claud\OneDrive\Documentos\NeuroAds\LP\dataconnect`
 {"metadata":{"emulator":{"name":"dataconnect"},"message":"E0506 07:12:56.108430   15908 watch.go:40] Failed to load config from \"c:\\\\Users\\\\claud\\\\OneDrive\\\\Documentos\\\\NeuroAds\\\\LP\\\\dataconnect\": could not find dataconnect.yaml in `c:\\Users\\claud\\OneDrive\\Documentos\\NeuroAds\\LP\\dataconnect`\n"}}
[debug] [2026-05-06T10:13:06.177Z] E0506 07:13:06.108255   15908 watch.go:116] watchAllDir unable to walk dir `c:\Users\claud\OneDrive\Documentos\NeuroAds\LP\dataconnect`: GetFileAttributesEx c:\Users\claud\OneDrive\Documentos\NeuroAds\LP\dataconnect: The system cannot find the file specified.
E0506 07:13:06.108565   15908 watch.go:40] Failed to load config from "c:\\Users\\claud\\OneDrive\\Documentos\\NeuroAds\\LP\\dataconnect": could not find dataconnect.yaml in `c:\Users\claud\OneDrive\Documentos\NeuroAds\LP\dataconnect`
 {"metadata":{"emulator":{"name":"dataconnect"},"message":"E0506 07:13:06.108255   15908 watch.go:116] watchAllDir unable to walk dir `c:\\Users\\claud\\OneDrive\\Documentos\\NeuroAds\\LP\\dataconnect`: GetFileAttributesEx c:\\Users\\claud\\OneDrive\\Documentos\\NeuroAds\\LP\\dataconnect: The system cannot find the file specified.\nE0506 07:13:06.108565   15908 watch.go:40] Failed to load config from \"c:\\\\Users\\\\claud\\\\OneDrive\\\\Documentos\\\\NeuroAds\\\\LP\\\\dataconnect\": could not find dataconnect.yaml in `c:\\Users\\claud\\OneDrive\\Documentos\\NeuroAds\\LP\\dataconnect`\n"}}
[debug] [2026-05-06T10:13:16.118Z] E0506 07:13:16.108298   15908 watch.go:40] Failed to load config from "c:\\Users\\claud\\OneDrive\\Documentos\\NeuroAds\\LP\\dataconnect": could not find dataconnect.yaml in `c:\Users\claud\OneDrive\Documentos\NeuroAds\LP\dataconnect`
 {"metadata":{"emulator":{"name":"dataconnect"},"message":"E0506 07:13:16.108298   15908 watch.go:40] Failed to load config from \"c:\\\\Users\\\\claud\\\\OneDrive\\\\Documentos\\\\NeuroAds\\\\LP\\\\dataconnect\": could not find dataconnect.yaml in `c:\\Users\\claud\\OneDrive\\Documentos\\NeuroAds\\LP\\dataconnect`\n"}}
[debug] [2026-05-06T10:13:26.144Z] E0506 07:13:26.108061   15908 watch.go:40] Failed to load config from "c:\\Users\\claud\\OneDrive\\Documentos\\NeuroAds\\LP\\dataconnect": could not find dataconnect.yaml in `c:\Users\claud\OneDrive\Documentos\NeuroAds\LP\dataconnect`
 {"metadata":{"emulator":{"name":"dataconnect"},"message":"E0506 07:13:26.108061   15908 watch.go:40] Failed to load config from \"c:\\\\Users\\\\claud\\\\OneDrive\\\\Documentos\\\\NeuroAds\\\\LP\\\\dataconnect\": could not find dataconnect.yaml in `c:\\Users\\claud\\OneDrive\\Documentos\\NeuroAds\\LP\\dataconnect`\n"}}
[debug] [2026-05-06T10:13:36.109Z] E0506 07:13:36.108452   15908 watch.go:40] Failed to load config from "c:\\Users\\claud\\OneDrive\\Documentos\\NeuroAds\\LP\\dataconnect": could not find dataconnect.yaml in `c:\Users\claud\OneDrive\Documentos\NeuroAds\LP\dataconnect`
 {"metadata":{"emulator":{"name":"dataconnect"},"message":"E0506 07:13:36.108452   15908 watch.go:40] Failed to load config from \"c:\\\\Users\\\\claud\\\\OneDrive\\\\Documentos\\\\NeuroAds\\\\LP\\\\dataconnect\": could not find dataconnect.yaml in `c:\\Users\\claud\\OneDrive\\Documentos\\NeuroAds\\LP\\dataconnect`\n"}}
[debug] [2026-05-06T10:13:46.114Z] E0506 07:13:46.108587   15908 watch.go:40] Failed to load config from "c:\\Users\\claud\\OneDrive\\Documentos\\NeuroAds\\LP\\dataconnect": could not find dataconnect.yaml in `c:\Users\claud\OneDrive\Documentos\NeuroAds\LP\dataconnect`
 {"metadata":{"emulator":{"name":"dataconnect"},"message":"E0506 07:13:46.108587   15908 watch.go:40] Failed to load config from \"c:\\\\Users\\\\claud\\\\OneDrive\\\\Documentos\\\\NeuroAds\\\\LP\\\\dataconnect\": could not find dataconnect.yaml in `c:\\Users\\claud\\OneDrive\\Documentos\\NeuroAds\\LP\\dataconnect`\n"}}
[debug] [2026-05-06T10:13:56.109Z] E0506 07:13:56.108514   15908 watch.go:40] Failed to load config from "c:\\Users\\claud\\OneDrive\\Documentos\\NeuroAds\\LP\\dataconnect": could not find dataconnect.yaml in `c:\Users\claud\OneDrive\Documentos\NeuroAds\LP\dataconnect`
 {"metadata":{"emulator":{"name":"dataconnect"},"message":"E0506 07:13:56.108514   15908 watch.go:40] Failed to load config from \"c:\\\\Users\\\\claud\\\\OneDrive\\\\Documentos\\\\NeuroAds\\\\LP\\\\dataconnect\": could not find dataconnect.yaml in `c:\\Users\\claud\\OneDrive\\Documentos\\NeuroAds\\LP\\dataconnect`\n"}}
[debug] [2026-05-06T10:14:06.120Z] E0506 07:14:06.108058   15908 watch.go:116] watchAllDir unable to walk dir `c:\Users\claud\OneDrive\Documentos\NeuroAds\LP\dataconnect`: GetFileAttributesEx c:\Users\claud\OneDrive\Documentos\NeuroAds\LP\dataconnect: The system cannot find the file specified.
E0506 07:14:06.108058   15908 watch.go:40] Failed to load config from "c:\\Users\\claud\\OneDrive\\Documentos\\NeuroAds\\LP\\dataconnect": could not find dataconnect.yaml in `c:\Users\claud\OneDrive\Documentos\NeuroAds\LP\dataconnect`
 {"metadata":{"emulator":{"name":"dataconnect"},"message":"E0506 07:14:06.108058   15908 watch.go:116] watchAllDir unable to walk dir `c:\\Users\\claud\\OneDrive\\Documentos\\NeuroAds\\LP\\dataconnect`: GetFileAttributesEx c:\\Users\\claud\\OneDrive\\Documentos\\NeuroAds\\LP\\dataconnect: The system cannot find the file specified.\nE0506 07:14:06.108058   15908 watch.go:40] Failed to load config from \"c:\\\\Users\\\\claud\\\\OneDrive\\\\Documentos\\\\NeuroAds\\\\LP\\\\dataconnect\": could not find dataconnect.yaml in `c:\\Users\\claud\\OneDrive\\Documentos\\NeuroAds\\LP\\dataconnect`\n"}}
[debug] [2026-05-06T10:14:16.126Z] E0506 07:14:16.108084   15908 watch.go:40] Failed to load config from "c:\\Users\\claud\\OneDrive\\Documentos\\NeuroAds\\LP\\dataconnect": could not find dataconnect.yaml in `c:\Users\claud\OneDrive\Documentos\NeuroAds\LP\dataconnect`
 {"metadata":{"emulator":{"name":"dataconnect"},"message":"E0506 07:14:16.108084   15908 watch.go:40] Failed to load config from \"c:\\\\Users\\\\claud\\\\OneDrive\\\\Documentos\\\\NeuroAds\\\\LP\\\\dataconnect\": could not find dataconnect.yaml in `c:\\Users\\claud\\OneDrive\\Documentos\\NeuroAds\\LP\\dataconnect`\n"}}
[debug] [2026-05-06T10:14:26.129Z] E0506 07:14:26.108304   15908 watch.go:40] Failed to load config from "c:\\Users\\claud\\OneDrive\\Documentos\\NeuroAds\\LP\\dataconnect": could not find dataconnect.yaml in `c:\Users\claud\OneDrive\Documentos\NeuroAds\LP\dataconnect`
 {"metadata":{"emulator":{"name":"dataconnect"},"message":"E0506 07:14:26.108304   15908 watch.go:40] Failed to load config from \"c:\\\\Users\\\\claud\\\\OneDrive\\\\Documentos\\\\NeuroAds\\\\LP\\\\dataconnect\": could not find dataconnect.yaml in `c:\\Users\\claud\\OneDrive\\Documentos\\NeuroAds\\LP\\dataconnect`\n"}}
[debug] [2026-05-06T10:14:36.144Z] E0506 07:14:36.108441   15908 watch.go:40] Failed to load config from "c:\\Users\\claud\\OneDrive\\Documentos\\NeuroAds\\LP\\dataconnect": could not find dataconnect.yaml in `c:\Users\claud\OneDrive\Documentos\NeuroAds\LP\dataconnect`
 {"metadata":{"emulator":{"name":"dataconnect"},"message":"E0506 07:14:36.108441   15908 watch.go:40] Failed to load config from \"c:\\\\Users\\\\claud\\\\OneDrive\\\\Documentos\\\\NeuroAds\\\\LP\\\\dataconnect\": could not find dataconnect.yaml in `c:\\Users\\claud\\OneDrive\\Documentos\\NeuroAds\\LP\\dataconnect`\n"}}
[debug] [2026-05-06T10:14:46.117Z] E0506 07:14:46.108360   15908 watch.go:40] Failed to load config from "c:\\Users\\claud\\OneDrive\\Documentos\\NeuroAds\\LP\\dataconnect": could not find dataconnect.yaml in `c:\Users\claud\OneDrive\Documentos\NeuroAds\LP\dataconnect`
 {"metadata":{"emulator":{"name":"dataconnect"},"message":"E0506 07:14:46.108360   15908 watch.go:40] Failed to load config from \"c:\\\\Users\\\\claud\\\\OneDrive\\\\Documentos\\\\NeuroAds\\\\LP\\\\dataconnect\": could not find dataconnect.yaml in `c:\\Users\\claud\\OneDrive\\Documentos\\NeuroAds\\LP\\dataconnect`\n"}}
[debug] [2026-05-06T10:14:56.147Z] E0506 07:14:56.108186   15908 watch.go:40] Failed to load config from "c:\\Users\\claud\\OneDrive\\Documentos\\NeuroAds\\LP\\dataconnect": could not find dataconnect.yaml in `c:\Users\claud\OneDrive\Documentos\NeuroAds\LP\dataconnect`
 {"metadata":{"emulator":{"name":"dataconnect"},"message":"E0506 07:14:56.108186   15908 watch.go:40] Failed to load config from \"c:\\\\Users\\\\claud\\\\OneDrive\\\\Documentos\\\\NeuroAds\\\\LP\\\\dataconnect\": could not find dataconnect.yaml in `c:\\Users\\claud\\OneDrive\\Documentos\\NeuroAds\\LP\\dataconnect`\n"}}
[debug] [2026-05-06T10:15:06.135Z] E0506 07:15:06.108425   15908 watch.go:116] watchAllDir unable to walk dir `c:\Users\claud\OneDrive\Documentos\NeuroAds\LP\dataconnect`: GetFileAttributesEx c:\Users\claud\OneDrive\Documentos\NeuroAds\LP\dataconnect: The system cannot find the file specified.
E0506 07:15:06.108425   15908 watch.go:40] Failed to load config from "c:\\Users\\claud\\OneDrive\\Documentos\\NeuroAds\\LP\\dataconnect": could not find dataconnect.yaml in `c:\Users\claud\OneDrive\Documentos\NeuroAds\LP\dataconnect`
 {"metadata":{"emulator":{"name":"dataconnect"},"message":"E0506 07:15:06.108425   15908 watch.go:116] watchAllDir unable to walk dir `c:\\Users\\claud\\OneDrive\\Documentos\\NeuroAds\\LP\\dataconnect`: GetFileAttributesEx c:\\Users\\claud\\OneDrive\\Documentos\\NeuroAds\\LP\\dataconnect: The system cannot find the file specified.\nE0506 07:15:06.108425   15908 watch.go:40] Failed to load config from \"c:\\\\Users\\\\claud\\\\OneDrive\\\\Documentos\\\\NeuroAds\\\\LP\\\\dataconnect\": could not find dataconnect.yaml in `c:\\Users\\claud\\OneDrive\\Documentos\\NeuroAds\\LP\\dataconnect`\n"}}
[debug] [2026-05-06T10:15:16.393Z] E0506 07:15:16.108798   15908 watch.go:40] Failed to load config from "c:\\Users\\claud\\OneDrive\\Documentos\\NeuroAds\\LP\\dataconnect": could not find dataconnect.yaml in `c:\Users\claud\OneDrive\Documentos\NeuroAds\LP\dataconnect`
 {"metadata":{"emulator":{"name":"dataconnect"},"message":"E0506 07:15:16.108798   15908 watch.go:40] Failed to load config from \"c:\\\\Users\\\\claud\\\\OneDrive\\\\Documentos\\\\NeuroAds\\\\LP\\\\dataconnect\": could not find dataconnect.yaml in `c:\\Users\\claud\\OneDrive\\Documentos\\NeuroAds\\LP\\dataconnect`\n"}}
[debug] [2026-05-06T10:15:26.130Z] E0506 07:15:26.108259   15908 watch.go:40] Failed to load config from "c:\\Users\\claud\\OneDrive\\Documentos\\NeuroAds\\LP\\dataconnect": could not find dataconnect.yaml in `c:\Users\claud\OneDrive\Documentos\NeuroAds\LP\dataconnect`
 {"metadata":{"emulator":{"name":"dataconnect"},"message":"E0506 07:15:26.108259   15908 watch.go:40] Failed to load config from \"c:\\\\Users\\\\claud\\\\OneDrive\\\\Documentos\\\\NeuroAds\\\\LP\\\\dataconnect\": could not find dataconnect.yaml in `c:\\Users\\claud\\OneDrive\\Documentos\\NeuroAds\\LP\\dataconnect`\n"}}
[debug] [2026-05-06T10:15:36.119Z] E0506 07:15:36.108274   15908 watch.go:40] Failed to load config from "c:\\Users\\claud\\OneDrive\\Documentos\\NeuroAds\\LP\\dataconnect": could not find dataconnect.yaml in `c:\Users\claud\OneDrive\Documentos\NeuroAds\LP\dataconnect`
 {"metadata":{"emulator":{"name":"dataconnect"},"message":"E0506 07:15:36.108274   15908 watch.go:40] Failed to load config from \"c:\\\\Users\\\\claud\\\\OneDrive\\\\Documentos\\\\NeuroAds\\\\LP\\\\dataconnect\": could not find dataconnect.yaml in `c:\\Users\\claud\\OneDrive\\Documentos\\NeuroAds\\LP\\dataconnect`\n"}}
[debug] [2026-05-06T10:15:46.143Z] E0506 07:15:46.108010   15908 watch.go:40] Failed to load config from "c:\\Users\\claud\\OneDrive\\Documentos\\NeuroAds\\LP\\dataconnect": could not find dataconnect.yaml in `c:\Users\claud\OneDrive\Documentos\NeuroAds\LP\dataconnect`
 {"metadata":{"emulator":{"name":"dataconnect"},"message":"E0506 07:15:46.108010   15908 watch.go:40] Failed to load config from \"c:\\\\Users\\\\claud\\\\OneDrive\\\\Documentos\\\\NeuroAds\\\\LP\\\\dataconnect\": could not find dataconnect.yaml in `c:\\Users\\claud\\OneDrive\\Documentos\\NeuroAds\\LP\\dataconnect`\n"}}
[debug] [2026-05-06T10:15:56.115Z] E0506 07:15:56.109003   15908 watch.go:40] Failed to load config from "c:\\Users\\claud\\OneDrive\\Documentos\\NeuroAds\\LP\\dataconnect": could not find dataconnect.yaml in `c:\Users\claud\OneDrive\Documentos\NeuroAds\LP\dataconnect`
 {"metadata":{"emulator":{"name":"dataconnect"},"message":"E0506 07:15:56.109003   15908 watch.go:40] Failed to load config from \"c:\\\\Users\\\\claud\\\\OneDrive\\\\Documentos\\\\NeuroAds\\\\LP\\\\dataconnect\": could not find dataconnect.yaml in `c:\\Users\\claud\\OneDrive\\Documentos\\NeuroAds\\LP\\dataconnect`\n"}}
[debug] [2026-05-06T10:16:06.137Z] E0506 07:16:06.108141   15908 watch.go:116] watchAllDir unable to walk dir `c:\Users\claud\OneDrive\Documentos\NeuroAds\LP\dataconnect`: GetFileAttributesEx c:\Users\claud\OneDrive\Documentos\NeuroAds\LP\dataconnect: The system cannot find the file specified.
E0506 07:16:06.108141   15908 watch.go:40] Failed to load config from "c:\\Users\\claud\\OneDrive\\Documentos\\NeuroAds\\LP\\dataconnect": could not find dataconnect.yaml in `c:\Users\claud\OneDrive\Documentos\NeuroAds\LP\dataconnect`
 {"metadata":{"emulator":{"name":"dataconnect"},"message":"E0506 07:16:06.108141   15908 watch.go:116] watchAllDir unable to walk dir `c:\\Users\\claud\\OneDrive\\Documentos\\NeuroAds\\LP\\dataconnect`: GetFileAttributesEx c:\\Users\\claud\\OneDrive\\Documentos\\NeuroAds\\LP\\dataconnect: The system cannot find the file specified.\nE0506 07:16:06.108141   15908 watch.go:40] Failed to load config from \"c:\\\\Users\\\\claud\\\\OneDrive\\\\Documentos\\\\NeuroAds\\\\LP\\\\dataconnect\": could not find dataconnect.yaml in `c:\\Users\\claud\\OneDrive\\Documentos\\NeuroAds\\LP\\dataconnect`\n"}}
[debug] [2026-05-06T10:16:16.132Z] E0506 07:16:16.108241   15908 watch.go:40] Failed to load config from "c:\\Users\\claud\\OneDrive\\Documentos\\NeuroAds\\LP\\dataconnect": could not find dataconnect.yaml in `c:\Users\claud\OneDrive\Documentos\NeuroAds\LP\dataconnect`
 {"metadata":{"emulator":{"name":"dataconnect"},"message":"E0506 07:16:16.108241   15908 watch.go:40] Failed to load config from \"c:\\\\Users\\\\claud\\\\OneDrive\\\\Documentos\\\\NeuroAds\\\\LP\\\\dataconnect\": could not find dataconnect.yaml in `c:\\Users\\claud\\OneDrive\\Documentos\\NeuroAds\\LP\\dataconnect`\n"}}
[debug] [2026-05-06T10:16:26.130Z] E0506 07:16:26.108574   15908 watch.go:40] Failed to load config from "c:\\Users\\claud\\OneDrive\\Documentos\\NeuroAds\\LP\\dataconnect": could not find dataconnect.yaml in `c:\Users\claud\OneDrive\Documentos\NeuroAds\LP\dataconnect`
 {"metadata":{"emulator":{"name":"dataconnect"},"message":"E0506 07:16:26.108574   15908 watch.go:40] Failed to load config from \"c:\\\\Users\\\\claud\\\\OneDrive\\\\Documentos\\\\NeuroAds\\\\LP\\\\dataconnect\": could not find dataconnect.yaml in `c:\\Users\\claud\\OneDrive\\Documentos\\NeuroAds\\LP\\dataconnect`\n"}}
[debug] [2026-05-06T10:16:36.120Z] E0506 07:16:36.107968   15908 watch.go:40] Failed to load config from "c:\\Users\\claud\\OneDrive\\Documentos\\NeuroAds\\LP\\dataconnect": could not find dataconnect.yaml in `c:\Users\claud\OneDrive\Documentos\NeuroAds\LP\dataconnect`
 {"metadata":{"emulator":{"name":"dataconnect"},"message":"E0506 07:16:36.107968   15908 watch.go:40] Failed to load config from \"c:\\\\Users\\\\claud\\\\OneDrive\\\\Documentos\\\\NeuroAds\\\\LP\\\\dataconnect\": could not find dataconnect.yaml in `c:\\Users\\claud\\OneDrive\\Documentos\\NeuroAds\\LP\\dataconnect`\n"}}
[debug] [2026-05-06T10:16:46.144Z] E0506 07:16:46.108257   15908 watch.go:40] Failed to load config from "c:\\Users\\claud\\OneDrive\\Documentos\\NeuroAds\\LP\\dataconnect": could not find dataconnect.yaml in `c:\Users\claud\OneDrive\Documentos\NeuroAds\LP\dataconnect`
 {"metadata":{"emulator":{"name":"dataconnect"},"message":"E0506 07:16:46.108257   15908 watch.go:40] Failed to load config from \"c:\\\\Users\\\\claud\\\\OneDrive\\\\Documentos\\\\NeuroAds\\\\LP\\\\dataconnect\": could not find dataconnect.yaml in `c:\\Users\\claud\\OneDrive\\Documentos\\NeuroAds\\LP\\dataconnect`\n"}}
[debug] [2026-05-06T10:16:56.119Z] E0506 07:16:56.108038   15908 watch.go:40] Failed to load config from "c:\\Users\\claud\\OneDrive\\Documentos\\NeuroAds\\LP\\dataconnect": could not find dataconnect.yaml in `c:\Users\claud\OneDrive\Documentos\NeuroAds\LP\dataconnect`
 {"metadata":{"emulator":{"name":"dataconnect"},"message":"E0506 07:16:56.108038   15908 watch.go:40] Failed to load config from \"c:\\\\Users\\\\claud\\\\OneDrive\\\\Documentos\\\\NeuroAds\\\\LP\\\\dataconnect\": could not find dataconnect.yaml in `c:\\Users\\claud\\OneDrive\\Documentos\\NeuroAds\\LP\\dataconnect`\n"}}
[debug] [2026-05-06T10:17:06.137Z] E0506 07:17:06.108360   15908 watch.go:116] watchAllDir unable to walk dir `c:\Users\claud\OneDrive\Documentos\NeuroAds\LP\dataconnect`: GetFileAttributesEx c:\Users\claud\OneDrive\Documentos\NeuroAds\LP\dataconnect: The system cannot find the file specified.
E0506 07:17:06.108360   15908 watch.go:40] Failed to load config from "c:\\Users\\claud\\OneDrive\\Documentos\\NeuroAds\\LP\\dataconnect": could not find dataconnect.yaml in `c:\Users\claud\OneDrive\Documentos\NeuroAds\LP\dataconnect`
 {"metadata":{"emulator":{"name":"dataconnect"},"message":"E0506 07:17:06.108360   15908 watch.go:116] watchAllDir unable to walk dir `c:\\Users\\claud\\OneDrive\\Documentos\\NeuroAds\\LP\\dataconnect`: GetFileAttributesEx c:\\Users\\claud\\OneDrive\\Documentos\\NeuroAds\\LP\\dataconnect: The system cannot find the file specified.\nE0506 07:17:06.108360   15908 watch.go:40] Failed to load config from \"c:\\\\Users\\\\claud\\\\OneDrive\\\\Documentos\\\\NeuroAds\\\\LP\\\\dataconnect\": could not find dataconnect.yaml in `c:\\Users\\claud\\OneDrive\\Documentos\\NeuroAds\\LP\\dataconnect`\n"}}
[debug] [2026-05-06T10:17:16.145Z] E0506 07:17:16.108427   15908 watch.go:40] Failed to load config from "c:\\Users\\claud\\OneDrive\\Documentos\\NeuroAds\\LP\\dataconnect": could not find dataconnect.yaml in `c:\Users\claud\OneDrive\Documentos\NeuroAds\LP\dataconnect`
 {"metadata":{"emulator":{"name":"dataconnect"},"message":"E0506 07:17:16.108427   15908 watch.go:40] Failed to load config from \"c:\\\\Users\\\\claud\\\\OneDrive\\\\Documentos\\\\NeuroAds\\\\LP\\\\dataconnect\": could not find dataconnect.yaml in `c:\\Users\\claud\\OneDrive\\Documentos\\NeuroAds\\LP\\dataconnect`\n"}}
[debug] [2026-05-06T10:17:26.124Z] E0506 07:17:26.108238   15908 watch.go:40] Failed to load config from "c:\\Users\\claud\\OneDrive\\Documentos\\NeuroAds\\LP\\dataconnect": could not find dataconnect.yaml in `c:\Users\claud\OneDrive\Documentos\NeuroAds\LP\dataconnect`
 {"metadata":{"emulator":{"name":"dataconnect"},"message":"E0506 07:17:26.108238   15908 watch.go:40] Failed to load config from \"c:\\\\Users\\\\claud\\\\OneDrive\\\\Documentos\\\\NeuroAds\\\\LP\\\\dataconnect\": could not find dataconnect.yaml in `c:\\Users\\claud\\OneDrive\\Documentos\\NeuroAds\\LP\\dataconnect`\n"}}
[debug] [2026-05-06T10:17:36.122Z] E0506 07:17:36.108268   15908 watch.go:40] Failed to load config from "c:\\Users\\claud\\OneDrive\\Documentos\\NeuroAds\\LP\\dataconnect": could not find dataconnect.yaml in `c:\Users\claud\OneDrive\Documentos\NeuroAds\LP\dataconnect`
 {"metadata":{"emulator":{"name":"dataconnect"},"message":"E0506 07:17:36.108268   15908 watch.go:40] Failed to load config from \"c:\\\\Users\\\\claud\\\\OneDrive\\\\Documentos\\\\NeuroAds\\\\LP\\\\dataconnect\": could not find dataconnect.yaml in `c:\\Users\\claud\\OneDrive\\Documentos\\NeuroAds\\LP\\dataconnect`\n"}}
[debug] [2026-05-06T10:17:46.112Z] E0506 07:17:46.108213   15908 watch.go:40] Failed to load config from "c:\\Users\\claud\\OneDrive\\Documentos\\NeuroAds\\LP\\dataconnect": could not find dataconnect.yaml in `c:\Users\claud\OneDrive\Documentos\NeuroAds\LP\dataconnect`
 {"metadata":{"emulator":{"name":"dataconnect"},"message":"E0506 07:17:46.108213   15908 watch.go:40] Failed to load config from \"c:\\\\Users\\\\claud\\\\OneDrive\\\\Documentos\\\\NeuroAds\\\\LP\\\\dataconnect\": could not find dataconnect.yaml in `c:\\Users\\claud\\OneDrive\\Documentos\\NeuroAds\\LP\\dataconnect`\n"}}
[debug] [2026-05-06T10:17:56.123Z] E0506 07:17:56.107933   15908 watch.go:40] Failed to load config from "c:\\Users\\claud\\OneDrive\\Documentos\\NeuroAds\\LP\\dataconnect": could not find dataconnect.yaml in `c:\Users\claud\OneDrive\Documentos\NeuroAds\LP\dataconnect`
 {"metadata":{"emulator":{"name":"dataconnect"},"message":"E0506 07:17:56.107933   15908 watch.go:40] Failed to load config from \"c:\\\\Users\\\\claud\\\\OneDrive\\\\Documentos\\\\NeuroAds\\\\LP\\\\dataconnect\": could not find dataconnect.yaml in `c:\\Users\\claud\\OneDrive\\Documentos\\NeuroAds\\LP\\dataconnect`\n"}}
[debug] [2026-05-06T10:18:06.146Z] E0506 07:18:06.107996   15908 watch.go:116] watchAllDir unable to walk dir `c:\Users\claud\OneDrive\Documentos\NeuroAds\LP\dataconnect`: GetFileAttributesEx c:\Users\claud\OneDrive\Documentos\NeuroAds\LP\dataconnect: The system cannot find the file specified.
E0506 07:18:06.107996   15908 watch.go:40] Failed to load config from "c:\\Users\\claud\\OneDrive\\Documentos\\NeuroAds\\LP\\dataconnect": could not find dataconnect.yaml in `c:\Users\claud\OneDrive\Documentos\NeuroAds\LP\dataconnect`
 {"metadata":{"emulator":{"name":"dataconnect"},"message":"E0506 07:18:06.107996   15908 watch.go:116] watchAllDir unable to walk dir `c:\\Users\\claud\\OneDrive\\Documentos\\NeuroAds\\LP\\dataconnect`: GetFileAttributesEx c:\\Users\\claud\\OneDrive\\Documentos\\NeuroAds\\LP\\dataconnect: The system cannot find the file specified.\nE0506 07:18:06.107996   15908 watch.go:40] Failed to load config from \"c:\\\\Users\\\\claud\\\\OneDrive\\\\Documentos\\\\NeuroAds\\\\LP\\\\dataconnect\": could not find dataconnect.yaml in `c:\\Users\\claud\\OneDrive\\Documentos\\NeuroAds\\LP\\dataconnect`\n"}}
[debug] [2026-05-06T10:18:16.107Z] E0506 07:18:16.108203   15908 watch.go:40] Failed to load config from "c:\\Users\\claud\\OneDrive\\Documentos\\NeuroAds\\LP\\dataconnect": could not find dataconnect.yaml in `c:\Users\claud\OneDrive\Documentos\NeuroAds\LP\dataconnect`
 {"metadata":{"emulator":{"name":"dataconnect"},"message":"E0506 07:18:16.108203   15908 watch.go:40] Failed to load config from \"c:\\\\Users\\\\claud\\\\OneDrive\\\\Documentos\\\\NeuroAds\\\\LP\\\\dataconnect\": could not find dataconnect.yaml in `c:\\Users\\claud\\OneDrive\\Documentos\\NeuroAds\\LP\\dataconnect`\n"}}
[debug] [2026-05-06T10:18:26.109Z] E0506 07:18:26.108151   15908 watch.go:40] Failed to load config from "c:\\Users\\claud\\OneDrive\\Documentos\\NeuroAds\\LP\\dataconnect": could not find dataconnect.yaml in `c:\Users\claud\OneDrive\Documentos\NeuroAds\LP\dataconnect`
 {"metadata":{"emulator":{"name":"dataconnect"},"message":"E0506 07:18:26.108151   15908 watch.go:40] Failed to load config from \"c:\\\\Users\\\\claud\\\\OneDrive\\\\Documentos\\\\NeuroAds\\\\LP\\\\dataconnect\": could not find dataconnect.yaml in `c:\\Users\\claud\\OneDrive\\Documentos\\NeuroAds\\LP\\dataconnect`\n"}}
[debug] [2026-05-06T10:18:36.110Z] E0506 07:18:36.108290   15908 watch.go:40] Failed to load config from "c:\\Users\\claud\\OneDrive\\Documentos\\NeuroAds\\LP\\dataconnect": could not find dataconnect.yaml in `c:\Users\claud\OneDrive\Documentos\NeuroAds\LP\dataconnect`
 {"metadata":{"emulator":{"name":"dataconnect"},"message":"E0506 07:18:36.108290   15908 watch.go:40] Failed to load config from \"c:\\\\Users\\\\claud\\\\OneDrive\\\\Documentos\\\\NeuroAds\\\\LP\\\\dataconnect\": could not find dataconnect.yaml in `c:\\Users\\claud\\OneDrive\\Documentos\\NeuroAds\\LP\\dataconnect`\n"}}
[debug] [2026-05-06T10:18:46.116Z] E0506 07:18:46.108246   15908 watch.go:40] Failed to load config from "c:\\Users\\claud\\OneDrive\\Documentos\\NeuroAds\\LP\\dataconnect": could not find dataconnect.yaml in `c:\Users\claud\OneDrive\Documentos\NeuroAds\LP\dataconnect`
 {"metadata":{"emulator":{"name":"dataconnect"},"message":"E0506 07:18:46.108246   15908 watch.go:40] Failed to load config from \"c:\\\\Users\\\\claud\\\\OneDrive\\\\Documentos\\\\NeuroAds\\\\LP\\\\dataconnect\": could not find dataconnect.yaml in `c:\\Users\\claud\\OneDrive\\Documentos\\NeuroAds\\LP\\dataconnect`\n"}}
[debug] [2026-05-06T10:18:56.107Z] E0506 07:18:56.108397   15908 watch.go:40] Failed to load config from "c:\\Users\\claud\\OneDrive\\Documentos\\NeuroAds\\LP\\dataconnect": could not find dataconnect.yaml in `c:\Users\claud\OneDrive\Documentos\NeuroAds\LP\dataconnect`
 {"metadata":{"emulator":{"name":"dataconnect"},"message":"E0506 07:18:56.108397   15908 watch.go:40] Failed to load config from \"c:\\\\Users\\\\claud\\\\OneDrive\\\\Documentos\\\\NeuroAds\\\\LP\\\\dataconnect\": could not find dataconnect.yaml in `c:\\Users\\claud\\OneDrive\\Documentos\\NeuroAds\\LP\\dataconnect`\n"}}
[debug] [2026-05-06T10:19:06.124Z] E0506 07:19:06.108291   15908 watch.go:116] watchAllDir unable to walk dir `c:\Users\claud\OneDrive\Documentos\NeuroAds\LP\dataconnect`: GetFileAttributesEx c:\Users\claud\OneDrive\Documentos\NeuroAds\LP\dataconnect: The system cannot find the file specified.
E0506 07:19:06.108291   15908 watch.go:40] Failed to load config from "c:\\Users\\claud\\OneDrive\\Documentos\\NeuroAds\\LP\\dataconnect": could not find dataconnect.yaml in `c:\Users\claud\OneDrive\Documentos\NeuroAds\LP\dataconnect`
 {"metadata":{"emulator":{"name":"dataconnect"},"message":"E0506 07:19:06.108291   15908 watch.go:116] watchAllDir unable to walk dir `c:\\Users\\claud\\OneDrive\\Documentos\\NeuroAds\\LP\\dataconnect`: GetFileAttributesEx c:\\Users\\claud\\OneDrive\\Documentos\\NeuroAds\\LP\\dataconnect: The system cannot find the file specified.\nE0506 07:19:06.108291   15908 watch.go:40] Failed to load config from \"c:\\\\Users\\\\claud\\\\OneDrive\\\\Documentos\\\\NeuroAds\\\\LP\\\\dataconnect\": could not find dataconnect.yaml in `c:\\Users\\claud\\OneDrive\\Documentos\\NeuroAds\\LP\\dataconnect`\n"}}
[debug] [2026-05-06T10:19:16.136Z] E0506 07:19:16.108357   15908 watch.go:40] Failed to load config from "c:\\Users\\claud\\OneDrive\\Documentos\\NeuroAds\\LP\\dataconnect": could not find dataconnect.yaml in `c:\Users\claud\OneDrive\Documentos\NeuroAds\LP\dataconnect`
 {"metadata":{"emulator":{"name":"dataconnect"},"message":"E0506 07:19:16.108357   15908 watch.go:40] Failed to load config from \"c:\\\\Users\\\\claud\\\\OneDrive\\\\Documentos\\\\NeuroAds\\\\LP\\\\dataconnect\": could not find dataconnect.yaml in `c:\\Users\\claud\\OneDrive\\Documentos\\NeuroAds\\LP\\dataconnect`\n"}}
[debug] [2026-05-06T10:19:26.139Z] E0506 07:19:26.108205   15908 watch.go:40] Failed to load config from "c:\\Users\\claud\\OneDrive\\Documentos\\NeuroAds\\LP\\dataconnect": could not find dataconnect.yaml in `c:\Users\claud\OneDrive\Documentos\NeuroAds\LP\dataconnect`
 {"metadata":{"emulator":{"name":"dataconnect"},"message":"E0506 07:19:26.108205   15908 watch.go:40] Failed to load config from \"c:\\\\Users\\\\claud\\\\OneDrive\\\\Documentos\\\\NeuroAds\\\\LP\\\\dataconnect\": could not find dataconnect.yaml in `c:\\Users\\claud\\OneDrive\\Documentos\\NeuroAds\\LP\\dataconnect`\n"}}
[debug] [2026-05-06T10:19:36.167Z] E0506 07:19:36.108362   15908 watch.go:40] Failed to load config from "c:\\Users\\claud\\OneDrive\\Documentos\\NeuroAds\\LP\\dataconnect": could not find dataconnect.yaml in `c:\Users\claud\OneDrive\Documentos\NeuroAds\LP\dataconnect`
 {"metadata":{"emulator":{"name":"dataconnect"},"message":"E0506 07:19:36.108362   15908 watch.go:40] Failed to load config from \"c:\\\\Users\\\\claud\\\\OneDrive\\\\Documentos\\\\NeuroAds\\\\LP\\\\dataconnect\": could not find dataconnect.yaml in `c:\\Users\\claud\\OneDrive\\Documentos\\NeuroAds\\LP\\dataconnect`\n"}}
[debug] [2026-05-06T10:19:46.122Z] E0506 07:19:46.108334   15908 watch.go:40] Failed to load config from "c:\\Users\\claud\\OneDrive\\Documentos\\NeuroAds\\LP\\dataconnect": could not find dataconnect.yaml in `c:\Users\claud\OneDrive\Documentos\NeuroAds\LP\dataconnect`
 {"metadata":{"emulator":{"name":"dataconnect"},"message":"E0506 07:19:46.108334   15908 watch.go:40] Failed to load config from \"c:\\\\Users\\\\claud\\\\OneDrive\\\\Documentos\\\\NeuroAds\\\\LP\\\\dataconnect\": could not find dataconnect.yaml in `c:\\Users\\claud\\OneDrive\\Documentos\\NeuroAds\\LP\\dataconnect`\n"}}
[debug] [2026-05-06T10:19:56.115Z] E0506 07:19:56.108438   15908 watch.go:40] Failed to load config from "c:\\Users\\claud\\OneDrive\\Documentos\\NeuroAds\\LP\\dataconnect": could not find dataconnect.yaml in `c:\Users\claud\OneDrive\Documentos\NeuroAds\LP\dataconnect`
 {"metadata":{"emulator":{"name":"dataconnect"},"message":"E0506 07:19:56.108438   15908 watch.go:40] Failed to load config from \"c:\\\\Users\\\\claud\\\\OneDrive\\\\Documentos\\\\NeuroAds\\\\LP\\\\dataconnect\": could not find dataconnect.yaml in `c:\\Users\\claud\\OneDrive\\Documentos\\NeuroAds\\LP\\dataconnect`\n"}}
[debug] [2026-05-06T10:20:06.145Z] E0506 07:20:06.108099   15908 watch.go:116] watchAllDir unable to walk dir `c:\Users\claud\OneDrive\Documentos\NeuroAds\LP\dataconnect`: GetFileAttributesEx c:\Users\claud\OneDrive\Documentos\NeuroAds\LP\dataconnect: The system cannot find the file specified.
E0506 07:20:06.108099   15908 watch.go:40] Failed to load config from "c:\\Users\\claud\\OneDrive\\Documentos\\NeuroAds\\LP\\dataconnect": could not find dataconnect.yaml in `c:\Users\claud\OneDrive\Documentos\NeuroAds\LP\dataconnect`
 {"metadata":{"emulator":{"name":"dataconnect"},"message":"E0506 07:20:06.108099   15908 watch.go:116] watchAllDir unable to walk dir `c:\\Users\\claud\\OneDrive\\Documentos\\NeuroAds\\LP\\dataconnect`: GetFileAttributesEx c:\\Users\\claud\\OneDrive\\Documentos\\NeuroAds\\LP\\dataconnect: The system cannot find the file specified.\nE0506 07:20:06.108099   15908 watch.go:40] Failed to load config from \"c:\\\\Users\\\\claud\\\\OneDrive\\\\Documentos\\\\NeuroAds\\\\LP\\\\dataconnect\": could not find dataconnect.yaml in `c:\\Users\\claud\\OneDrive\\Documentos\\NeuroAds\\LP\\dataconnect`\n"}}
[debug] [2026-05-06T10:20:16.111Z] E0506 07:20:16.108696   15908 watch.go:40] Failed to load config from "c:\\Users\\claud\\OneDrive\\Documentos\\NeuroAds\\LP\\dataconnect": could not find dataconnect.yaml in `c:\Users\claud\OneDrive\Documentos\NeuroAds\LP\dataconnect`
 {"metadata":{"emulator":{"name":"dataconnect"},"message":"E0506 07:20:16.108696   15908 watch.go:40] Failed to load config from \"c:\\\\Users\\\\claud\\\\OneDrive\\\\Documentos\\\\NeuroAds\\\\LP\\\\dataconnect\": could not find dataconnect.yaml in `c:\\Users\\claud\\OneDrive\\Documentos\\NeuroAds\\LP\\dataconnect`\n"}}
[debug] [2026-05-06T10:20:26.115Z] E0506 07:20:26.108411   15908 watch.go:40] Failed to load config from "c:\\Users\\claud\\OneDrive\\Documentos\\NeuroAds\\LP\\dataconnect": could not find dataconnect.yaml in `c:\Users\claud\OneDrive\Documentos\NeuroAds\LP\dataconnect`
 {"metadata":{"emulator":{"name":"dataconnect"},"message":"E0506 07:20:26.108411   15908 watch.go:40] Failed to load config from \"c:\\\\Users\\\\claud\\\\OneDrive\\\\Documentos\\\\NeuroAds\\\\LP\\\\dataconnect\": could not find dataconnect.yaml in `c:\\Users\\claud\\OneDrive\\Documentos\\NeuroAds\\LP\\dataconnect`\n"}}
[debug] [2026-05-06T10:20:36.538Z] E0506 07:20:36.108634   15908 watch.go:40] Failed to load config from "c:\\Users\\claud\\OneDrive\\Documentos\\NeuroAds\\LP\\dataconnect": could not find dataconnect.yaml in `c:\Users\claud\OneDrive\Documentos\NeuroAds\LP\dataconnect`
 {"metadata":{"emulator":{"name":"dataconnect"},"message":"E0506 07:20:36.108634   15908 watch.go:40] Failed to load config from \"c:\\\\Users\\\\claud\\\\OneDrive\\\\Documentos\\\\NeuroAds\\\\LP\\\\dataconnect\": could not find dataconnect.yaml in `c:\\Users\\claud\\OneDrive\\Documentos\\NeuroAds\\LP\\dataconnect`\n"}}
[debug] [2026-05-06T10:20:46.120Z] E0506 07:20:46.108485   15908 watch.go:40] Failed to load config from "c:\\Users\\claud\\OneDrive\\Documentos\\NeuroAds\\LP\\dataconnect": could not find dataconnect.yaml in `c:\Users\claud\OneDrive\Documentos\NeuroAds\LP\dataconnect`
 {"metadata":{"emulator":{"name":"dataconnect"},"message":"E0506 07:20:46.108485   15908 watch.go:40] Failed to load config from \"c:\\\\Users\\\\claud\\\\OneDrive\\\\Documentos\\\\NeuroAds\\\\LP\\\\dataconnect\": could not find dataconnect.yaml in `c:\\Users\\claud\\OneDrive\\Documentos\\NeuroAds\\LP\\dataconnect`\n"}}
[debug] [2026-05-06T10:20:56.117Z] E0506 07:20:56.108283   15908 watch.go:40] Failed to load config from "c:\\Users\\claud\\OneDrive\\Documentos\\NeuroAds\\LP\\dataconnect": could not find dataconnect.yaml in `c:\Users\claud\OneDrive\Documentos\NeuroAds\LP\dataconnect`
 {"metadata":{"emulator":{"name":"dataconnect"},"message":"E0506 07:20:56.108283   15908 watch.go:40] Failed to load config from \"c:\\\\Users\\\\claud\\\\OneDrive\\\\Documentos\\\\NeuroAds\\\\LP\\\\dataconnect\": could not find dataconnect.yaml in `c:\\Users\\claud\\OneDrive\\Documentos\\NeuroAds\\LP\\dataconnect`\n"}}
[debug] [2026-05-06T10:21:06.133Z] E0506 07:21:06.108279   15908 watch.go:116] watchAllDir unable to walk dir `c:\Users\claud\OneDrive\Documentos\NeuroAds\LP\dataconnect`: GetFileAttributesEx c:\Users\claud\OneDrive\Documentos\NeuroAds\LP\dataconnect: The system cannot find the file specified.
E0506 07:21:06.108279   15908 watch.go:40] Failed to load config from "c:\\Users\\claud\\OneDrive\\Documentos\\NeuroAds\\LP\\dataconnect": could not find dataconnect.yaml in `c:\Users\claud\OneDrive\Documentos\NeuroAds\LP\dataconnect`
 {"metadata":{"emulator":{"name":"dataconnect"},"message":"E0506 07:21:06.108279   15908 watch.go:116] watchAllDir unable to walk dir `c:\\Users\\claud\\OneDrive\\Documentos\\NeuroAds\\LP\\dataconnect`: GetFileAttributesEx c:\\Users\\claud\\OneDrive\\Documentos\\NeuroAds\\LP\\dataconnect: The system cannot find the file specified.\nE0506 07:21:06.108279   15908 watch.go:40] Failed to load config from \"c:\\\\Users\\\\claud\\\\OneDrive\\\\Documentos\\\\NeuroAds\\\\LP\\\\dataconnect\": could not find dataconnect.yaml in `c:\\Users\\claud\\OneDrive\\Documentos\\NeuroAds\\LP\\dataconnect`\n"}}
[debug] [2026-05-06T10:21:16.148Z] E0506 07:21:16.108289   15908 watch.go:40] Failed to load config from "c:\\Users\\claud\\OneDrive\\Documentos\\NeuroAds\\LP\\dataconnect": could not find dataconnect.yaml in `c:\Users\claud\OneDrive\Documentos\NeuroAds\LP\dataconnect`
 {"metadata":{"emulator":{"name":"dataconnect"},"message":"E0506 07:21:16.108289   15908 watch.go:40] Failed to load config from \"c:\\\\Users\\\\claud\\\\OneDrive\\\\Documentos\\\\NeuroAds\\\\LP\\\\dataconnect\": could not find dataconnect.yaml in `c:\\Users\\claud\\OneDrive\\Documentos\\NeuroAds\\LP\\dataconnect`\n"}}
[debug] [2026-05-06T10:21:26.108Z] E0506 07:21:26.108305   15908 watch.go:40] Failed to load config from "c:\\Users\\claud\\OneDrive\\Documentos\\NeuroAds\\LP\\dataconnect": could not find dataconnect.yaml in `c:\Users\claud\OneDrive\Documentos\NeuroAds\LP\dataconnect`
 {"metadata":{"emulator":{"name":"dataconnect"},"message":"E0506 07:21:26.108305   15908 watch.go:40] Failed to load config from \"c:\\\\Users\\\\claud\\\\OneDrive\\\\Documentos\\\\NeuroAds\\\\LP\\\\dataconnect\": could not find dataconnect.yaml in `c:\\Users\\claud\\OneDrive\\Documentos\\NeuroAds\\LP\\dataconnect`\n"}}
[debug] [2026-05-06T10:21:36.126Z] E0506 07:21:36.108524   15908 watch.go:40] Failed to load config from "c:\\Users\\claud\\OneDrive\\Documentos\\NeuroAds\\LP\\dataconnect": could not find dataconnect.yaml in `c:\Users\claud\OneDrive\Documentos\NeuroAds\LP\dataconnect`
 {"metadata":{"emulator":{"name":"dataconnect"},"message":"E0506 07:21:36.108524   15908 watch.go:40] Failed to load config from \"c:\\\\Users\\\\claud\\\\OneDrive\\\\Documentos\\\\NeuroAds\\\\LP\\\\dataconnect\": could not find dataconnect.yaml in `c:\\Users\\claud\\OneDrive\\Documentos\\NeuroAds\\LP\\dataconnect`\n"}}
[debug] [2026-05-06T10:21:46.128Z] E0506 07:21:46.108138   15908 watch.go:40] Failed to load config from "c:\\Users\\claud\\OneDrive\\Documentos\\NeuroAds\\LP\\dataconnect": could not find dataconnect.yaml in `c:\Users\claud\OneDrive\Documentos\NeuroAds\LP\dataconnect`
 {"metadata":{"emulator":{"name":"dataconnect"},"message":"E0506 07:21:46.108138   15908 watch.go:40] Failed to load config from \"c:\\\\Users\\\\claud\\\\OneDrive\\\\Documentos\\\\NeuroAds\\\\LP\\\\dataconnect\": could not find dataconnect.yaml in `c:\\Users\\claud\\OneDrive\\Documentos\\NeuroAds\\LP\\dataconnect`\n"}}
[debug] [2026-05-06T10:21:56.145Z] E0506 07:21:56.108180   15908 watch.go:40] Failed to load config from "c:\\Users\\claud\\OneDrive\\Documentos\\NeuroAds\\LP\\dataconnect": could not find dataconnect.yaml in `c:\Users\claud\OneDrive\Documentos\NeuroAds\LP\dataconnect`
 {"metadata":{"emulator":{"name":"dataconnect"},"message":"E0506 07:21:56.108180   15908 watch.go:40] Failed to load config from \"c:\\\\Users\\\\claud\\\\OneDrive\\\\Documentos\\\\NeuroAds\\\\LP\\\\dataconnect\": could not find dataconnect.yaml in `c:\\Users\\claud\\OneDrive\\Documentos\\NeuroAds\\LP\\dataconnect`\n"}}
[debug] [2026-05-06T10:22:06.135Z] E0506 07:22:06.108459   15908 watch.go:116] watchAllDir unable to walk dir `c:\Users\claud\OneDrive\Documentos\NeuroAds\LP\dataconnect`: GetFileAttributesEx c:\Users\claud\OneDrive\Documentos\NeuroAds\LP\dataconnect: The system cannot find the file specified.
E0506 07:22:06.108459   15908 watch.go:40] Failed to load config from "c:\\Users\\claud\\OneDrive\\Documentos\\NeuroAds\\LP\\dataconnect": could not find dataconnect.yaml in `c:\Users\claud\OneDrive\Documentos\NeuroAds\LP\dataconnect`
 {"metadata":{"emulator":{"name":"dataconnect"},"message":"E0506 07:22:06.108459   15908 watch.go:116] watchAllDir unable to walk dir `c:\\Users\\claud\\OneDrive\\Documentos\\NeuroAds\\LP\\dataconnect`: GetFileAttributesEx c:\\Users\\claud\\OneDrive\\Documentos\\NeuroAds\\LP\\dataconnect: The system cannot find the file specified.\nE0506 07:22:06.108459   15908 watch.go:40] Failed to load config from \"c:\\\\Users\\\\claud\\\\OneDrive\\\\Documentos\\\\NeuroAds\\\\LP\\\\dataconnect\": could not find dataconnect.yaml in `c:\\Users\\claud\\OneDrive\\Documentos\\NeuroAds\\LP\\dataconnect`\n"}}
[debug] [2026-05-06T10:22:16.108Z] E0506 07:22:16.108809   15908 watch.go:40] Failed to load config from "c:\\Users\\claud\\OneDrive\\Documentos\\NeuroAds\\LP\\dataconnect": could not find dataconnect.yaml in `c:\Users\claud\OneDrive\Documentos\NeuroAds\LP\dataconnect`
 {"metadata":{"emulator":{"name":"dataconnect"},"message":"E0506 07:22:16.108809   15908 watch.go:40] Failed to load config from \"c:\\\\Users\\\\claud\\\\OneDrive\\\\Documentos\\\\NeuroAds\\\\LP\\\\dataconnect\": could not find dataconnect.yaml in `c:\\Users\\claud\\OneDrive\\Documentos\\NeuroAds\\LP\\dataconnect`\n"}}
[debug] [2026-05-06T10:22:26.108Z] E0506 07:22:26.108631   15908 watch.go:40] Failed to load config from "c:\\Users\\claud\\OneDrive\\Documentos\\NeuroAds\\LP\\dataconnect": could not find dataconnect.yaml in `c:\Users\claud\OneDrive\Documentos\NeuroAds\LP\dataconnect`
 {"metadata":{"emulator":{"name":"dataconnect"},"message":"E0506 07:22:26.108631   15908 watch.go:40] Failed to load config from \"c:\\\\Users\\\\claud\\\\OneDrive\\\\Documentos\\\\NeuroAds\\\\LP\\\\dataconnect\": could not find dataconnect.yaml in `c:\\Users\\claud\\OneDrive\\Documentos\\NeuroAds\\LP\\dataconnect`\n"}}
[debug] [2026-05-06T10:22:36.137Z] E0506 07:22:36.108364   15908 watch.go:40] Failed to load config from "c:\\Users\\claud\\OneDrive\\Documentos\\NeuroAds\\LP\\dataconnect": could not find dataconnect.yaml in `c:\Users\claud\OneDrive\Documentos\NeuroAds\LP\dataconnect`
 {"metadata":{"emulator":{"name":"dataconnect"},"message":"E0506 07:22:36.108364   15908 watch.go:40] Failed to load config from \"c:\\\\Users\\\\claud\\\\OneDrive\\\\Documentos\\\\NeuroAds\\\\LP\\\\dataconnect\": could not find dataconnect.yaml in `c:\\Users\\claud\\OneDrive\\Documentos\\NeuroAds\\LP\\dataconnect`\n"}}
[debug] [2026-05-06T10:22:46.145Z] E0506 07:22:46.108336   15908 watch.go:40] Failed to load config from "c:\\Users\\claud\\OneDrive\\Documentos\\NeuroAds\\LP\\dataconnect": could not find dataconnect.yaml in `c:\Users\claud\OneDrive\Documentos\NeuroAds\LP\dataconnect`
 {"metadata":{"emulator":{"name":"dataconnect"},"message":"E0506 07:22:46.108336   15908 watch.go:40] Failed to load config from \"c:\\\\Users\\\\claud\\\\OneDrive\\\\Documentos\\\\NeuroAds\\\\LP\\\\dataconnect\": could not find dataconnect.yaml in `c:\\Users\\claud\\OneDrive\\Documentos\\NeuroAds\\LP\\dataconnect`\n"}}
[debug] [2026-05-06T10:22:56.116Z] E0506 07:22:56.116665   15908 watch.go:40] Failed to load config from "c:\\Users\\claud\\OneDrive\\Documentos\\NeuroAds\\LP\\dataconnect": could not find dataconnect.yaml in `c:\Users\claud\OneDrive\Documentos\NeuroAds\LP\dataconnect`
 {"metadata":{"emulator":{"name":"dataconnect"},"message":"E0506 07:22:56.116665   15908 watch.go:40] Failed to load config from \"c:\\\\Users\\\\claud\\\\OneDrive\\\\Documentos\\\\NeuroAds\\\\LP\\\\dataconnect\": could not find dataconnect.yaml in `c:\\Users\\claud\\OneDrive\\Documentos\\NeuroAds\\LP\\dataconnect`\n"}}
[debug] [2026-05-06T10:23:06.169Z] E0506 07:23:06.110396   15908 watch.go:116] watchAllDir unable to walk dir `c:\Users\claud\OneDrive\Documentos\NeuroAds\LP\dataconnect`: GetFileAttributesEx c:\Users\claud\OneDrive\Documentos\NeuroAds\LP\dataconnect: The system cannot find the file specified.
E0506 07:23:06.113119   15908 watch.go:40] Failed to load config from "c:\\Users\\claud\\OneDrive\\Documentos\\NeuroAds\\LP\\dataconnect": could not find dataconnect.yaml in `c:\Users\claud\OneDrive\Documentos\NeuroAds\LP\dataconnect`
 {"metadata":{"emulator":{"name":"dataconnect"},"message":"E0506 07:23:06.110396   15908 watch.go:116] watchAllDir unable to walk dir `c:\\Users\\claud\\OneDrive\\Documentos\\NeuroAds\\LP\\dataconnect`: GetFileAttributesEx c:\\Users\\claud\\OneDrive\\Documentos\\NeuroAds\\LP\\dataconnect: The system cannot find the file specified.\nE0506 07:23:06.113119   15908 watch.go:40] Failed to load config from \"c:\\\\Users\\\\claud\\\\OneDrive\\\\Documentos\\\\NeuroAds\\\\LP\\\\dataconnect\": could not find dataconnect.yaml in `c:\\Users\\claud\\OneDrive\\Documentos\\NeuroAds\\LP\\dataconnect`\n"}}
[debug] [2026-05-06T10:23:16.223Z] E0506 07:23:16.110974   15908 watch.go:40] Failed to load config from "c:\\Users\\claud\\OneDrive\\Documentos\\NeuroAds\\LP\\dataconnect": could not find dataconnect.yaml in `c:\Users\claud\OneDrive\Documentos\NeuroAds\LP\dataconnect`
 {"metadata":{"emulator":{"name":"dataconnect"},"message":"E0506 07:23:16.110974   15908 watch.go:40] Failed to load config from \"c:\\\\Users\\\\claud\\\\OneDrive\\\\Documentos\\\\NeuroAds\\\\LP\\\\dataconnect\": could not find dataconnect.yaml in `c:\\Users\\claud\\OneDrive\\Documentos\\NeuroAds\\LP\\dataconnect`\n"}}
[debug] [2026-05-06T10:23:26.122Z] E0506 07:23:26.115871   15908 watch.go:40] Failed to load config from "c:\\Users\\claud\\OneDrive\\Documentos\\NeuroAds\\LP\\dataconnect": could not find dataconnect.yaml in `c:\Users\claud\OneDrive\Documentos\NeuroAds\LP\dataconnect`
 {"metadata":{"emulator":{"name":"dataconnect"},"message":"E0506 07:23:26.115871   15908 watch.go:40] Failed to load config from \"c:\\\\Users\\\\claud\\\\OneDrive\\\\Documentos\\\\NeuroAds\\\\LP\\\\dataconnect\": could not find dataconnect.yaml in `c:\\Users\\claud\\OneDrive\\Documentos\\NeuroAds\\LP\\dataconnect`\n"}}
[debug] [2026-05-06T10:23:36.151Z] E0506 07:23:36.108880   15908 watch.go:40] Failed to load config from "c:\\Users\\claud\\OneDrive\\Documentos\\NeuroAds\\LP\\dataconnect": could not find dataconnect.yaml in `c:\Users\claud\OneDrive\Documentos\NeuroAds\LP\dataconnect`
 {"metadata":{"emulator":{"name":"dataconnect"},"message":"E0506 07:23:36.108880   15908 watch.go:40] Failed to load config from \"c:\\\\Users\\\\claud\\\\OneDrive\\\\Documentos\\\\NeuroAds\\\\LP\\\\dataconnect\": could not find dataconnect.yaml in `c:\\Users\\claud\\OneDrive\\Documentos\\NeuroAds\\LP\\dataconnect`\n"}}
[debug] [2026-05-06T10:23:46.151Z] E0506 07:23:46.108257   15908 watch.go:40] Failed to load config from "c:\\Users\\claud\\OneDrive\\Documentos\\NeuroAds\\LP\\dataconnect": could not find dataconnect.yaml in `c:\Users\claud\OneDrive\Documentos\NeuroAds\LP\dataconnect`
 {"metadata":{"emulator":{"name":"dataconnect"},"message":"E0506 07:23:46.108257   15908 watch.go:40] Failed to load config from \"c:\\\\Users\\\\claud\\\\OneDrive\\\\Documentos\\\\NeuroAds\\\\LP\\\\dataconnect\": could not find dataconnect.yaml in `c:\\Users\\claud\\OneDrive\\Documentos\\NeuroAds\\LP\\dataconnect`\n"}}
[debug] [2026-05-06T10:23:56.127Z] E0506 07:23:56.108180   15908 watch.go:40] Failed to load config from "c:\\Users\\claud\\OneDrive\\Documentos\\NeuroAds\\LP\\dataconnect": could not find dataconnect.yaml in `c:\Users\claud\OneDrive\Documentos\NeuroAds\LP\dataconnect`
 {"metadata":{"emulator":{"name":"dataconnect"},"message":"E0506 07:23:56.108180   15908 watch.go:40] Failed to load config from \"c:\\\\Users\\\\claud\\\\OneDrive\\\\Documentos\\\\NeuroAds\\\\LP\\\\dataconnect\": could not find dataconnect.yaml in `c:\\Users\\claud\\OneDrive\\Documentos\\NeuroAds\\LP\\dataconnect`\n"}}
[debug] [2026-05-06T10:24:06.156Z] E0506 07:24:06.108257   15908 watch.go:116] watchAllDir unable to walk dir `c:\Users\claud\OneDrive\Documentos\NeuroAds\LP\dataconnect`: GetFileAttributesEx c:\Users\claud\OneDrive\Documentos\NeuroAds\LP\dataconnect: The system cannot find the file specified.
E0506 07:24:06.108257   15908 watch.go:40] Failed to load config from "c:\\Users\\claud\\OneDrive\\Documentos\\NeuroAds\\LP\\dataconnect": could not find dataconnect.yaml in `c:\Users\claud\OneDrive\Documentos\NeuroAds\LP\dataconnect`
 {"metadata":{"emulator":{"name":"dataconnect"},"message":"E0506 07:24:06.108257   15908 watch.go:116] watchAllDir unable to walk dir `c:\\Users\\claud\\OneDrive\\Documentos\\NeuroAds\\LP\\dataconnect`: GetFileAttributesEx c:\\Users\\claud\\OneDrive\\Documentos\\NeuroAds\\LP\\dataconnect: The system cannot find the file specified.\nE0506 07:24:06.108257   15908 watch.go:40] Failed to load config from \"c:\\\\Users\\\\claud\\\\OneDrive\\\\Documentos\\\\NeuroAds\\\\LP\\\\dataconnect\": could not find dataconnect.yaml in `c:\\Users\\claud\\OneDrive\\Documentos\\NeuroAds\\LP\\dataconnect`\n"}}
[debug] [2026-05-06T10:24:16.146Z] E0506 07:24:16.109116   15908 watch.go:40] Failed to load config from "c:\\Users\\claud\\OneDrive\\Documentos\\NeuroAds\\LP\\dataconnect": could not find dataconnect.yaml in `c:\Users\claud\OneDrive\Documentos\NeuroAds\LP\dataconnect`
 {"metadata":{"emulator":{"name":"dataconnect"},"message":"E0506 07:24:16.109116   15908 watch.go:40] Failed to load config from \"c:\\\\Users\\\\claud\\\\OneDrive\\\\Documentos\\\\NeuroAds\\\\LP\\\\dataconnect\": could not find dataconnect.yaml in `c:\\Users\\claud\\OneDrive\\Documentos\\NeuroAds\\LP\\dataconnect`\n"}}
[debug] [2026-05-06T10:24:26.138Z] E0506 07:24:26.108958   15908 watch.go:40] Failed to load config from "c:\\Users\\claud\\OneDrive\\Documentos\\NeuroAds\\LP\\dataconnect": could not find dataconnect.yaml in `c:\Users\claud\OneDrive\Documentos\NeuroAds\LP\dataconnect`
 {"metadata":{"emulator":{"name":"dataconnect"},"message":"E0506 07:24:26.108958   15908 watch.go:40] Failed to load config from \"c:\\\\Users\\\\claud\\\\OneDrive\\\\Documentos\\\\NeuroAds\\\\LP\\\\dataconnect\": could not find dataconnect.yaml in `c:\\Users\\claud\\OneDrive\\Documentos\\NeuroAds\\LP\\dataconnect`\n"}}
[debug] [2026-05-06T10:24:36.107Z] E0506 07:24:36.108864   15908 watch.go:40] Failed to load config from "c:\\Users\\claud\\OneDrive\\Documentos\\NeuroAds\\LP\\dataconnect": could not find dataconnect.yaml in `c:\Users\claud\OneDrive\Documentos\NeuroAds\LP\dataconnect`
 {"metadata":{"emulator":{"name":"dataconnect"},"message":"E0506 07:24:36.108864   15908 watch.go:40] Failed to load config from \"c:\\\\Users\\\\claud\\\\OneDrive\\\\Documentos\\\\NeuroAds\\\\LP\\\\dataconnect\": could not find dataconnect.yaml in `c:\\Users\\claud\\OneDrive\\Documentos\\NeuroAds\\LP\\dataconnect`\n"}}
[debug] [2026-05-06T10:24:46.148Z] E0506 07:24:46.108082   15908 watch.go:40] Failed to load config from "c:\\Users\\claud\\OneDrive\\Documentos\\NeuroAds\\LP\\dataconnect": could not find dataconnect.yaml in `c:\Users\claud\OneDrive\Documentos\NeuroAds\LP\dataconnect`
 {"metadata":{"emulator":{"name":"dataconnect"},"message":"E0506 07:24:46.108082   15908 watch.go:40] Failed to load config from \"c:\\\\Users\\\\claud\\\\OneDrive\\\\Documentos\\\\NeuroAds\\\\LP\\\\dataconnect\": could not find dataconnect.yaml in `c:\\Users\\claud\\OneDrive\\Documentos\\NeuroAds\\LP\\dataconnect`\n"}}
[debug] [2026-05-06T10:24:56.126Z] E0506 07:24:56.108692   15908 watch.go:40] Failed to load config from "c:\\Users\\claud\\OneDrive\\Documentos\\NeuroAds\\LP\\dataconnect": could not find dataconnect.yaml in `c:\Users\claud\OneDrive\Documentos\NeuroAds\LP\dataconnect`
 {"metadata":{"emulator":{"name":"dataconnect"},"message":"E0506 07:24:56.108692   15908 watch.go:40] Failed to load config from \"c:\\\\Users\\\\claud\\\\OneDrive\\\\Documentos\\\\NeuroAds\\\\LP\\\\dataconnect\": could not find dataconnect.yaml in `c:\\Users\\claud\\OneDrive\\Documentos\\NeuroAds\\LP\\dataconnect`\n"}}
[debug] [2026-05-06T10:25:06.159Z] E0506 07:25:06.108039   15908 watch.go:116] watchAllDir unable to walk dir `c:\Users\claud\OneDrive\Documentos\NeuroAds\LP\dataconnect`: GetFileAttributesEx c:\Users\claud\OneDrive\Documentos\NeuroAds\LP\dataconnect: The system cannot find the file specified.
E0506 07:25:06.108039   15908 watch.go:40] Failed to load config from "c:\\Users\\claud\\OneDrive\\Documentos\\NeuroAds\\LP\\dataconnect": could not find dataconnect.yaml in `c:\Users\claud\OneDrive\Documentos\NeuroAds\LP\dataconnect`
 {"metadata":{"emulator":{"name":"dataconnect"},"message":"E0506 07:25:06.108039   15908 watch.go:116] watchAllDir unable to walk dir `c:\\Users\\claud\\OneDrive\\Documentos\\NeuroAds\\LP\\dataconnect`: GetFileAttributesEx c:\\Users\\claud\\OneDrive\\Documentos\\NeuroAds\\LP\\dataconnect: The system cannot find the file specified.\nE0506 07:25:06.108039   15908 watch.go:40] Failed to load config from \"c:\\\\Users\\\\claud\\\\OneDrive\\\\Documentos\\\\NeuroAds\\\\LP\\\\dataconnect\": could not find dataconnect.yaml in `c:\\Users\\claud\\OneDrive\\Documentos\\NeuroAds\\LP\\dataconnect`\n"}}
[debug] [2026-05-06T10:25:16.172Z] E0506 07:25:16.108504   15908 watch.go:40] Failed to load config from "c:\\Users\\claud\\OneDrive\\Documentos\\NeuroAds\\LP\\dataconnect": could not find dataconnect.yaml in `c:\Users\claud\OneDrive\Documentos\NeuroAds\LP\dataconnect`
 {"metadata":{"emulator":{"name":"dataconnect"},"message":"E0506 07:25:16.108504   15908 watch.go:40] Failed to load config from \"c:\\\\Users\\\\claud\\\\OneDrive\\\\Documentos\\\\NeuroAds\\\\LP\\\\dataconnect\": could not find dataconnect.yaml in `c:\\Users\\claud\\OneDrive\\Documentos\\NeuroAds\\LP\\dataconnect`\n"}}
[debug] [2026-05-06T10:25:26.142Z] E0506 07:25:26.108222   15908 watch.go:40] Failed to load config from "c:\\Users\\claud\\OneDrive\\Documentos\\NeuroAds\\LP\\dataconnect": could not find dataconnect.yaml in `c:\Users\claud\OneDrive\Documentos\NeuroAds\LP\dataconnect`
 {"metadata":{"emulator":{"name":"dataconnect"},"message":"E0506 07:25:26.108222   15908 watch.go:40] Failed to load config from \"c:\\\\Users\\\\claud\\\\OneDrive\\\\Documentos\\\\NeuroAds\\\\LP\\\\dataconnect\": could not find dataconnect.yaml in `c:\\Users\\claud\\OneDrive\\Documentos\\NeuroAds\\LP\\dataconnect`\n"}}
[debug] [2026-05-06T10:25:36.106Z] E0506 07:25:36.108913   15908 watch.go:40] Failed to load config from "c:\\Users\\claud\\OneDrive\\Documentos\\NeuroAds\\LP\\dataconnect": could not find dataconnect.yaml in `c:\Users\claud\OneDrive\Documentos\NeuroAds\LP\dataconnect`
 {"metadata":{"emulator":{"name":"dataconnect"},"message":"E0506 07:25:36.108913   15908 watch.go:40] Failed to load config from \"c:\\\\Users\\\\claud\\\\OneDrive\\\\Documentos\\\\NeuroAds\\\\LP\\\\dataconnect\": could not find dataconnect.yaml in `c:\\Users\\claud\\OneDrive\\Documentos\\NeuroAds\\LP\\dataconnect`\n"}}
[debug] [2026-05-06T10:25:46.591Z] E0506 07:25:46.109982   15908 watch.go:40] Failed to load config from "c:\\Users\\claud\\OneDrive\\Documentos\\NeuroAds\\LP\\dataconnect": could not find dataconnect.yaml in `c:\Users\claud\OneDrive\Documentos\NeuroAds\LP\dataconnect`
 {"metadata":{"emulator":{"name":"dataconnect"},"message":"E0506 07:25:46.109982   15908 watch.go:40] Failed to load config from \"c:\\\\Users\\\\claud\\\\OneDrive\\\\Documentos\\\\NeuroAds\\\\LP\\\\dataconnect\": could not find dataconnect.yaml in `c:\\Users\\claud\\OneDrive\\Documentos\\NeuroAds\\LP\\dataconnect`\n"}}
[debug] [2026-05-06T10:25:56.223Z] E0506 07:25:56.111049   15908 watch.go:40] Failed to load config from "c:\\Users\\claud\\OneDrive\\Documentos\\NeuroAds\\LP\\dataconnect": could not find dataconnect.yaml in `c:\Users\claud\OneDrive\Documentos\NeuroAds\LP\dataconnect`
 {"metadata":{"emulator":{"name":"dataconnect"},"message":"E0506 07:25:56.111049   15908 watch.go:40] Failed to load config from \"c:\\\\Users\\\\claud\\\\OneDrive\\\\Documentos\\\\NeuroAds\\\\LP\\\\dataconnect\": could not find dataconnect.yaml in `c:\\Users\\claud\\OneDrive\\Documentos\\NeuroAds\\LP\\dataconnect`\n"}}
[debug] [2026-05-06T10:26:06.125Z] E0506 07:26:06.108743   15908 watch.go:116] watchAllDir unable to walk dir `c:\Users\claud\OneDrive\Documentos\NeuroAds\LP\dataconnect`: GetFileAttributesEx c:\Users\claud\OneDrive\Documentos\NeuroAds\LP\dataconnect: The system cannot find the file specified.
E0506 07:26:06.109575   15908 watch.go:40] Failed to load config from "c:\\Users\\claud\\OneDrive\\Documentos\\NeuroAds\\LP\\dataconnect": could not find dataconnect.yaml in `c:\Users\claud\OneDrive\Documentos\NeuroAds\LP\dataconnect`
 {"metadata":{"emulator":{"name":"dataconnect"},"message":"E0506 07:26:06.108743   15908 watch.go:116] watchAllDir unable to walk dir `c:\\Users\\claud\\OneDrive\\Documentos\\NeuroAds\\LP\\dataconnect`: GetFileAttributesEx c:\\Users\\claud\\OneDrive\\Documentos\\NeuroAds\\LP\\dataconnect: The system cannot find the file specified.\nE0506 07:26:06.109575   15908 watch.go:40] Failed to load config from \"c:\\\\Users\\\\claud\\\\OneDrive\\\\Documentos\\\\NeuroAds\\\\LP\\\\dataconnect\": could not find dataconnect.yaml in `c:\\Users\\claud\\OneDrive\\Documentos\\NeuroAds\\LP\\dataconnect`\n"}}
[debug] [2026-05-06T10:26:16.254Z] E0506 07:26:16.109027   15908 watch.go:40] Failed to load config from "c:\\Users\\claud\\OneDrive\\Documentos\\NeuroAds\\LP\\dataconnect": could not find dataconnect.yaml in `c:\Users\claud\OneDrive\Documentos\NeuroAds\LP\dataconnect`
 {"metadata":{"emulator":{"name":"dataconnect"},"message":"E0506 07:26:16.109027   15908 watch.go:40] Failed to load config from \"c:\\\\Users\\\\claud\\\\OneDrive\\\\Documentos\\\\NeuroAds\\\\LP\\\\dataconnect\": could not find dataconnect.yaml in `c:\\Users\\claud\\OneDrive\\Documentos\\NeuroAds\\LP\\dataconnect`\n"}}
[debug] [2026-05-06T10:26:26.171Z] E0506 07:26:26.109796   15908 watch.go:40] Failed to load config from "c:\\Users\\claud\\OneDrive\\Documentos\\NeuroAds\\LP\\dataconnect": could not find dataconnect.yaml in `c:\Users\claud\OneDrive\Documentos\NeuroAds\LP\dataconnect`
 {"metadata":{"emulator":{"name":"dataconnect"},"message":"E0506 07:26:26.109796   15908 watch.go:40] Failed to load config from \"c:\\\\Users\\\\claud\\\\OneDrive\\\\Documentos\\\\NeuroAds\\\\LP\\\\dataconnect\": could not find dataconnect.yaml in `c:\\Users\\claud\\OneDrive\\Documentos\\NeuroAds\\LP\\dataconnect`\n"}}
[debug] [2026-05-06T10:26:36.129Z] E0506 07:26:36.108720   15908 watch.go:40] Failed to load config from "c:\\Users\\claud\\OneDrive\\Documentos\\NeuroAds\\LP\\dataconnect": could not find dataconnect.yaml in `c:\Users\claud\OneDrive\Documentos\NeuroAds\LP\dataconnect`
 {"metadata":{"emulator":{"name":"dataconnect"},"message":"E0506 07:26:36.108720   15908 watch.go:40] Failed to load config from \"c:\\\\Users\\\\claud\\\\OneDrive\\\\Documentos\\\\NeuroAds\\\\LP\\\\dataconnect\": could not find dataconnect.yaml in `c:\\Users\\claud\\OneDrive\\Documentos\\NeuroAds\\LP\\dataconnect`\n"}}
[debug] [2026-05-06T10:26:46.140Z] E0506 07:26:46.108357   15908 watch.go:40] Failed to load config from "c:\\Users\\claud\\OneDrive\\Documentos\\NeuroAds\\LP\\dataconnect": could not find dataconnect.yaml in `c:\Users\claud\OneDrive\Documentos\NeuroAds\LP\dataconnect`
 {"metadata":{"emulator":{"name":"dataconnect"},"message":"E0506 07:26:46.108357   15908 watch.go:40] Failed to load config from \"c:\\\\Users\\\\claud\\\\OneDrive\\\\Documentos\\\\NeuroAds\\\\LP\\\\dataconnect\": could not find dataconnect.yaml in `c:\\Users\\claud\\OneDrive\\Documentos\\NeuroAds\\LP\\dataconnect`\n"}}
[debug] [2026-05-06T10:26:56.185Z] E0506 07:26:56.108610   15908 watch.go:40] Failed to load config from "c:\\Users\\claud\\OneDrive\\Documentos\\NeuroAds\\LP\\dataconnect": could not find dataconnect.yaml in `c:\Users\claud\OneDrive\Documentos\NeuroAds\LP\dataconnect`
 {"metadata":{"emulator":{"name":"dataconnect"},"message":"E0506 07:26:56.108610   15908 watch.go:40] Failed to load config from \"c:\\\\Users\\\\claud\\\\OneDrive\\\\Documentos\\\\NeuroAds\\\\LP\\\\dataconnect\": could not find dataconnect.yaml in `c:\\Users\\claud\\OneDrive\\Documentos\\NeuroAds\\LP\\dataconnect`\n"}}
[debug] [2026-05-06T10:27:06.147Z] E0506 07:27:06.108549   15908 watch.go:116] watchAllDir unable to walk dir `c:\Users\claud\OneDrive\Documentos\NeuroAds\LP\dataconnect`: GetFileAttributesEx c:\Users\claud\OneDrive\Documentos\NeuroAds\LP\dataconnect: The system cannot find the file specified.
E0506 07:27:06.108549   15908 watch.go:40] Failed to load config from "c:\\Users\\claud\\OneDrive\\Documentos\\NeuroAds\\LP\\dataconnect": could not find dataconnect.yaml in `c:\Users\claud\OneDrive\Documentos\NeuroAds\LP\dataconnect`
 {"metadata":{"emulator":{"name":"dataconnect"},"message":"E0506 07:27:06.108549   15908 watch.go:116] watchAllDir unable to walk dir `c:\\Users\\claud\\OneDrive\\Documentos\\NeuroAds\\LP\\dataconnect`: GetFileAttributesEx c:\\Users\\claud\\OneDrive\\Documentos\\NeuroAds\\LP\\dataconnect: The system cannot find the file specified.\nE0506 07:27:06.108549   15908 watch.go:40] Failed to load config from \"c:\\\\Users\\\\claud\\\\OneDrive\\\\Documentos\\\\NeuroAds\\\\LP\\\\dataconnect\": could not find dataconnect.yaml in `c:\\Users\\claud\\OneDrive\\Documentos\\NeuroAds\\LP\\dataconnect`\n"}}
[debug] [2026-05-06T10:27:16.189Z] E0506 07:27:16.110520   15908 watch.go:40] Failed to load config from "c:\\Users\\claud\\OneDrive\\Documentos\\NeuroAds\\LP\\dataconnect": could not find dataconnect.yaml in `c:\Users\claud\OneDrive\Documentos\NeuroAds\LP\dataconnect`
 {"metadata":{"emulator":{"name":"dataconnect"},"message":"E0506 07:27:16.110520   15908 watch.go:40] Failed to load config from \"c:\\\\Users\\\\claud\\\\OneDrive\\\\Documentos\\\\NeuroAds\\\\LP\\\\dataconnect\": could not find dataconnect.yaml in `c:\\Users\\claud\\OneDrive\\Documentos\\NeuroAds\\LP\\dataconnect`\n"}}
[debug] [2026-05-06T10:27:26.110Z] E0506 07:27:26.108349   15908 watch.go:40] Failed to load config from "c:\\Users\\claud\\OneDrive\\Documentos\\NeuroAds\\LP\\dataconnect": could not find dataconnect.yaml in `c:\Users\claud\OneDrive\Documentos\NeuroAds\LP\dataconnect`
 {"metadata":{"emulator":{"name":"dataconnect"},"message":"E0506 07:27:26.108349   15908 watch.go:40] Failed to load config from \"c:\\\\Users\\\\claud\\\\OneDrive\\\\Documentos\\\\NeuroAds\\\\LP\\\\dataconnect\": could not find dataconnect.yaml in `c:\\Users\\claud\\OneDrive\\Documentos\\NeuroAds\\LP\\dataconnect`\n"}}
[debug] [2026-05-06T10:27:36.129Z] E0506 07:27:36.109204   15908 watch.go:40] Failed to load config from "c:\\Users\\claud\\OneDrive\\Documentos\\NeuroAds\\LP\\dataconnect": could not find dataconnect.yaml in `c:\Users\claud\OneDrive\Documentos\NeuroAds\LP\dataconnect`
 {"metadata":{"emulator":{"name":"dataconnect"},"message":"E0506 07:27:36.109204   15908 watch.go:40] Failed to load config from \"c:\\\\Users\\\\claud\\\\OneDrive\\\\Documentos\\\\NeuroAds\\\\LP\\\\dataconnect\": could not find dataconnect.yaml in `c:\\Users\\claud\\OneDrive\\Documentos\\NeuroAds\\LP\\dataconnect`\n"}}
[debug] [2026-05-06T10:27:46.128Z] E0506 07:27:46.108840   15908 watch.go:40] Failed to load config from "c:\\Users\\claud\\OneDrive\\Documentos\\NeuroAds\\LP\\dataconnect": could not find dataconnect.yaml in `c:\Users\claud\OneDrive\Documentos\NeuroAds\LP\dataconnect`
 {"metadata":{"emulator":{"name":"dataconnect"},"message":"E0506 07:27:46.108840   15908 watch.go:40] Failed to load config from \"c:\\\\Users\\\\claud\\\\OneDrive\\\\Documentos\\\\NeuroAds\\\\LP\\\\dataconnect\": could not find dataconnect.yaml in `c:\\Users\\claud\\OneDrive\\Documentos\\NeuroAds\\LP\\dataconnect`\n"}}
[debug] [2026-05-06T10:27:56.158Z] E0506 07:27:56.108176   15908 watch.go:40] Failed to load config from "c:\\Users\\claud\\OneDrive\\Documentos\\NeuroAds\\LP\\dataconnect": could not find dataconnect.yaml in `c:\Users\claud\OneDrive\Documentos\NeuroAds\LP\dataconnect`
 {"metadata":{"emulator":{"name":"dataconnect"},"message":"E0506 07:27:56.108176   15908 watch.go:40] Failed to load config from \"c:\\\\Users\\\\claud\\\\OneDrive\\\\Documentos\\\\NeuroAds\\\\LP\\\\dataconnect\": could not find dataconnect.yaml in `c:\\Users\\claud\\OneDrive\\Documentos\\NeuroAds\\LP\\dataconnect`\n"}}
[debug] [2026-05-06T10:28:06.162Z] E0506 07:28:06.108340   15908 watch.go:116] watchAllDir unable to walk dir `c:\Users\claud\OneDrive\Documentos\NeuroAds\LP\dataconnect`: GetFileAttributesEx c:\Users\claud\OneDrive\Documentos\NeuroAds\LP\dataconnect: The system cannot find the file specified.
E0506 07:28:06.108340   15908 watch.go:40] Failed to load config from "c:\\Users\\claud\\OneDrive\\Documentos\\NeuroAds\\LP\\dataconnect": could not find dataconnect.yaml in `c:\Users\claud\OneDrive\Documentos\NeuroAds\LP\dataconnect`
 {"metadata":{"emulator":{"name":"dataconnect"},"message":"E0506 07:28:06.108340   15908 watch.go:116] watchAllDir unable to walk dir `c:\\Users\\claud\\OneDrive\\Documentos\\NeuroAds\\LP\\dataconnect`: GetFileAttributesEx c:\\Users\\claud\\OneDrive\\Documentos\\NeuroAds\\LP\\dataconnect: The system cannot find the file specified.\nE0506 07:28:06.108340   15908 watch.go:40] Failed to load config from \"c:\\\\Users\\\\claud\\\\OneDrive\\\\Documentos\\\\NeuroAds\\\\LP\\\\dataconnect\": could not find dataconnect.yaml in `c:\\Users\\claud\\OneDrive\\Documentos\\NeuroAds\\LP\\dataconnect`\n"}}
[debug] [2026-05-06T10:28:16.131Z] E0506 07:28:16.108235   15908 watch.go:40] Failed to load config from "c:\\Users\\claud\\OneDrive\\Documentos\\NeuroAds\\LP\\dataconnect": could not find dataconnect.yaml in `c:\Users\claud\OneDrive\Documentos\NeuroAds\LP\dataconnect`
 {"metadata":{"emulator":{"name":"dataconnect"},"message":"E0506 07:28:16.108235   15908 watch.go:40] Failed to load config from \"c:\\\\Users\\\\claud\\\\OneDrive\\\\Documentos\\\\NeuroAds\\\\LP\\\\dataconnect\": could not find dataconnect.yaml in `c:\\Users\\claud\\OneDrive\\Documentos\\NeuroAds\\LP\\dataconnect`\n"}}
[debug] [2026-05-06T10:28:26.141Z] E0506 07:28:26.108050   15908 watch.go:40] Failed to load config from "c:\\Users\\claud\\OneDrive\\Documentos\\NeuroAds\\LP\\dataconnect": could not find dataconnect.yaml in `c:\Users\claud\OneDrive\Documentos\NeuroAds\LP\dataconnect`
 {"metadata":{"emulator":{"name":"dataconnect"},"message":"E0506 07:28:26.108050   15908 watch.go:40] Failed to load config from \"c:\\\\Users\\\\claud\\\\OneDrive\\\\Documentos\\\\NeuroAds\\\\LP\\\\dataconnect\": could not find dataconnect.yaml in `c:\\Users\\claud\\OneDrive\\Documentos\\NeuroAds\\LP\\dataconnect`\n"}}
[debug] [2026-05-06T10:28:36.150Z] E0506 07:28:36.108808   15908 watch.go:40] Failed to load config from "c:\\Users\\claud\\OneDrive\\Documentos\\NeuroAds\\LP\\dataconnect": could not find dataconnect.yaml in `c:\Users\claud\OneDrive\Documentos\NeuroAds\LP\dataconnect`
 {"metadata":{"emulator":{"name":"dataconnect"},"message":"E0506 07:28:36.108808   15908 watch.go:40] Failed to load config from \"c:\\\\Users\\\\claud\\\\OneDrive\\\\Documentos\\\\NeuroAds\\\\LP\\\\dataconnect\": could not find dataconnect.yaml in `c:\\Users\\claud\\OneDrive\\Documentos\\NeuroAds\\LP\\dataconnect`\n"}}
[debug] [2026-05-06T10:28:46.157Z] E0506 07:28:46.108119   15908 watch.go:40] Failed to load config from "c:\\Users\\claud\\OneDrive\\Documentos\\NeuroAds\\LP\\dataconnect": could not find dataconnect.yaml in `c:\Users\claud\OneDrive\Documentos\NeuroAds\LP\dataconnect`
 {"metadata":{"emulator":{"name":"dataconnect"},"message":"E0506 07:28:46.108119   15908 watch.go:40] Failed to load config from \"c:\\\\Users\\\\claud\\\\OneDrive\\\\Documentos\\\\NeuroAds\\\\LP\\\\dataconnect\": could not find dataconnect.yaml in `c:\\Users\\claud\\OneDrive\\Documentos\\NeuroAds\\LP\\dataconnect`\n"}}
[debug] [2026-05-06T10:28:56.111Z] E0506 07:28:56.108081   15908 watch.go:40] Failed to load config from "c:\\Users\\claud\\OneDrive\\Documentos\\NeuroAds\\LP\\dataconnect": could not find dataconnect.yaml in `c:\Users\claud\OneDrive\Documentos\NeuroAds\LP\dataconnect`
 {"metadata":{"emulator":{"name":"dataconnect"},"message":"E0506 07:28:56.108081   15908 watch.go:40] Failed to load config from \"c:\\\\Users\\\\claud\\\\OneDrive\\\\Documentos\\\\NeuroAds\\\\LP\\\\dataconnect\": could not find dataconnect.yaml in `c:\\Users\\claud\\OneDrive\\Documentos\\NeuroAds\\LP\\dataconnect`\n"}}
[debug] [2026-05-06T10:29:06.108Z] E0506 07:29:06.108273   15908 watch.go:116] watchAllDir unable to walk dir `c:\Users\claud\OneDrive\Documentos\NeuroAds\LP\dataconnect`: GetFileAttributesEx c:\Users\claud\OneDrive\Documentos\NeuroAds\LP\dataconnect: The system cannot find the file specified.
E0506 07:29:06.108922   15908 watch.go:40] Failed to load config from "c:\\Users\\claud\\OneDrive\\Documentos\\NeuroAds\\LP\\dataconnect": could not find dataconnect.yaml in `c:\Users\claud\OneDrive\Documentos\NeuroAds\LP\dataconnect`
 {"metadata":{"emulator":{"name":"dataconnect"},"message":"E0506 07:29:06.108273   15908 watch.go:116] watchAllDir unable to walk dir `c:\\Users\\claud\\OneDrive\\Documentos\\NeuroAds\\LP\\dataconnect`: GetFileAttributesEx c:\\Users\\claud\\OneDrive\\Documentos\\NeuroAds\\LP\\dataconnect: The system cannot find the file specified.\nE0506 07:29:06.108922   15908 watch.go:40] Failed to load config from \"c:\\\\Users\\\\claud\\\\OneDrive\\\\Documentos\\\\NeuroAds\\\\LP\\\\dataconnect\": could not find dataconnect.yaml in `c:\\Users\\claud\\OneDrive\\Documentos\\NeuroAds\\LP\\dataconnect`\n"}}
[debug] [2026-05-06T10:29:16.110Z] E0506 07:29:16.108186   15908 watch.go:40] Failed to load config from "c:\\Users\\claud\\OneDrive\\Documentos\\NeuroAds\\LP\\dataconnect": could not find dataconnect.yaml in `c:\Users\claud\OneDrive\Documentos\NeuroAds\LP\dataconnect`
 {"metadata":{"emulator":{"name":"dataconnect"},"message":"E0506 07:29:16.108186   15908 watch.go:40] Failed to load config from \"c:\\\\Users\\\\claud\\\\OneDrive\\\\Documentos\\\\NeuroAds\\\\LP\\\\dataconnect\": could not find dataconnect.yaml in `c:\\Users\\claud\\OneDrive\\Documentos\\NeuroAds\\LP\\dataconnect`\n"}}
[debug] [2026-05-06T10:29:26.156Z] E0506 07:29:26.108952   15908 watch.go:40] Failed to load config from "c:\\Users\\claud\\OneDrive\\Documentos\\NeuroAds\\LP\\dataconnect": could not find dataconnect.yaml in `c:\Users\claud\OneDrive\Documentos\NeuroAds\LP\dataconnect`
 {"metadata":{"emulator":{"name":"dataconnect"},"message":"E0506 07:29:26.108952   15908 watch.go:40] Failed to load config from \"c:\\\\Users\\\\claud\\\\OneDrive\\\\Documentos\\\\NeuroAds\\\\LP\\\\dataconnect\": could not find dataconnect.yaml in `c:\\Users\\claud\\OneDrive\\Documentos\\NeuroAds\\LP\\dataconnect`\n"}}
[debug] [2026-05-06T10:29:36.202Z] E0506 07:29:36.109121   15908 watch.go:40] Failed to load config from "c:\\Users\\claud\\OneDrive\\Documentos\\NeuroAds\\LP\\dataconnect": could not find dataconnect.yaml in `c:\Users\claud\OneDrive\Documentos\NeuroAds\LP\dataconnect`
 {"metadata":{"emulator":{"name":"dataconnect"},"message":"E0506 07:29:36.109121   15908 watch.go:40] Failed to load config from \"c:\\\\Users\\\\claud\\\\OneDrive\\\\Documentos\\\\NeuroAds\\\\LP\\\\dataconnect\": could not find dataconnect.yaml in `c:\\Users\\claud\\OneDrive\\Documentos\\NeuroAds\\LP\\dataconnect`\n"}}
[debug] [2026-05-06T10:29:46.120Z] E0506 07:29:46.108063   15908 watch.go:40] Failed to load config from "c:\\Users\\claud\\OneDrive\\Documentos\\NeuroAds\\LP\\dataconnect": could not find dataconnect.yaml in `c:\Users\claud\OneDrive\Documentos\NeuroAds\LP\dataconnect`
 {"metadata":{"emulator":{"name":"dataconnect"},"message":"E0506 07:29:46.108063   15908 watch.go:40] Failed to load config from \"c:\\\\Users\\\\claud\\\\OneDrive\\\\Documentos\\\\NeuroAds\\\\LP\\\\dataconnect\": could not find dataconnect.yaml in `c:\\Users\\claud\\OneDrive\\Documentos\\NeuroAds\\LP\\dataconnect`\n"}}
[debug] [2026-05-06T10:29:56.194Z] E0506 07:29:56.108835   15908 watch.go:40] Failed to load config from "c:\\Users\\claud\\OneDrive\\Documentos\\NeuroAds\\LP\\dataconnect": could not find dataconnect.yaml in `c:\Users\claud\OneDrive\Documentos\NeuroAds\LP\dataconnect`
 {"metadata":{"emulator":{"name":"dataconnect"},"message":"E0506 07:29:56.108835   15908 watch.go:40] Failed to load config from \"c:\\\\Users\\\\claud\\\\OneDrive\\\\Documentos\\\\NeuroAds\\\\LP\\\\dataconnect\": could not find dataconnect.yaml in `c:\\Users\\claud\\OneDrive\\Documentos\\NeuroAds\\LP\\dataconnect`\n"}}
[debug] [2026-05-06T10:30:06.153Z] E0506 07:30:06.108046   15908 watch.go:116] watchAllDir unable to walk dir `c:\Users\claud\OneDrive\Documentos\NeuroAds\LP\dataconnect`: GetFileAttributesEx c:\Users\claud\OneDrive\Documentos\NeuroAds\LP\dataconnect: The system cannot find the file specified.
E0506 07:30:06.108046   15908 watch.go:40] Failed to load config from "c:\\Users\\claud\\OneDrive\\Documentos\\NeuroAds\\LP\\dataconnect": could not find dataconnect.yaml in `c:\Users\claud\OneDrive\Documentos\NeuroAds\LP\dataconnect`
 {"metadata":{"emulator":{"name":"dataconnect"},"message":"E0506 07:30:06.108046   15908 watch.go:116] watchAllDir unable to walk dir `c:\\Users\\claud\\OneDrive\\Documentos\\NeuroAds\\LP\\dataconnect`: GetFileAttributesEx c:\\Users\\claud\\OneDrive\\Documentos\\NeuroAds\\LP\\dataconnect: The system cannot find the file specified.\nE0506 07:30:06.108046   15908 watch.go:40] Failed to load config from \"c:\\\\Users\\\\claud\\\\OneDrive\\\\Documentos\\\\NeuroAds\\\\LP\\\\dataconnect\": could not find dataconnect.yaml in `c:\\Users\\claud\\OneDrive\\Documentos\\NeuroAds\\LP\\dataconnect`\n"}}
[debug] [2026-05-06T10:30:16.142Z] E0506 07:30:16.108921   15908 watch.go:40] Failed to load config from "c:\\Users\\claud\\OneDrive\\Documentos\\NeuroAds\\LP\\dataconnect": could not find dataconnect.yaml in `c:\Users\claud\OneDrive\Documentos\NeuroAds\LP\dataconnect`
 {"metadata":{"emulator":{"name":"dataconnect"},"message":"E0506 07:30:16.108921   15908 watch.go:40] Failed to load config from \"c:\\\\Users\\\\claud\\\\OneDrive\\\\Documentos\\\\NeuroAds\\\\LP\\\\dataconnect\": could not find dataconnect.yaml in `c:\\Users\\claud\\OneDrive\\Documentos\\NeuroAds\\LP\\dataconnect`\n"}}
[debug] [2026-05-06T10:30:26.112Z] E0506 07:30:26.108365   15908 watch.go:40] Failed to load config from "c:\\Users\\claud\\OneDrive\\Documentos\\NeuroAds\\LP\\dataconnect": could not find dataconnect.yaml in `c:\Users\claud\OneDrive\Documentos\NeuroAds\LP\dataconnect`
 {"metadata":{"emulator":{"name":"dataconnect"},"message":"E0506 07:30:26.108365   15908 watch.go:40] Failed to load config from \"c:\\\\Users\\\\claud\\\\OneDrive\\\\Documentos\\\\NeuroAds\\\\LP\\\\dataconnect\": could not find dataconnect.yaml in `c:\\Users\\claud\\OneDrive\\Documentos\\NeuroAds\\LP\\dataconnect`\n"}}
[debug] [2026-05-06T10:30:36.124Z] E0506 07:30:36.108994   15908 watch.go:40] Failed to load config from "c:\\Users\\claud\\OneDrive\\Documentos\\NeuroAds\\LP\\dataconnect": could not find dataconnect.yaml in `c:\Users\claud\OneDrive\Documentos\NeuroAds\LP\dataconnect`
 {"metadata":{"emulator":{"name":"dataconnect"},"message":"E0506 07:30:36.108994   15908 watch.go:40] Failed to load config from \"c:\\\\Users\\\\claud\\\\OneDrive\\\\Documentos\\\\NeuroAds\\\\LP\\\\dataconnect\": could not find dataconnect.yaml in `c:\\Users\\claud\\OneDrive\\Documentos\\NeuroAds\\LP\\dataconnect`\n"}}
[debug] [2026-05-06T10:30:46.113Z] E0506 07:30:46.108804   15908 watch.go:40] Failed to load config from "c:\\Users\\claud\\OneDrive\\Documentos\\NeuroAds\\LP\\dataconnect": could not find dataconnect.yaml in `c:\Users\claud\OneDrive\Documentos\NeuroAds\LP\dataconnect`
 {"metadata":{"emulator":{"name":"dataconnect"},"message":"E0506 07:30:46.108804   15908 watch.go:40] Failed to load config from \"c:\\\\Users\\\\claud\\\\OneDrive\\\\Documentos\\\\NeuroAds\\\\LP\\\\dataconnect\": could not find dataconnect.yaml in `c:\\Users\\claud\\OneDrive\\Documentos\\NeuroAds\\LP\\dataconnect`\n"}}
[debug] [2026-05-06T10:30:56.148Z] E0506 07:30:56.113551   15908 watch.go:40] Failed to load config from "c:\\Users\\claud\\OneDrive\\Documentos\\NeuroAds\\LP\\dataconnect": could not find dataconnect.yaml in `c:\Users\claud\OneDrive\Documentos\NeuroAds\LP\dataconnect`
 {"metadata":{"emulator":{"name":"dataconnect"},"message":"E0506 07:30:56.113551   15908 watch.go:40] Failed to load config from \"c:\\\\Users\\\\claud\\\\OneDrive\\\\Documentos\\\\NeuroAds\\\\LP\\\\dataconnect\": could not find dataconnect.yaml in `c:\\Users\\claud\\OneDrive\\Documentos\\NeuroAds\\LP\\dataconnect`\n"}}
[debug] [2026-05-06T10:31:06.167Z] E0506 07:31:06.108571   15908 watch.go:116] watchAllDir unable to walk dir `c:\Users\claud\OneDrive\Documentos\NeuroAds\LP\dataconnect`: GetFileAttributesEx c:\Users\claud\OneDrive\Documentos\NeuroAds\LP\dataconnect: The system cannot find the file specified.
E0506 07:31:06.109251   15908 watch.go:40] Failed to load config from "c:\\Users\\claud\\OneDrive\\Documentos\\NeuroAds\\LP\\dataconnect": could not find dataconnect.yaml in `c:\Users\claud\OneDrive\Documentos\NeuroAds\LP\dataconnect`
 {"metadata":{"emulator":{"name":"dataconnect"},"message":"E0506 07:31:06.108571   15908 watch.go:116] watchAllDir unable to walk dir `c:\\Users\\claud\\OneDrive\\Documentos\\NeuroAds\\LP\\dataconnect`: GetFileAttributesEx c:\\Users\\claud\\OneDrive\\Documentos\\NeuroAds\\LP\\dataconnect: The system cannot find the file specified.\nE0506 07:31:06.109251   15908 watch.go:40] Failed to load config from \"c:\\\\Users\\\\claud\\\\OneDrive\\\\Documentos\\\\NeuroAds\\\\LP\\\\dataconnect\": could not find dataconnect.yaml in `c:\\Users\\claud\\OneDrive\\Documentos\\NeuroAds\\LP\\dataconnect`\n"}}
[debug] [2026-05-06T10:31:16.151Z] E0506 07:31:16.108626   15908 watch.go:40] Failed to load config from "c:\\Users\\claud\\OneDrive\\Documentos\\NeuroAds\\LP\\dataconnect": could not find dataconnect.yaml in `c:\Users\claud\OneDrive\Documentos\NeuroAds\LP\dataconnect`
 {"metadata":{"emulator":{"name":"dataconnect"},"message":"E0506 07:31:16.108626   15908 watch.go:40] Failed to load config from \"c:\\\\Users\\\\claud\\\\OneDrive\\\\Documentos\\\\NeuroAds\\\\LP\\\\dataconnect\": could not find dataconnect.yaml in `c:\\Users\\claud\\OneDrive\\Documentos\\NeuroAds\\LP\\dataconnect`\n"}}
[debug] [2026-05-06T10:31:26.136Z] E0506 07:31:26.108270   15908 watch.go:40] Failed to load config from "c:\\Users\\claud\\OneDrive\\Documentos\\NeuroAds\\LP\\dataconnect": could not find dataconnect.yaml in `c:\Users\claud\OneDrive\Documentos\NeuroAds\LP\dataconnect`
 {"metadata":{"emulator":{"name":"dataconnect"},"message":"E0506 07:31:26.108270   15908 watch.go:40] Failed to load config from \"c:\\\\Users\\\\claud\\\\OneDrive\\\\Documentos\\\\NeuroAds\\\\LP\\\\dataconnect\": could not find dataconnect.yaml in `c:\\Users\\claud\\OneDrive\\Documentos\\NeuroAds\\LP\\dataconnect`\n"}}
[debug] [2026-05-06T10:31:36.180Z] E0506 07:31:36.109804   15908 watch.go:40] Failed to load config from "c:\\Users\\claud\\OneDrive\\Documentos\\NeuroAds\\LP\\dataconnect": could not find dataconnect.yaml in `c:\Users\claud\OneDrive\Documentos\NeuroAds\LP\dataconnect`
 {"metadata":{"emulator":{"name":"dataconnect"},"message":"E0506 07:31:36.109804   15908 watch.go:40] Failed to load config from \"c:\\\\Users\\\\claud\\\\OneDrive\\\\Documentos\\\\NeuroAds\\\\LP\\\\dataconnect\": could not find dataconnect.yaml in `c:\\Users\\claud\\OneDrive\\Documentos\\NeuroAds\\LP\\dataconnect`\n"}}
[debug] [2026-05-06T10:31:46.161Z] E0506 07:31:46.109130   15908 watch.go:40] Failed to load config from "c:\\Users\\claud\\OneDrive\\Documentos\\NeuroAds\\LP\\dataconnect": could not find dataconnect.yaml in `c:\Users\claud\OneDrive\Documentos\NeuroAds\LP\dataconnect`
 {"metadata":{"emulator":{"name":"dataconnect"},"message":"E0506 07:31:46.109130   15908 watch.go:40] Failed to load config from \"c:\\\\Users\\\\claud\\\\OneDrive\\\\Documentos\\\\NeuroAds\\\\LP\\\\dataconnect\": could not find dataconnect.yaml in `c:\\Users\\claud\\OneDrive\\Documentos\\NeuroAds\\LP\\dataconnect`\n"}}
[debug] [2026-05-06T10:31:56.148Z] E0506 07:31:56.108225   15908 watch.go:40] Failed to load config from "c:\\Users\\claud\\OneDrive\\Documentos\\NeuroAds\\LP\\dataconnect": could not find dataconnect.yaml in `c:\Users\claud\OneDrive\Documentos\NeuroAds\LP\dataconnect`
 {"metadata":{"emulator":{"name":"dataconnect"},"message":"E0506 07:31:56.108225   15908 watch.go:40] Failed to load config from \"c:\\\\Users\\\\claud\\\\OneDrive\\\\Documentos\\\\NeuroAds\\\\LP\\\\dataconnect\": could not find dataconnect.yaml in `c:\\Users\\claud\\OneDrive\\Documentos\\NeuroAds\\LP\\dataconnect`\n"}}
